ca65 V2.19 - Git 7ff3dfd
Main file   : asm/banks/prg_17.asm
Current file: asm/banks/prg_17.asm

000000r 1               ;===============================================================================
000000r 1               ; PRG Bank $17 - $A000-$BFFF
000000r 1               ; Sangokushi 2 - Haou no Tairiku (J)
000000r 1               ; Namco-163 Mapper 19
000000r 1               ;
000000r 1               ; Paired with bank $18 ($C000-$DFFF). Loaded together via SwitchBankAC_A/B.
000000r 1               ; Y=$37 -> bank $17@$A000, bank $18@$C000
000000r 1               ;===============================================================================
000000r 1               
000000r 1               .include "6502_registers.h"
000000r 2               ;===============================================================================
000000r 2               ; 6502 CPU Registers and Zero Page Definitions
000000r 2               ;===============================================================================
000000r 2               
000000r 2               ; PPU Registers
000000r 2               PPU_CTRL        = $2000
000000r 2               PPU_MASK        = $2001
000000r 2               PPU_STATUS      = $2002
000000r 2               PPU_OAM_ADDR    = $2003
000000r 2               PPU_OAM_DATA    = $2004
000000r 2               PPU_SCROLL      = $2005
000000r 2               PPU_ADDR        = $2006
000000r 2               PPU_DATA        = $2007
000000r 2               
000000r 2               ; APU and I/O Registers
000000r 2               APU_PULSE1_VOL  = $4000
000000r 2               APU_PULSE1_SWEEP = $4001
000000r 2               APU_PULSE1_LO   = $4002
000000r 2               APU_PULSE1_HI   = $4003
000000r 2               APU_PULSE2_VOL  = $4004
000000r 2               APU_PULSE2_SWEEP = $4005
000000r 2               APU_PULSE2_LO   = $4006
000000r 2               APU_PULSE2_HI   = $4007
000000r 2               APU_TRI_LINEAR  = $4008
000000r 2               APU_TRI_LO      = $400A
000000r 2               APU_TRI_HI      = $400B
000000r 2               APU_NOISE_VOL   = $400C
000000r 2               APU_NOISE_LO    = $400E
000000r 2               APU_NOISE_HI    = $400F
000000r 2               APU_DMC_FREQ    = $4010
000000r 2               APU_DMC_RAW     = $4011
000000r 2               APU_DMC_START   = $4012
000000r 2               APU_DMC_LEN     = $4013
000000r 2               APU_OAM_DMA     = $4014
000000r 2               APU_SND_CHN     = $4015
000000r 2               APU_JOY1        = $4016
000000r 2               APU_JOY2        = $4017
000000r 2               APU_FRAME       = $4017
000000r 2               
000000r 2               ; Namco-163 Registers
000000r 2               NAMCO_IRQ       = $4800
000000r 2               NAMCO_SOUND     = $4800
000000r 2               
000000r 2               ; Namco-163 PRG Bank Switching (mirrors defined in namco163.h)
000000r 2               ; Writing to these addresses switches 8KB PRG banks
000000r 2               PRG_BANK_8000   = $E000
000000r 2               PRG_BANK_A000   = $E800
000000r 2               PRG_BANK_C000   = $F000
000000r 2               
000000r 2               ;===============================================================================
000000r 2               ; PPU Control Bits
000000r 2               ;===============================================================================
000000r 2               PPU_CTRL_NMI        = %10000000  ; Enable NMI
000000r 2               PPU_CTRL_PPM        = %01000000  ; PPU master/slave
000000r 2               PPU_CTRL_SPR_8      = %00000000  ; 8x8 sprites
000000r 2               PPU_CTRL_SPR_16     = %00100000  ; 8x16 sprites
000000r 2               PPU_CTRL_BG_0       = %00000000  ; BG pattern table $0000
000000r 2               PPU_CTRL_BG_1       = %00001000  ; BG pattern table $1000
000000r 2               PPU_CTRL_SPR_0      = %00000000  ; SPR pattern table $0000
000000r 2               PPU_CTRL_SPR_1      = %00000100  ; SPR pattern table $1000
000000r 2               PPU_CTRL_INC_1      = %00000000  ; VRAM address +1
000000r 2               PPU_CTRL_INC_32     = %00000010  ; VRAM address +32
000000r 2               PPU_CTRL_NT_0       = %00000000  ; Nametable $2000
000000r 2               PPU_CTRL_NT_1       = %00000001  ; Nametable $2400
000000r 2               PPU_CTRL_NT_2       = %00000010  ; Nametable $2800
000000r 2               PPU_CTRL_NT_3       = %00000011  ; Nametable $2C00
000000r 2               
000000r 2               ;===============================================================================
000000r 2               ; PPU Mask Bits
000000r 2               ;===============================================================================
000000r 2               PPU_MASK_EMPHASIS_BLUE  = %00100000
000000r 2               PPU_MASK_EMPHASIS_GREEN = %00010000
000000r 2               PPU_MASK_EMPHASIS_RED   = %00001000
000000r 2               PPU_MASK_SPRITES_VISIBLE = %00000100
000000r 2               PPU_MASK_BG_VISIBLE     = %00000010
000000r 2               PPU_MASK_SPRITE_CLIP    = %00000001
000000r 2               PPU_MASK_BG_CLIP        = %00000010
000000r 2               
000000r 2               ;===============================================================================
000000r 2               ; PPU Status Bits
000000r 2               ;===============================================================================
000000r 2               PPU_STATUS_VBLANK     = %10000000
000000r 2               PPU_STATUS_SPRITE0    = %01000000
000000r 2               PPU_STATUS_OVERFLOW   = %00100000
000000r 2               PPU_STATUS_VRAM_WRITE = %00010000
000000r 2               
000000r 1               .include "namco163.h"
000000r 2               ;===============================================================================
000000r 2               ; Namco-163 Mapper Definitions
000000r 2               ; Sangokushi 2 - Haou no Tairiku uses Namco-163 (Mapper 19)
000000r 2               ;===============================================================================
000000r 2               
000000r 2               ; Namco-163 PRG ROM Configuration
000000r 2               ; Total PRG ROM: 32 banks x 8KB = 256KB
000000r 2               ; Banks are 8KB each, mapped to $8000-$FFFF
000000r 2               
000000r 2               ; Namco-163 CHR Bank Registers (1KB CHR windows for nametable tile banks)
000000r 2               NAMCO_CHR_BANK_0  = $C000  ; CHR bank 0 - NT slot 0
000000r 2               NAMCO_CHR_BANK_1  = $C800  ; CHR bank 1 - NT slot 1
000000r 2               NAMCO_CHR_BANK_2  = $D000  ; CHR bank 2 - NT slot 2
000000r 2               NAMCO_CHR_BANK_3  = $D800  ; CHR bank 3 - NT slot 3
000000r 2               
000000r 2               ; Namco-163 CHR Bank Registers - Primary Set (8 x 1KB pattern table slots)
000000r 2               NAMCO163_CHR_0    = $8000  ; CHR slot 0 -> PPU $0000-$03FF
000000r 2               NAMCO163_CHR_1    = $8800  ; CHR slot 1 -> PPU $0400-$07FF
000000r 2               NAMCO163_CHR_2    = $9000  ; CHR slot 2 -> PPU $0800-$0BFF
000000r 2               NAMCO163_CHR_3    = $9800  ; CHR slot 3 -> PPU $0C00-$0FFF
000000r 2               NAMCO163_CHR_4    = $A000  ; CHR slot 4 -> PPU $1000-$13FF
000000r 2               NAMCO163_CHR_5    = $A800  ; CHR slot 5 -> PPU $1400-$17FF
000000r 2               NAMCO163_CHR_6    = $B000  ; CHR slot 6 -> PPU $1800-$1BFF
000000r 2               NAMCO163_CHR_7    = $B800  ; CHR slot 7 -> PPU $1C00-$1FFF
000000r 2               
000000r 2               ; Namco-163 PRG Bank Switching Registers (8KB PRG windows)
000000r 2               NAMCO_PRG_8000    = $E000  ; Switch PRG bank at $8000-$9FFF
000000r 2               NAMCO_PRG_A000    = $E800  ; Switch PRG bank at $A000-$BFFF (ORA #$C0 to disable CHR-RAM)
000000r 2               NAMCO_PRG_C000    = $F000  ; Switch PRG bank at $C000-$DFFF
000000r 2               NAMCO_PRG_8000_ALT = $F800 ; Alternate/mirror for PRG $8000; also Namco control register
000000r 2               
000000r 2               ; Namco-163 Control Register
000000r 2               NAMCO_CTRL        = $F800  ; Sound/IRQ control (same address as PRG_8000_ALT)
000000r 2               
000000r 2               ; Namco-163 Address/Control Port ($4800)
000000r 2               ; Shared by sound and IRQ subsystems: write register index here first
000000r 2               NAMCO163_ADDR     = $4800  ; Namco-163 register address port
000000r 2               NAMCO_IRQ_COUNTER = $4800  ; IRQ counter (alias)
000000r 2               NAMCO_SOUND_ADDR  = $4800  ; Sound register address (alias)
000000r 2               
000000r 2               ; Namco-163 Data Ports ($5000/$5800)
000000r 2               ; After writing address to $4800, read/write data through these
000000r 2               NAMCO163_DATA_LO  = $5000  ; Data port low byte
000000r 2               NAMCO163_DATA_HI  = $5800  ; Data port high byte
000000r 2               ; Sound aliases
000000r 2               NAMCO_SOUND_DATA_LO = $5000  ; Sound data low byte
000000r 2               NAMCO_SOUND_DATA_HI = $5800  ; Sound data high byte
000000r 2               ; IRQ aliases
000000r 2               NAMCO_IRQ_LO      = $5000  ; IRQ counter low byte
000000r 2               NAMCO_IRQ_HI      = $5800  ; IRQ counter high byte
000000r 2               
000000r 2               ; Number of PRG banks
000000r 2               NUM_PRG_BANKS     = 32
000000r 2               
000000r 2               ; Bank indices
000000r 2               BANK_00           = $00
000000r 2               BANK_01           = $01
000000r 2               BANK_02           = $02
000000r 2               BANK_03           = $03
000000r 2               BANK_04           = $04
000000r 2               BANK_05           = $05
000000r 2               BANK_06           = $06
000000r 2               BANK_07           = $07
000000r 2               BANK_08           = $08
000000r 2               BANK_09           = $09
000000r 2               BANK_0A           = $0A
000000r 2               BANK_0B           = $0B
000000r 2               BANK_0C           = $0C
000000r 2               BANK_0D           = $0D
000000r 2               BANK_0E           = $0E
000000r 2               BANK_0F           = $0F
000000r 2               BANK_10           = $10
000000r 2               BANK_11           = $11
000000r 2               BANK_12           = $12
000000r 2               BANK_13           = $13
000000r 2               BANK_14           = $14
000000r 2               BANK_15           = $15
000000r 2               BANK_16           = $16
000000r 2               BANK_17           = $17
000000r 2               BANK_18           = $18
000000r 2               BANK_19           = $19
000000r 2               BANK_1A           = $1A
000000r 2               BANK_1B           = $1B
000000r 2               BANK_1C           = $1C
000000r 2               BANK_1D           = $1D
000000r 2               BANK_1E           = $1E
000000r 2               BANK_1F           = $1F
000000r 2               
000000r 2               ;===============================================================================
000000r 2               ; Bank Switching Macros
000000r 2               ;===============================================================================
000000r 2               
000000r 2               .macro switch_bank_8000 bank
000000r 2                   LDA #bank
000000r 2                   STA NAMCO_PRG_8000
000000r 2               .endmacro
000000r 2               
000000r 2               .macro switch_bank_A000 bank
000000r 2                   LDA #bank
000000r 2                   STA NAMCO_PRG_A000
000000r 2               .endmacro
000000r 2               
000000r 2               .macro switch_bank_C000 bank
000000r 2                   LDA #bank
000000r 2                   STA NAMCO_PRG_C000
000000r 2               .endmacro
000000r 2               
000000r 2               
000000r 1               .include "functions.h"
000000r 2               ;===============================================================================
000000r 2               ; functions.h - Symbolic Function and Data Label Definitions
000000r 2               ; Sangokushi 2 - Haou no Tairiku (J) / Namco-163 (Mapper 19)
000000r 2               ;
000000r 2               ; Defines symbolic names for all known functions and data labels.
000000r 2               ; Include from any .asm file:  .include "functions.h"
000000r 2               ;
000000r 2               ; Naming Convention: BXX_FunctionName
000000r 2               ;   XX = PRG bank number (hex, $00-$1F)
000000r 2               ;   Bank $1F symbols are at fixed addresses $E000-$FFFF
000000r 2               ;   Banked symbols ($8000-$DFFF) share CPU addresses across banks
000000r 2               ;
000000r 2               ; ca65 allows multiple symbols with the same value:
000000r 2               ;   B04_Init = $A000 and B08_Init = $A000 are both valid
000000r 2               ;===============================================================================
000000r 2               
000000r 2               ;===============================================================================
000000r 2               ; SECTION 1: Bank $1F - Fixed Code ($E000-$FFFF)
000000r 2               ; Always mapped to $E000-$FFFF (PRG slot 3)
000000r 2               ;===============================================================================
000000r 2               
000000r 2               ;-------------------------------------------------------------------------------
000000r 2               ; 1A: Reset and State Machine
000000r 2               ;-------------------------------------------------------------------------------
000000r 2               B1F_Reset                 = $E000   ; Reset handler: SEI, CLD, RAM clear, init
000000r 2               B1F_StateDispatch         = $E066   ; Jump to handler via VectorTable[game_state]
000000r 2               B1F_VectorTable           = $E07C   ; State dispatch table (15 entries, 2 bytes each)
000000r 2               B1F_State_SystemInit      = $E09A   ; State 0: System init, PPU setup, -> state 9
000000r 2               B1F_State_NewGameInit     = $E0DA   ; State 1: New game init, SRAM, music $81
000000r 2               B1F_State_RandomDisplay2A = $E17D   ; State 2: Random + display (Y=$2A)
000000r 2               B1F_State_KingdomSelect   = $E18B   ; State 3: Kingdom select, scenario/normal
000000r 2               B1F_State_RandomDisplay28 = $E221   ; State 4: Random + display (Y=$28)
000000r 2               B1F_State_DomesticAffairs = $E22F   ; State 5: Domestic affairs, action select
000000r 2               B1F_DomesticActionLookup  = $E29C   ; Domestic action display by $0544
000000r 2               B1F_DomesticGraphicPtrs   = $E2C2   ; 7 graphic pointers for domestic actions
000000r 2               B1F_DomesticBaseDataPtrs  = $E2D0   ; Base data pointers for domestic display
000000r 2               B1F_DomesticSpriteYPos    = $E2DE   ; Sprite Y position table (4 bytes)
000000r 2               B1F_State_RandomAdvance1  = $E2E2   ; State 6: Pure RNG advance
000000r 2               B1F_State_BattlePhase     = $E2E8   ; State 7: Battle phase, army status
000000r 2               B1F_State_RandomAdvance2  = $E36A   ; State 8: Pure RNG advance
000000r 2               B1F_DisplayInit           = $E370   ; Display init: window clear + bank display
000000r 2               B1F_State_TerritoryView   = $E37C   ; State 9: Territory/map view
000000r 2               B1F_State_IdleWait        = $E3EB   ; State 10/12/14: Idle wait, JMP dispatch
000000r 2               B1F_State_AdvisorCouncil  = $E3EE   ; State 11: Advisor/council dialogue
000000r 2               B1F_State_TurnSummary     = $E46A   ; State 13: Turn summary/report
000000r 2               B1F_FrameInit             = $E4DA   ; Per-frame setup: PPU, bank, clear RAM
000000r 2               
000000r 2               ;-------------------------------------------------------------------------------
000000r 2               ; 1B: Bank Switching
000000r 2               ;-------------------------------------------------------------------------------
000000r 2               B1F_BankSwitch            = $E51F   ; 8-byte config bank switch (CHR + ext)
000000r 2               B1F_BankSwitchTable       = $E567   ; Bank switch config table (3 x 8 bytes)
000000r 2               B1F_BankPpuInit           = $E57F   ; Bank + PPU init + JMP patch
000000r 2               
000000r 2               ;-------------------------------------------------------------------------------
000000r 2               ; 1C: Sound Engine
000000r 2               ;-------------------------------------------------------------------------------
000000r 2               B1F_SoundInit             = $E590   ; Sound init: APU, RAM clear, wavetable
000000r 2               B1F_WavetableWriteEntry   = $E5F3   ; Wavetable write entry point
000000r 2               B1F_WavetableWriteDelay   = $E5FA   ; Wavetable write timing delay
000000r 2               B1F_SoundNotePlayer       = $E609   ; Sound note player from banked ROM
000000r 2               B1F_SoundChannelTable     = $E667   ; Sound channel table (4 bytes)
000000r 2               B1F_SoundWrapper0         = $E66B   ; Sound wrapper variant 0
000000r 2               B1F_SoundWrapperA         = $E673   ; Sound wrapper variant A
000000r 2               B1F_SoundWrapperB         = $E67B   ; Sound wrapper variant B
000000r 2               B1F_SoundWrapperC         = $E683   ; Sound wrapper variant C
000000r 2               B1F_SoundWrapperD         = $E68B   ; Sound wrapper variant D
000000r 2               B1F_SoundWrapperE         = $E693   ; Sound wrapper variant E
000000r 2               B1F_SoundWrapperF         = $E69B   ; Sound wrapper variant F
000000r 2               B1F_WavetableInitData     = $E6A6   ; Namco-163 wavetable init data (32 bytes)
000000r 2               
000000r 2               ;-------------------------------------------------------------------------------
000000r 2               ; 1D: Controller I/O
000000r 2               ;-------------------------------------------------------------------------------
000000r 2               B1F_ControllerRead        = $E6C6   ; Controller read from $4016/$4017
000000r 2               
000000r 2               ;-------------------------------------------------------------------------------
000000r 2               ; 1E: PPU Utilities
000000r 2               ;-------------------------------------------------------------------------------
000000r 2               B1F_PaletteUpload         = $E70E   ; Upload palette $0100-$011F to PPU
000000r 2               B1F_PpuMaskEnable         = $E749   ; PPU mask: enable rendering ($1E)
000000r 2               B1F_PpuMaskDisable        = $E74D   ; PPU mask: disable rendering ($00)
000000r 2               B1F_NmiEnable             = $E753   ; Enable NMI (set bit 7 of PPU_CTRL)
000000r 2               B1F_NmiDisable            = $E768   ; Disable NMI (clear bit 7 of PPU_CTRL)
000000r 2               B1F_NametableFill1        = $E774   ; Nametable fill mode 1 (3 nametables)
000000r 2               B1F_NametableFillSub      = $E7B5   ; Fill one nametable (1024 bytes)
000000r 2               B1F_NametableFill2        = $E7DF   ; Nametable fill mode 2
000000r 2               B1F_SpriteBufferInit      = $E823   ; Init sprite buffer from index
000000r 2               B1F_SpriteBufferInitAll   = $E825   ; Fill $0200-$02FF with $F0
000000r 2               B1F_SpriteClearFromIndex  = $E830   ; Clear sprites from X index
000000r 2               
000000r 2               ;-------------------------------------------------------------------------------
000000r 2               ; 1F: Random Number Generator
000000r 2               ;-------------------------------------------------------------------------------
000000r 2               B1F_RandomBelow100        = $E843   ; Random byte < 100
000000r 2               B1F_RandomDiv2            = $E84B   ; Random byte / 2
000000r 2               B1F_RandomModPow2         = $E850   ; Random mod 4/8/16 (entry point)
000000r 2               B1F_RandomMod4            = $E850   ; Random mod 4
000000r 2               B1F_RandomMod8            = $E856   ; Random mod 8
000000r 2               B1F_RandomMod16           = $E85C   ; Random mod 16
000000r 2               B1F_RandomBelowThreshold  = $E862   ; Random below threshold
000000r 2               B1F_RandomByte            = $E87A   ; RNG core: table lookup at $E8BA
000000r 2               B1F_RandomVariants        = $E88A   ; RNG variants (entry point)
000000r 2               B1F_RandomByte2           = $E88A   ; RNG variant 2 ($0052 index)
000000r 2               B1F_RandomByte3           = $E89A   ; RNG variant 3 ($0054 index)
000000r 2               B1F_RandomByte4           = $E8AA   ; RNG variant 4 ($0055 index)
000000r 2               B1F_RandomTable           = $E8BA   ; Pre-computed random data (256 bytes)
000000r 2               
000000r 2               ;-------------------------------------------------------------------------------
000000r 2               ; 1G: Math Routines
000000r 2               ;-------------------------------------------------------------------------------
000000r 2               B1F_MathBinToBcd          = $E9BA   ; 24-bit binary to 6-digit packed BCD
000000r 2               B1F_MathDiv16             = $EA7C   ; 16-bit unsigned division (16 iterations)
000000r 2               B1F_MathDiv24             = $EAA5   ; 24-bit unsigned division (24 iterations)
000000r 2               B1F_CallbackDispatcher    = $EADE   ; Inline pointer table callback dispatcher
000000r 2               B1F_ScrollSet             = $EAF7   ; PPU scroll register write
000000r 2               B1F_WindowReset           = $EB1A   ; Window/reset PPU helper ($0250)
000000r 2               B1F_MathBcdToBin          = $EB2D   ; 6-digit packed BCD to 24-bit binary
000000r 2               B1F_MathExtractUpperNibble = $EBB1  ; Extract upper nibble (4x LSR)
000000r 2               B1F_MathAccumulate24      = $EBB6   ; 24-bit accumulate add
000000r 2               B1F_MathMulDiv100         = $EBCA   ; 16-bit * 8-bit / 100
000000r 2               B1F_MathMul24x8           = $EBE9   ; 24x8 multiply (32-bit result)
000000r 2               B1F_MathMul24x16          = $EC22   ; 24x16 multiply (40-bit result)
000000r 2               
000000r 2               ;-------------------------------------------------------------------------------
000000r 2               ; 1H: Palette Animation
000000r 2               ;-------------------------------------------------------------------------------
000000r 2               B1F_PaletteAnimation      = $EC67   ; Palette color rotation/animation
000000r 2               B1F_PaletteFadeInit       = $ECBF   ; Palette fade initialization
000000r 2               B1F_PaletteCopyBuffer     = $ECEE   ; Palette copy to buffer
000000r 2               
000000r 2               ;-------------------------------------------------------------------------------
000000r 2               ; 1I: Menu System
000000r 2               ;-------------------------------------------------------------------------------
000000r 2               B1F_MenuCursorSystem      = $ED19   ; Menu cursor engine (entry point)
000000r 2               B1F_MenuStep1             = $ED19   ; Menu entry: step size 1
000000r 2               B1F_MenuStep2             = $ED1E   ; Menu entry: step size 2
000000r 2               B1F_MenuStep3             = $ED23   ; Menu entry: step size 3
000000r 2               B1F_MenuStep4             = $ED28   ; Menu entry: step size 4
000000r 2               B1F_MenuStep5             = $ED2D   ; Menu entry: step size 5
000000r 2               B1F_MenuStep6             = $ED32   ; Menu entry: step size 6
000000r 2               B1F_MenuStep7             = $ED37   ; Menu entry: step size 7
000000r 2               B1F_MenuStep8             = $ED3C   ; Menu entry: step size 8
000000r 2               B1F_MenuMain              = $ED41   ; Menu main processing
000000r 2               B1F_MenuItemLookup        = $EDDD   ; Menu item lookup by page*step+column
000000r 2               B1F_PointerTableLookup    = $EDF5   ; Pointer table lookup + sprite write
000000r 2               
000000r 2               ;-------------------------------------------------------------------------------
000000r 2               ; 1J: Callback and Trampoline
000000r 2               ;-------------------------------------------------------------------------------
000000r 2               B1F_BankedCallbackTrampoline = $EE07 ; Banked call with stack manipulation
000000r 2               B1F_BankedCallbackReturn  = $EE4D   ; Return stub: restore bank, return
000000r 2               
000000r 2               ;-------------------------------------------------------------------------------
000000r 2               ; 1K: NMI Sub-Dispatch
000000r 2               ;-------------------------------------------------------------------------------
000000r 2               B1F_NmiSubDispatch        = $EE53   ; NMI sub-dispatch by $007E flags
000000r 2               B1F_NmiSubDispatchAlt     = $EEE6   ; NMI sub-dispatch alternate
000000r 2               
000000r 2               ;-------------------------------------------------------------------------------
000000r 2               ; 1L: PPU Tile Writers
000000r 2               ;-------------------------------------------------------------------------------
000000r 2               B1F_PpuBgTileWrite        = $EF0B   ; PPU BG tile write from buffer
000000r 2               B1F_PpuSpriteTileWrite    = $EF71   ; PPU sprite tile write from buffer
000000r 2               B1F_PpuAttrTileWrite      = $EFC0   ; PPU attribute tile write
000000r 2               B1F_PpuAttrTileWriteAlt   = $F028   ; PPU attribute tile write (alt)
000000r 2               
000000r 2               ;-------------------------------------------------------------------------------
000000r 2               ; 1M: Namco Sound Register Access
000000r 2               ;-------------------------------------------------------------------------------
000000r 2               B1F_NamcoSoundRegRead     = $F077   ; Namco-163 sound register read
000000r 2               
000000r 2               ;-------------------------------------------------------------------------------
000000r 2               ; 1N: Sprite OAM Writers
000000r 2               ;-------------------------------------------------------------------------------
000000r 2               B1F_SpriteOamWriterScroll = $F092   ; Sprite OAM writer with scroll offset
000000r 2               B1F_SpriteOamWriterSimple = $F1AD   ; Sprite OAM writer direct placement
000000r 2               
000000r 2               ;-------------------------------------------------------------------------------
000000r 2               ; 1O: CHR Bank Switching
000000r 2               ;-------------------------------------------------------------------------------
000000r 2               B1F_ChrBankSwitch         = $F206   ; CHR bank switch (8 registers)
000000r 2               
000000r 2               ;-------------------------------------------------------------------------------
000000r 2               ; 1P: PRG Bank Switching Helpers
000000r 2               ;-------------------------------------------------------------------------------
000000r 2               B1F_SwitchBankAC_B        = $F237   ; Switch $A000+$C000 pair (slot B: $00E2/$00E3)
000000r 2               B1F_SwitchBankAC_A        = $F24B   ; Switch $A000+$C000 pair (slot A: $00DF/$00E0)
000000r 2               B1F_SwitchBank8_B         = $F25F   ; Switch $8000 bank (slot B: $00E1)
000000r 2               B1F_SwitchBank8_A         = $F266   ; Switch $8000 bank (slot A: $00DE)
000000r 2               
000000r 2               ;-------------------------------------------------------------------------------
000000r 2               ; 1Q: UI Mode Helpers
000000r 2               ;-------------------------------------------------------------------------------
000000r 2               B1F_SetUI0                = $F26D   ; Set UI mode 0
000000r 2               B1F_SetUI2                = $F283   ; Set UI mode 2
000000r 2               B1F_SetUI4                = $F28B   ; Set UI mode 4
000000r 2               B1F_SetUI5                = $F293   ; Set UI mode 5
000000r 2               B1F_ClearUI               = $F29B   ; Clear UI state
000000r 2               
000000r 2               ;-------------------------------------------------------------------------------
000000r 2               ; 1R: Data Record Accessors
000000r 2               ;-------------------------------------------------------------------------------
000000r 2               B1F_GetProvinceRecordAddr = $F2AF   ; Province: id*32+$6000
000000r 2               B1F_GetOfficerRecordAddr  = $F2D7   ; Officer: id*12+$63C0
000000r 2               B1F_GetNameDisplayScale   = $F308   ; Hero kata name: id*10+$901A + width
000000r 2               B1F_NameScaleTable        = $F35F   ; Kata name character width table
000000r 2               B1F_GetRulerDataPtr       = $F368   ; Ruler data from pointer table
000000r 2               B1F_RulerDataPtrTable     = $F379   ; 7 kingdom SRAM pointers
000000r 2               B1F_GetOfficerRomRecordAddr = $F387 ; Officer ROM: id*12+$8000
000000r 2               
000000r 2               ;-------------------------------------------------------------------------------
000000r 2               ; 1S: Copy Protection / RAM Integrity
000000r 2               ;-------------------------------------------------------------------------------
000000r 2               B1F_CopyProtectionCheck   = $F3BD   ; Mapper init + controller validation
000000r 2               B1F_VerifyRamPattern      = $F422   ; RAM integrity test ($AA write/verify)
000000r 2               B1F_WriteRamPattern       = $F43F   ; Write RAM test pattern
000000r 2               B1F_InitRamTestParams     = $F458   ; Init RAM test parameters
000000r 2               B1F_AdvanceHashPattern    = $F468   ; Advance hash/pattern value
000000r 2               
000000r 2               ;-------------------------------------------------------------------------------
000000r 2               ; 1T: Data Tables
000000r 2               ;-------------------------------------------------------------------------------
000000r 2               B1F_MetaTileData          = $F477   ; Metatile data / sound+music data
000000r 2               
000000r 2               ;-------------------------------------------------------------------------------
000000r 2               ; 1U: NMI Handler and Sub-States
000000r 2               ;-------------------------------------------------------------------------------
000000r 2               B1F_NmiHandler            = $F800   ; NMI handler (8 sub-states)
000000r 2               B1F_NmiDispatchTable      = $F87B   ; NMI game state dispatch table (9 entries)
000000r 2               B1F_NmiEpilogue           = $F88D   ; Restore PRG banks, tick counters, RTI
000000r 2               B1F_NmiState2_MapScreen   = $F8B5   ; NMI state 2: Map screen rendering
000000r 2               B1F_NmiState3_Battle      = $F8FE   ; NMI state 3: Battle rendering
000000r 2               B1F_NmiState4_Menu        = $F96A   ; NMI state 4: Menu rendering
000000r 2               B1F_NmiState5_Diplomacy   = $F9A0   ; NMI state 5: Diplomacy rendering
000000r 2               B1F_NmiState6_Event       = $F9E4   ; NMI state 6: Event rendering
000000r 2               B1F_NmiState7_Strategy    = $FA13   ; NMI state 7: Strategy rendering
000000r 2               B1F_NmiState8_Officer     = $FA53   ; NMI state 8: Officer rendering
000000r 2               B1F_NmiState0_Idle        = $FA97   ; NMI state 0: Idle/wait
000000r 2               B1F_SwapPlayerPointers    = $FAA9   ; Palette swap (if $6F44!=0)
000000r 2               B1F_RestorePlayerPointers = $FABF   ; Palette swap reverse
000000r 2               B1F_NmiHandler_Busy       = $FAD5   ; NMI busy: scroll mode + CHR restore
000000r 2               B1F_SetupChrBanksAndWait  = $FB0B   ; Setup CHR banks + wait for VBlank
000000r 2               B1F_WaitVBlank            = $FB28   ; Wait for VBlank
000000r 2               
000000r 2               ;-------------------------------------------------------------------------------
000000r 2               ; 1V: IRQ Handler and Sub-Modes
000000r 2               ;-------------------------------------------------------------------------------
000000r 2               B1F_IrqHandler            = $FB2D   ; IRQ handler (14+ sub-states for raster)
000000r 2               B1F_IrqExit               = $FB9E   ; IRQ exit: restore regs, RTI
000000r 2               B1F_IrqMode1_SoundAndChr  = $FBA4   ; IRQ mode 1: Sound regs + CHR dispatch
000000r 2               B1F_IrqChrUpdate_Block1   = $FBCE   ; CHR update block 1
000000r 2               B1F_IrqChrUpdate_Block2   = $FBFC   ; CHR update block 2
000000r 2               B1F_IrqChrUpdate_Block3   = $FC2A   ; CHR update block 3
000000r 2               B1F_IrqChrUpdate_Block4   = $FC58   ; CHR update block 4
000000r 2               B1F_IrqMode2_FullSetup    = $FC8B   ; IRQ mode 2: Full CHR + sound setup
000000r 2               B1F_ScanlineDelayTable    = $FD1A   ; Scanline delay values
000000r 2               B1F_IrqMode4_SimpleChr    = $FD2A   ; IRQ mode 4: Simple CHR update
000000r 2               B1F_IrqMode5_PpuAddrChr   = $FD95   ; IRQ mode 5: PPU addr + CHR update
000000r 2               B1F_IrqMode6_Minimal      = $FDF4   ; IRQ mode 6: Minimal update
000000r 2               B1F_IrqMode7_SoundChr     = $FE03   ; IRQ mode 7: Sound + CHR update
000000r 2               B1F_IrqMode8_SoundChr     = $FE69   ; IRQ mode 8: Sound + CHR update
000000r 2               B1F_IrqMode9_BasicChr     = $FE96   ; IRQ mode 9: Basic CHR update
000000r 2               B1F_IrqMode10_PpuScroll   = $FECD   ; IRQ mode 10: PPU scroll update
000000r 2               B1F_IrqMode11_ScrollFwd   = $FF31   ; IRQ mode 11: Scroll forward
000000r 2               B1F_IrqMode12_ScrollBack  = $FF48   ; IRQ mode 12: Scroll back
000000r 2               
000000r 2               ;-------------------------------------------------------------------------------
000000r 2               ; 1W: Scroll Calculation
000000r 2               ;-------------------------------------------------------------------------------
000000r 2               B1F_CalcScrollAddr        = $FF62   ; Scroll calc: $009A/$009B from $0098
000000r 2               B1F_CalcScrollAddrAlt     = $FF9B   ; Scroll calc variant B
000000r 2               
000000r 2               ;===============================================================================
000000r 2               ; SECTION 2: Banked Entry Points ($A000-$BFFF)
000000r 2               ;
000000r 2               ; These addresses are called after PRG bank switching via SwitchBankAC_B/A.
000000r 2               ; The same CPU address maps to different code depending on the active PRG bank.
000000r 2               ; The $A000 slot maps to Namco-163 PRG bank Y; $C000 maps to bank Y+1.
000000r 2               ;
000000r 2               ; Bank numbers below are the Y register values passed to SwitchBankAC_B
000000r 2               ; before each call.
000000r 2               ;===============================================================================
000000r 2               
000000r 2               ;-------------------------------------------------------------------------------
000000r 2               ; Bank $3D - Primary display/gameplay bank
000000r 2               ; Called from state handlers (default) and NMI sub-dispatch
000000r 2               ;-------------------------------------------------------------------------------
000000r 2               B3D_RenderScene           = $A000   ; Scene rendering (generic display)
000000r 2               B3D_RenderMap             = $A003   ; Map/battle/UI rendering (most common)
000000r 2               B3D_ScenarioAction        = $A006   ; Scenario/action display
000000r 2               B3D_InputAndRender        = $A009   ; Input handling + render pass
000000r 2               B3D_WeatherEffects        = $A00C   ; Weather/battle effects (NMI dispatch)
000000r 2               B3D_BattleEffects         = $A00F   ; Battle effects processing (NMI dispatch)
000000r 2               B3D_BattleDispatch        = $A012   ; Battle dispatch (NMI dispatch)
000000r 2               B3D_OverlayDisplay        = $A015   ; Overlay/window display
000000r 2               B3D_AdvisorDialogue       = $A018   ; Advisor dialogue rendering
000000r 2               B3D_DisplayAndChrSetup    = $A01B   ; Display + CHR setup (from DisplayInit)
000000r 2               B3D_OfficerManagement     = $A01E   ; Officer management display
000000r 2               B3D_DomesticDisplay       = $A024   ; Domestic affairs display
000000r 2               B3D_KingdomDisplay        = $A027   ; Kingdom select display
000000r 2               B3D_TurnSummaryExtra      = $A03F   ; Turn summary extra rendering
000000r 2               B3D_BankedPaletteUpload   = $A045   ; Banked palette upload variant
000000r 2               
000000r 2               ;-------------------------------------------------------------------------------
000000r 2               ; Bank $3B - NMI rendering
000000r 2               ;-------------------------------------------------------------------------------
000000r 2               B3B_RenderScene           = $A000   ; Scene rendering (NMI context)
000000r 2               
000000r 2               ;-------------------------------------------------------------------------------
000000r 2               ; Bank $39 - NMI battle
000000r 2               ;-------------------------------------------------------------------------------
000000r 2               B39_BattleEffects         = $A00F   ; Battle effects (NMI context)
000000r 2               
000000r 2               ;-------------------------------------------------------------------------------
000000r 2               ; Bank $37 - NMI battle/diplomacy rendering
000000r 2               ;-------------------------------------------------------------------------------
000000r 2               B37_WeatherEffects        = $A00C   ; Weather rendering in battle
000000r 2               B37_BattleProcess         = $A00F   ; Battle processing
000000r 2               B37_DiplomacyRender       = $A01B   ; Diplomacy screen rendering
000000r 2               B37_OfficerDisplay        = $A01E   ; Officer display
000000r 2               
000000r 2               ;-------------------------------------------------------------------------------
000000r 2               ; Bank $2E - NMI rendering
000000r 2               ;-------------------------------------------------------------------------------
000000r 2               B2E_RenderScene           = $A000   ; Scene rendering (NMI context)
000000r 2               B2E_RenderMap             = $A003   ; Map rendering (NMI context)
000000r 2               
000000r 2               ;-------------------------------------------------------------------------------
000000r 2               ; Bank $2C - NMI rendering
000000r 2               ;-------------------------------------------------------------------------------
000000r 2               B2C_RenderScene           = $A000   ; Scene rendering (NMI context)
000000r 2               
000000r 2               ;-------------------------------------------------------------------------------
000000r 2               ; Bank $2A - NMI rendering
000000r 2               ;-------------------------------------------------------------------------------
000000r 2               B2A_RenderMap             = $A003   ; Map rendering (NMI context)
000000r 2               
000000r 2               ;-------------------------------------------------------------------------------
000000r 2               ; Bank $28 - NMI domestic
000000r 2               ;-------------------------------------------------------------------------------
000000r 2               B28_DomesticDisplay       = $A024   ; Domestic display (NMI context)
000000r 2               
000000r 2               ;===============================================================================
000000r 2               ; SECTION 3: Banked Code at $8000-$9FFF (Slot 0)
000000r 2               ; Banks switched via SwitchBank8_B ($F25F) or SwitchBank8_A ($F266)
000000r 2               ; TODO: No banked JSR/JMP calls to $8000-$9FFF found in bank $1F yet
000000r 2               ;===============================================================================
000000r 2               ; Template for future use:
000000r 2               ; B00_FunctionName        = $8000
000000r 2               
000000r 2               ;===============================================================================
000000r 2               ; SECTION 4: Banked Code at $C000-$DFFF (Slot 2)
000000r 2               ; Banks paired with $A000 slot via SwitchBankAC_B/SwitchBankAC_A
000000r 2               ; (bank at $C000 is always Y+1 when $A000 is Y)
000000r 2               ; TODO: No direct JSR/JMP calls to $C000-$DFFF found in bank $1F yet
000000r 2               ;===============================================================================
000000r 2               ; Template for future use:
000000r 2               ; B00_FunctionName        = $C000
000000r 2               
000000r 1               
000000r 1               .segment "CODE_BANK17"
000000r 1               
000000r 1               ;===============================================================================
000000r 1               ;===============================================================================
000000r 1               ; Cross-bank references to bank $18 ($C000-$DFFF)
000000r 1               ;===============================================================================
000000r 1               B18_Entry0A             = $D693
000000r 1               B18_Entry0B             = $DE25
000000r 1               B18_Entry0C             = $DF15
000000r 1               LC08A                   = $C08A
000000r 1               LC0C3                   = $C0C3
000000r 1               LC0C9                   = $C0C9
000000r 1               LC0DF                   = $C0DF
000000r 1               LC103                   = $C103
000000r 1               LC116                   = $C116
000000r 1               LC124                   = $C124
000000r 1               LC139                   = $C139
000000r 1               LC13A                   = $C13A
000000r 1               LC14A                   = $C14A
000000r 1               LC186                   = $C186
000000r 1               LC187                   = $C187
000000r 1               LC1D1                   = $C1D1
000000r 1               LC1E1                   = $C1E1
000000r 1               LC1E2                   = $C1E2
000000r 1               LC21C                   = $C21C
000000r 1               LC22A                   = $C22A
000000r 1               LC253                   = $C253
000000r 1               LC256                   = $C256
000000r 1               LC28B                   = $C28B
000000r 1               LC28E                   = $C28E
000000r 1               LC2AA                   = $C2AA
000000r 1               LC2CB                   = $C2CB
000000r 1               LC2CC                   = $C2CC
000000r 1               LC2DD                   = $C2DD
000000r 1               LC2F6                   = $C2F6
000000r 1               LC300                   = $C300
000000r 1               LC30E                   = $C30E
000000r 1               LC332                   = $C332
000000r 1               LC33B                   = $C33B
000000r 1               LC354                   = $C354
000000r 1               LC35C                   = $C35C
000000r 1               LC35D                   = $C35D
000000r 1               LC36A                   = $C36A
000000r 1               LC371                   = $C371
000000r 1               LC378                   = $C378
000000r 1               LC37F                   = $C37F
000000r 1               LC38B                   = $C38B
000000r 1               LC39A                   = $C39A
000000r 1               LC3A4                   = $C3A4
000000r 1               LC3AA                   = $C3AA
000000r 1               LC3C0                   = $C3C0
000000r 1               LC3E3                   = $C3E3
000000r 1               LC401                   = $C401
000000r 1               LC40B                   = $C40B
000000r 1               LC42E                   = $C42E
000000r 1               LC44F                   = $C44F
000000r 1               LC463                   = $C463
000000r 1               LC464                   = $C464
000000r 1               LC46E                   = $C46E
000000r 1               LC480                   = $C480
000000r 1               LC48F                   = $C48F
000000r 1               LC497                   = $C497
000000r 1               LC498                   = $C498
000000r 1               LC4AC                   = $C4AC
000000r 1               LC4BE                   = $C4BE
000000r 1               LC4C3                   = $C4C3
000000r 1               LC4E4                   = $C4E4
000000r 1               LC4E9                   = $C4E9
000000r 1               LC4F8                   = $C4F8
000000r 1               LC4FF                   = $C4FF
000000r 1               LC50D                   = $C50D
000000r 1               LC513                   = $C513
000000r 1               LC525                   = $C525
000000r 1               LC52C                   = $C52C
000000r 1               LC55A                   = $C55A
000000r 1               LC595                   = $C595
000000r 1               LC598                   = $C598
000000r 1               LC5C4                   = $C5C4
000000r 1               LC5D2                   = $C5D2
000000r 1               LC600                   = $C600
000000r 1               LC622                   = $C622
000000r 1               LC636                   = $C636
000000r 1               LC644                   = $C644
000000r 1               LC66A                   = $C66A
000000r 1               LC66B                   = $C66B
000000r 1               LC684                   = $C684
000000r 1               LC689                   = $C689
000000r 1               LC69F                   = $C69F
000000r 1               LC6B1                   = $C6B1
000000r 1               LC6B6                   = $C6B6
000000r 1               LC6D7                   = $C6D7
000000r 1               LC6DC                   = $C6DC
000000r 1               LC6EB                   = $C6EB
000000r 1               LC6F2                   = $C6F2
000000r 1               LC70F                   = $C70F
000000r 1               LC719                   = $C719
000000r 1               LC727                   = $C727
000000r 1               LC72D                   = $C72D
000000r 1               LC74B                   = $C74B
000000r 1               LC770                   = $C770
000000r 1               LC773                   = $C773
000000r 1               LC7AE                   = $C7AE
000000r 1               LC7B3                   = $C7B3
000000r 1               LC7C4                   = $C7C4
000000r 1               LC7D2                   = $C7D2
000000r 1               LC809                   = $C809
000000r 1               LC833                   = $C833
000000r 1               LC845                   = $C845
000000r 1               LC84A                   = $C84A
000000r 1               LC876                   = $C876
000000r 1               LC884                   = $C884
000000r 1               LC8AD                   = $C8AD
000000r 1               LC8AF                   = $C8AF
000000r 1               LC8C3                   = $C8C3
000000r 1               LC8D1                   = $C8D1
000000r 1               LC8EA                   = $C8EA
000000r 1               LC930                   = $C930
000000r 1               LC948                   = $C948
000000r 1               LC949                   = $C949
000000r 1               LC95F                   = $C95F
000000r 1               LC971                   = $C971
000000r 1               LC976                   = $C976
000000r 1               LC997                   = $C997
000000r 1               LC99C                   = $C99C
000000r 1               LC9AB                   = $C9AB
000000r 1               LC9B2                   = $C9B2
000000r 1               LC9CF                   = $C9CF
000000r 1               LC9D9                   = $C9D9
000000r 1               LC9E7                   = $C9E7
000000r 1               LC9ED                   = $C9ED
000000r 1               LCA4D                   = $CA4D
000000r 1               LCA50                   = $CA50
000000r 1               LCA75                   = $CA75
000000r 1               LCA7A                   = $CA7A
000000r 1               LCA8B                   = $CA8B
000000r 1               LCAB8                   = $CAB8
000000r 1               LCACF                   = $CACF
000000r 1               LCAD4                   = $CAD4
000000r 1               LCB00                   = $CB00
000000r 1               LCB0E                   = $CB0E
000000r 1               LCB35                   = $CB35
000000r 1               LCB45                   = $CB45
000000r 1               LCB4B                   = $CB4B
000000r 1               LCB5F                   = $CB5F
000000r 1               LCB9D                   = $CB9D
000000r 1               LCB9E                   = $CB9E
000000r 1               LCBAA                   = $CBAA
000000r 1               LCBFC                   = $CBFC
000000r 1               LCC0A                   = $CC0A
000000r 1               LCC19                   = $CC19
000000r 1               LCC20                   = $CC20
000000r 1               LCC3C                   = $CC3C
000000r 1               LCC49                   = $CC49
000000r 1               LCC5C                   = $CC5C
000000r 1               LCC62                   = $CC62
000000r 1               LCC7D                   = $CC7D
000000r 1               LCC87                   = $CC87
000000r 1               LCC93                   = $CC93
000000r 1               LCCA5                   = $CCA5
000000r 1               LCCAA                   = $CCAA
000000r 1               LCCCB                   = $CCCB
000000r 1               LCCD0                   = $CCD0
000000r 1               LCCDF                   = $CCDF
000000r 1               LCCE6                   = $CCE6
000000r 1               LCCF3                   = $CCF3
000000r 1               LCD06                   = $CD06
000000r 1               LCD09                   = $CD09
000000r 1               LCD10                   = $CD10
000000r 1               LCD25                   = $CD25
000000r 1               LCD2E                   = $CD2E
000000r 1               LCD33                   = $CD33
000000r 1               LCD3B                   = $CD3B
000000r 1               LCD3C                   = $CD3C
000000r 1               LCD48                   = $CD48
000000r 1               LCD5A                   = $CD5A
000000r 1               LCD5F                   = $CD5F
000000r 1               LCD80                   = $CD80
000000r 1               LCD85                   = $CD85
000000r 1               LCD94                   = $CD94
000000r 1               LCD9B                   = $CD9B
000000r 1               LCDA8                   = $CDA8
000000r 1               LCDB9                   = $CDB9
000000r 1               LCDBC                   = $CDBC
000000r 1               LCDC3                   = $CDC3
000000r 1               LCDDF                   = $CDDF
000000r 1               LCDEA                   = $CDEA
000000r 1               LCDEF                   = $CDEF
000000r 1               LCDF4                   = $CDF4
000000r 1               LCDFC                   = $CDFC
000000r 1               LCDFD                   = $CDFD
000000r 1               LCE50                   = $CE50
000000r 1               LCE66                   = $CE66
000000r 1               LCEA5                   = $CEA5
000000r 1               LCEB6                   = $CEB6
000000r 1               LCEC1                   = $CEC1
000000r 1               LCEE1                   = $CEE1
000000r 1               LCEF5                   = $CEF5
000000r 1               LCF14                   = $CF14
000000r 1               LCF1D                   = $CF1D
000000r 1               LCF23                   = $CF23
000000r 1               LCF2F                   = $CF2F
000000r 1               LCF61                   = $CF61
000000r 1               LCFA3                   = $CFA3
000000r 1               LD007                   = $D007
000000r 1               LD00D                   = $D00D
000000r 1               LD022                   = $D022
000000r 1               LD02D                   = $D02D
000000r 1               LD031                   = $D031
000000r 1               LD060                   = $D060
000000r 1               LD062                   = $D062
000000r 1               LD089                   = $D089
000000r 1               LD0A4                   = $D0A4
000000r 1               LD0B7                   = $D0B7
000000r 1               LD0C1                   = $D0C1
000000r 1               LD0C5                   = $D0C5
000000r 1               LD0D2                   = $D0D2
000000r 1               LD0E4                   = $D0E4
000000r 1               LD0E6                   = $D0E6
000000r 1               LD0EB                   = $D0EB
000000r 1               LD0F9                   = $D0F9
000000r 1               LD0FA                   = $D0FA
000000r 1               LD103                   = $D103
000000r 1               LD110                   = $D110
000000r 1               LD122                   = $D122
000000r 1               LD124                   = $D124
000000r 1               LD129                   = $D129
000000r 1               LD137                   = $D137
000000r 1               LD13D                   = $D13D
000000r 1               LD149                   = $D149
000000r 1               LD166                   = $D166
000000r 1               LD17C                   = $D17C
000000r 1               LD17E                   = $D17E
000000r 1               LD1A0                   = $D1A0
000000r 1               LD1CD                   = $D1CD
000000r 1               LD1D3                   = $D1D3
000000r 1               LD1D8                   = $D1D8
000000r 1               LD235                   = $D235
000000r 1               LD24B                   = $D24B
000000r 1               LD262                   = $D262
000000r 1               LD26D                   = $D26D
000000r 1               LD281                   = $D281
000000r 1               LD283                   = $D283
000000r 1               LD299                   = $D299
000000r 1               LD2A9                   = $D2A9
000000r 1               LD6AA                   = $D6AA
000000r 1               LD6CD                   = $D6CD
000000r 1               LD6D4                   = $D6D4
000000r 1               LD6E7                   = $D6E7
000000r 1               LD729                   = $D729
000000r 1               LD72A                   = $D72A
000000r 1               LD751                   = $D751
000000r 1               LD752                   = $D752
000000r 1               LD76D                   = $D76D
000000r 1               LD76F                   = $D76F
000000r 1               LD79B                   = $D79B
000000r 1               LD7B7                   = $D7B7
000000r 1               LD7D6                   = $D7D6
000000r 1               LD7D7                   = $D7D7
000000r 1               LD7DF                   = $D7DF
000000r 1               LD7E7                   = $D7E7
000000r 1               LD814                   = $D814
000000r 1               LD815                   = $D815
000000r 1               LD839                   = $D839
000000r 1               LD83A                   = $D83A
000000r 1               LD847                   = $D847
000000r 1               LD866                   = $D866
000000r 1               LD867                   = $D867
000000r 1               LD86F                   = $D86F
000000r 1               LD877                   = $D877
000000r 1               LD89D                   = $D89D
000000r 1               LD8B2                   = $D8B2
000000r 1               LD8B3                   = $D8B3
000000r 1               LD8C8                   = $D8C8
000000r 1               LD8C9                   = $D8C9
000000r 1               LD8D6                   = $D8D6
000000r 1               LD8F5                   = $D8F5
000000r 1               LD8F6                   = $D8F6
000000r 1               LD8FE                   = $D8FE
000000r 1               LD914                   = $D914
000000r 1               LD915                   = $D915
000000r 1               LD920                   = $D920
000000r 1               LD932                   = $D932
000000r 1               LD950                   = $D950
000000r 1               LD95A                   = $D95A
000000r 1               LD975                   = $D975
000000r 1               LD976                   = $D976
000000r 1               LD985                   = $D985
000000r 1               LD9AA                   = $D9AA
000000r 1               LD9B3                   = $D9B3
000000r 1               LD9B4                   = $D9B4
000000r 1               LD9C1                   = $D9C1
000000r 1               LD9C2                   = $D9C2
000000r 1               LD9CA                   = $D9CA
000000r 1               LD9DE                   = $D9DE
000000r 1               LD9F4                   = $D9F4
000000r 1               LD9FB                   = $D9FB
000000r 1               LDA0D                   = $DA0D
000000r 1               LDA41                   = $DA41
000000r 1               LDA50                   = $DA50
000000r 1               LDA87                   = $DA87
000000r 1               LDAB6                   = $DAB6
000000r 1               LDADF                   = $DADF
000000r 1               LDAE0                   = $DAE0
000000r 1               LDAF1                   = $DAF1
000000r 1               LDAFD                   = $DAFD
000000r 1               LDB1E                   = $DB1E
000000r 1               LDB2A                   = $DB2A
000000r 1               LDB36                   = $DB36
000000r 1               LDB50                   = $DB50
000000r 1               LDB5D                   = $DB5D
000000r 1               LDB8F                   = $DB8F
000000r 1               LDB90                   = $DB90
000000r 1               LDBA5                   = $DBA5
000000r 1               LDBD1                   = $DBD1
000000r 1               LDBDA                   = $DBDA
000000r 1               LDBF2                   = $DBF2
000000r 1               LDBF3                   = $DBF3
000000r 1               LDC13                   = $DC13
000000r 1               LDC22                   = $DC22
000000r 1               LDC41                   = $DC41
000000r 1               LDC72                   = $DC72
000000r 1               LDC7E                   = $DC7E
000000r 1               LDCA4                   = $DCA4
000000r 1               LDCE1                   = $DCE1
000000r 1               LDCEF                   = $DCEF
000000r 1               LDE34                   = $DE34
000000r 1               LDE44                   = $DE44
000000r 1               LDE65                   = $DE65
000000r 1               LDE66                   = $DE66
000000r 1               LDE72                   = $DE72
000000r 1               LDE9F                   = $DE9F
000000r 1               LDEB9                   = $DEB9
000000r 1               LDEC3                   = $DEC3
000000r 1               LDEC7                   = $DEC7
000000r 1               LDED6                   = $DED6
000000r 1               LDEFA                   = $DEFA
000000r 1               
000000r 1               ;===============================================================================
000000r 1               ; Jump Table - Public entry points ($A000-$A029)
000000r 1               ;===============================================================================
000000r 1               B17_Entry00:
000000r 1  4C rr rr       JMP LA087                                           ; $A000: 4C 87 A0
000003r 1               B17_Entry01:
000003r 1  4C rr rr       JMP LA212                                           ; $A003: 4C 12 A2
000006r 1               B17_Entry02:
000006r 1  4C rr rr       JMP LA24E                                           ; $A006: 4C 4E A2
000009r 1               B17_Entry03:
000009r 1  4C rr rr       JMP LA2FF                                           ; $A009: 4C FF A2
00000Cr 1               B17_Entry04:
00000Cr 1  4C rr rr       JMP LA387                                           ; $A00C: 4C 87 A3
00000Fr 1               B17_Entry05:
00000Fr 1  4C rr rr       JMP LAB53                                           ; $A00F: 4C 53 AB
000012r 1               B17_Entry06:
000012r 1  4C rr rr       JMP LA61C                                           ; $A012: 4C 1C A6
000015r 1               B17_Entry07:
000015r 1  4C rr rr       JMP LAEF0                                           ; $A015: 4C F0 AE
000018r 1               B17_Entry08:
000018r 1  4C rr rr       JMP LA983                                           ; $A018: 4C 83 A9
00001Br 1               B17_Entry09:
00001Br 1  4C rr rr       JMP LB100                                           ; $A01B: 4C 00 B1
00001Er 1               B17_Entry0A:
00001Er 1  4C 93 D6       JMP B18_Entry0A                                     ; $A01E: 4C 93 D6
000021r 1               B17_Entry0B:
000021r 1  4C 25 DE       JMP B18_Entry0B                                     ; $A021: 4C 25 DE
000024r 1               B17_Entry0C:
000024r 1  4C rr rr       JMP LA02A                                           ; $A024: 4C 2A A0
000027r 1               B17_Entry0D:
000027r 1  4C 15 DF       JMP B18_Entry0C                                     ; $A027: 4C 15 DF
00002Ar 1               LA02A:
00002Ar 1  A0 21          LDY #$21                                            ; $A02A: A0 21
00002Cr 1  20 5F F2       JSR B1F_SwitchBank8_B                               ; $A02C: 20 5F F2
00002Fr 1  A9 00          LDA #$00                                            ; $A02F: A9 00
000031r 1  85 00          STA $0000                                           ; $A031: 8D 00 00
000033r 1  A9 20          LDA #$20                                            ; $A034: A9 20
000035r 1  85 01          STA $0001                                           ; $A036: 8D 01 00
000037r 1  20 rr rr       JSR LA04A                                           ; $A039: 20 4A A0
00003Ar 1  A9 00          LDA #$00                                            ; $A03C: A9 00
00003Cr 1  85 00          STA $0000                                           ; $A03E: 8D 00 00
00003Er 1  A9 24          LDA #$24                                            ; $A041: A9 24
000040r 1  85 01          STA $0001                                           ; $A043: 8D 01 00
000042r 1  20 rr rr       JSR LA04A                                           ; $A046: 20 4A A0
000045r 1  60             RTS                                                 ; $A049: 60
000046r 1               LA04A:
000046r 1  AD 44 05       LDA $0544                                           ; $A04A: AD 44 05
000049r 1  0A             ASL A                                               ; $A04D: 0A
00004Ar 1  A8             TAY                                                 ; $A04E: A8
00004Br 1  B9 6B A0       LDA $A06B,Y                                         ; $A04F: B9 6B A0
00004Er 1  85 0A          STA $000A                                           ; $A052: 8D 0A 00
000050r 1  B9 6C A0       LDA $A06C,Y                                         ; $A055: B9 6C A0
000053r 1  85 0B          STA $000B                                           ; $A058: 8D 0B 00
000055r 1  B9 79 A0       LDA $A079,Y                                         ; $A05B: B9 79 A0
000058r 1  85 0C          STA $000C                                           ; $A05E: 8D 0C 00
00005Ar 1  B9 7A A0       LDA $A07A,Y                                         ; $A061: B9 7A A0
00005Dr 1  85 0D          STA $000D                                           ; $A064: 8D 0D 00
00005Fr 1  20 rr rr       JSR LA24E                                           ; $A067: 20 4E A2
000062r 1  60             RTS                                                 ; $A06A: 60
000063r 1  40 84 70 85    .byte $40,$84,$70,$85,$A0,$86,$D0,$87,$00,$89,$30,$8A,$60,$8B,$00,$80; $A06B: 40 84 70 85 A0 86 D0 87 00 89 30 8A 60 8B 00 80
000067r 1  A0 86 D0 87  
00006Br 1  00 89 30 8A  
000073r 1  00 80 00 80    .byte $00,$80,$00,$80,$00,$80,$00,$80,$00,$80,$00,$80; $A07B: 00 80 00 80 00 80 00 80 00 80 00 80
000077r 1  00 80 00 80  
00007Br 1  00 80 00 80  
00007Fr 1               LA087:
00007Fr 1  A5 8B          LDA $008B                                           ; $A087: AD 8B 00
000081r 1  29 FB          AND #$FB                                            ; $A08A: 29 FB
000083r 1  8D 00 20       STA $2000                                           ; $A08C: 8D 00 20
000086r 1  AD 02 20       LDA $2002                                           ; $A08F: AD 02 20
000089r 1  A5 01          LDA $0001                                           ; $A092: AD 01 00
00008Br 1  8D 06 20       STA $2006                                           ; $A095: 8D 06 20
00008Er 1  A5 00          LDA $0000                                           ; $A098: AD 00 00
000090r 1  8D 06 20       STA $2006                                           ; $A09B: 8D 06 20
000093r 1  A0 00          LDY #$00                                            ; $A09E: A0 00
000095r 1  B1 0A          LDA ($0A),Y                                         ; $A0A0: B1 0A
000097r 1  85 02          STA $0002                                           ; $A0A2: 8D 02 00
000099r 1  20 rr rr       JSR LA0D2                                           ; $A0A5: 20 D2 A0
00009Cr 1               LA0A8:
00009Cr 1  B1 0A          LDA ($0A),Y                                         ; $A0A8: B1 0A
00009Er 1  C5 02          CMP $0002                                           ; $A0AA: CD 02 00
0000A0r 1  F0 09          BEQ LA0B8                                           ; $A0AD: F0 09
0000A2r 1  8D 07 20       STA $2007                                           ; $A0AF: 8D 07 20
0000A5r 1  20 rr rr       JSR LA0D2                                           ; $A0B2: 20 D2 A0
0000A8r 1  4C rr rr       JMP LA0A8                                           ; $A0B5: 4C A8 A0
0000ABr 1               LA0B8:
0000ABr 1  20 rr rr       JSR LA0D2                                           ; $A0B8: 20 D2 A0
0000AEr 1  B1 0A          LDA ($0A),Y                                         ; $A0BB: B1 0A
0000B0r 1  AA             TAX                                                 ; $A0BD: AA
0000B1r 1  F0 11          BEQ LA0D1                                           ; $A0BE: F0 11
0000B3r 1  20 rr rr       JSR LA0D2                                           ; $A0C0: 20 D2 A0
0000B6r 1  B1 0A          LDA ($0A),Y                                         ; $A0C3: B1 0A
0000B8r 1               LA0C5:
0000B8r 1  8D 07 20       STA $2007                                           ; $A0C5: 8D 07 20
0000BBr 1  CA             DEX                                                 ; $A0C8: CA
0000BCr 1  D0 FA          BNE LA0C5                                           ; $A0C9: D0 FA
0000BEr 1  20 rr rr       JSR LA0D2                                           ; $A0CB: 20 D2 A0
0000C1r 1  4C rr rr       JMP LA0A8                                           ; $A0CE: 4C A8 A0
0000C4r 1               LA0D1:
0000C4r 1  60             RTS                                                 ; $A0D1: 60
0000C5r 1               LA0D2:
0000C5r 1  A5 0A          LDA $000A                                           ; $A0D2: AD 0A 00
0000C7r 1  18             CLC                                                 ; $A0D5: 18
0000C8r 1  69 01          ADC #$01                                            ; $A0D6: 69 01
0000CAr 1  85 0A          STA $000A                                           ; $A0D8: 8D 0A 00
0000CCr 1  A5 0B          LDA $000B                                           ; $A0DB: AD 0B 00
0000CEr 1  69 00          ADC #$00                                            ; $A0DE: 69 00
0000D0r 1  85 0B          STA $000B                                           ; $A0E0: 8D 0B 00
0000D2r 1  60             RTS                                                 ; $A0E3: 60
0000D3r 1  A9 00          LDA #$00                                            ; $A0E4: A9 00
0000D5r 1  85 1A          STA $001A                                           ; $A0E6: 8D 1A 00
0000D7r 1  85 1B          STA $001B                                           ; $A0E9: 8D 1B 00
0000D9r 1  85 1C          STA $001C                                           ; $A0EC: 8D 1C 00
0000DBr 1  85 1D          STA $001D                                           ; $A0EF: 8D 1D 00
0000DDr 1  85 1E          STA $001E                                           ; $A0F2: 8D 1E 00
0000DFr 1  85 1F          STA $001F                                           ; $A0F5: 8D 1F 00
0000E1r 1  85 04          STA $0004                                           ; $A0F8: 8D 04 00
0000E3r 1  85 05          STA $0005                                           ; $A0FB: 8D 05 00
0000E5r 1  A5 8B          LDA $008B                                           ; $A0FE: AD 8B 00
0000E7r 1  29 FB          AND #$FB                                            ; $A101: 29 FB
0000E9r 1  8D 00 20       STA $2000                                           ; $A103: 8D 00 20
0000ECr 1  AD 02 20       LDA $2002                                           ; $A106: AD 02 20
0000EFr 1  A5 01          LDA $0001                                           ; $A109: AD 01 00
0000F1r 1  8D 06 20       STA $2006                                           ; $A10C: 8D 06 20
0000F4r 1  A5 00          LDA $0000                                           ; $A10F: AD 00 00
0000F6r 1  8D 06 20       STA $2006                                           ; $A112: 8D 06 20
0000F9r 1  A0 00          LDY #$00                                            ; $A115: A0 00
0000FBr 1  B1 0A          LDA ($0A),Y                                         ; $A117: B1 0A
0000FDr 1  85 1A          STA $001A                                           ; $A119: 8D 1A 00
0000FFr 1  20 rr rr       JSR LA209                                           ; $A11C: 20 09 A2
000102r 1  20 rr rr       JSR LA1A5                                           ; $A11F: 20 A5 A1
000105r 1  85 02          STA $0002                                           ; $A122: 8D 02 00
000107r 1  A5 06          LDA $0006                                           ; $A125: AD 06 00
000109r 1  D0 36          BNE LA169                                           ; $A128: D0 3F
00010Br 1               LA12A:
00010Br 1  20 rr rr       JSR LA1A5                                           ; $A12A: 20 A5 A1
00010Er 1  C5 02          CMP $0002                                           ; $A12D: CD 02 00
000110r 1  F0 10          BEQ LA146                                           ; $A130: F0 14
000112r 1  8D 07 20       STA $2007                                           ; $A132: 8D 07 20
000115r 1  E6 04          INC $0004                                           ; $A135: EE 04 00
000117r 1  D0 F2          BNE LA12A                                           ; $A138: D0 F0
000119r 1  E6 05          INC $0005                                           ; $A13A: EE 05 00
00011Br 1  A4 05          LDY $0005                                           ; $A13D: AC 05 00
00011Dr 1  C4 07          CPY $0007                                           ; $A140: CC 07 00
00011Fr 1  90 EA          BCC LA12A                                           ; $A143: 90 E5
000121r 1  60             RTS                                                 ; $A145: 60
000122r 1               LA146:
000122r 1  20 rr rr       JSR LA1A5                                           ; $A146: 20 A5 A1
000125r 1  AA             TAX                                                 ; $A149: AA
000126r 1  F0 18          BEQ LA168                                           ; $A14A: F0 1C
000128r 1  20 rr rr       JSR LA1A5                                           ; $A14C: 20 A5 A1
00012Br 1               LA14F:
00012Br 1  8D 07 20       STA $2007                                           ; $A14F: 8D 07 20
00012Er 1  E6 04          INC $0004                                           ; $A152: EE 04 00
000130r 1  D0 08          BNE LA162                                           ; $A155: D0 0B
000132r 1  E6 05          INC $0005                                           ; $A157: EE 05 00
000134r 1  A4 05          LDY $0005                                           ; $A15A: AC 05 00
000136r 1  C4 07          CPY $0007                                           ; $A15D: CC 07 00
000138r 1  B0 06          BCS LA168                                           ; $A160: B0 06
00013Ar 1               LA162:
00013Ar 1  CA             DEX                                                 ; $A162: CA
00013Br 1  D0 EE          BNE LA14F                                           ; $A163: D0 EA
00013Dr 1  4C rr rr       JMP LA12A                                           ; $A165: 4C 2A A1
000140r 1               LA168:
000140r 1  60             RTS                                                 ; $A168: 60
000141r 1               LA169:
000141r 1  20 rr rr       JSR LA1A5                                           ; $A169: 20 A5 A1
000144r 1  C5 02          CMP $0002                                           ; $A16C: CD 02 00
000146r 1  F0 0F          BEQ LA184                                           ; $A16F: F0 13
000148r 1  E6 04          INC $0004                                           ; $A171: EE 04 00
00014Ar 1  D0 F5          BNE LA169                                           ; $A174: D0 F3
00014Cr 1  E6 05          INC $0005                                           ; $A176: EE 05 00
00014Er 1  A4 05          LDY $0005                                           ; $A179: AC 05 00
000150r 1  C4 06          CPY $0006                                           ; $A17C: CC 06 00
000152r 1  90 ED          BCC LA169                                           ; $A17F: 90 E8
000154r 1  4C rr rr       JMP LA12A                                           ; $A181: 4C 2A A1
000157r 1               LA184:
000157r 1  20 rr rr       JSR LA1A5                                           ; $A184: 20 A5 A1
00015Ar 1  AA             TAX                                                 ; $A187: AA
00015Br 1  20 rr rr       JSR LA1A5                                           ; $A188: 20 A5 A1
00015Er 1               LA18B:
00015Er 1  E6 04          INC $0004                                           ; $A18B: EE 04 00
000160r 1  D0 0B          BNE LA19E                                           ; $A18E: D0 0E
000162r 1  E6 05          INC $0005                                           ; $A190: EE 05 00
000164r 1  A4 05          LDY $0005                                           ; $A193: AC 05 00
000166r 1  C4 06          CPY $0006                                           ; $A196: CC 06 00
000168r 1  90 03          BCC LA19E                                           ; $A199: 90 03
00016Ar 1  4C rr rr       JMP LA162                                           ; $A19B: 4C 62 A1
00016Dr 1               LA19E:
00016Dr 1  CA             DEX                                                 ; $A19E: CA
00016Er 1  D0 EE          BNE LA18B                                           ; $A19F: D0 EA
000170r 1  4C rr rr       JMP LA169                                           ; $A1A1: 4C 69 A1
000173r 1  60             .byte $60                                           ; $A1A4: 60
000174r 1               LA1A5:
000174r 1  A0 00          LDY #$00                                            ; $A1A5: A0 00
000176r 1  A5 1B          LDA $001B                                           ; $A1A7: AD 1B 00
000178r 1  D0 3B          BNE LA1F5                                           ; $A1AA: D0 49
00017Ar 1  B1 0A          LDA ($0A),Y                                         ; $A1AC: B1 0A
00017Cr 1  C5 1A          CMP $001A                                           ; $A1AE: CD 1A 00
00017Er 1  D0 40          BNE LA203                                           ; $A1B1: D0 50
000180r 1  A5 0A          LDA $000A                                           ; $A1B3: AD 0A 00
000182r 1  85 1C          STA $001C                                           ; $A1B6: 8D 1C 00
000184r 1  A5 0B          LDA $000B                                           ; $A1B9: AD 0B 00
000186r 1  85 1D          STA $001D                                           ; $A1BC: 8D 1D 00
000188r 1  20 rr rr       JSR LA209                                           ; $A1BF: 20 09 A2
00018Br 1  B1 0A          LDA ($0A),Y                                         ; $A1C2: B1 0A
00018Dr 1  F0 31          BEQ LA203                                           ; $A1C4: F0 3D
00018Fr 1  48             PHA                                                 ; $A1C6: 48
000190r 1  29 0F          AND #$0F                                            ; $A1C7: 29 0F
000192r 1  85 1F          STA $001F                                           ; $A1C9: 8D 1F 00
000194r 1  68             PLA                                                 ; $A1CC: 68
000195r 1  4A             LSR A                                               ; $A1CD: 4A
000196r 1  4A             LSR A                                               ; $A1CE: 4A
000197r 1  4A             LSR A                                               ; $A1CF: 4A
000198r 1  4A             LSR A                                               ; $A1D0: 4A
000199r 1  18             CLC                                                 ; $A1D1: 18
00019Ar 1  69 03          ADC #$03                                            ; $A1D2: 69 03
00019Cr 1  85 1B          STA $001B                                           ; $A1D4: 8D 1B 00
00019Er 1  20 rr rr       JSR LA209                                           ; $A1D7: 20 09 A2
0001A1r 1  B1 0A          LDA ($0A),Y                                         ; $A1DA: B1 0A
0001A3r 1  85 1E          STA $001E                                           ; $A1DC: 8D 1E 00
0001A5r 1  20 rr rr       JSR LA209                                           ; $A1DF: 20 09 A2
0001A8r 1  A5 1C          LDA $001C                                           ; $A1E2: AD 1C 00
0001AAr 1  38             SEC                                                 ; $A1E5: 38
0001ABr 1  E5 1E          SBC $001E                                           ; $A1E6: ED 1E 00
0001ADr 1  85 1C          STA $001C                                           ; $A1E9: 8D 1C 00
0001AFr 1  A5 1D          LDA $001D                                           ; $A1EC: AD 1D 00
0001B1r 1  E5 1F          SBC $001F                                           ; $A1EF: ED 1F 00
0001B3r 1  85 1D          STA $001D                                           ; $A1F2: 8D 1D 00
0001B5r 1               LA1F5:
0001B5r 1  B1 1C          LDA ($1C),Y                                         ; $A1F5: B1 1C
0001B7r 1  E6 1C          INC $001C                                           ; $A1F7: EE 1C 00
0001B9r 1  D0 02          BNE LA1FF                                           ; $A1FA: D0 03
0001BBr 1  E6 1D          INC $001D                                           ; $A1FC: EE 1D 00
0001BDr 1               LA1FF:
0001BDr 1  C6 1B          DEC $001B                                           ; $A1FF: CE 1B 00
0001BFr 1  60             RTS                                                 ; $A202: 60
0001C0r 1               LA203:
0001C0r 1  48             PHA                                                 ; $A203: 48
0001C1r 1  20 rr rr       JSR LA209                                           ; $A204: 20 09 A2
0001C4r 1  68             PLA                                                 ; $A207: 68
0001C5r 1  60             RTS                                                 ; $A208: 60
0001C6r 1               LA209:
0001C6r 1  E6 0A          INC $000A                                           ; $A209: EE 0A 00
0001C8r 1  D0 02          BNE LA211                                           ; $A20C: D0 03
0001CAr 1  E6 0B          INC $000B                                           ; $A20E: EE 0B 00
0001CCr 1               LA211:
0001CCr 1  60             RTS                                                 ; $A211: 60
0001CDr 1               LA212:
0001CDr 1  A5 8B          LDA $008B                                           ; $A212: AD 8B 00
0001CFr 1  29 FB          AND #$FB                                            ; $A215: 29 FB
0001D1r 1  8D 00 20       STA $2000                                           ; $A217: 8D 00 20
0001D4r 1  AD 02 20       LDA $2002                                           ; $A21A: AD 02 20
0001D7r 1  A5 01          LDA $0001                                           ; $A21D: AD 01 00
0001D9r 1  8D 06 20       STA $2006                                           ; $A220: 8D 06 20
0001DCr 1  A5 00          LDA $0000                                           ; $A223: AD 00 00
0001DEr 1  8D 06 20       STA $2006                                           ; $A226: 8D 06 20
0001E1r 1  A0 00          LDY #$00                                            ; $A229: A0 00
0001E3r 1  84 0C          STY $000C                                           ; $A22B: 8C 0C 00
0001E5r 1  84 0D          STY $000D                                           ; $A22E: 8C 0D 00
0001E7r 1               LA231:
0001E7r 1  B1 0A          LDA ($0A),Y                                         ; $A231: B1 0A
0001E9r 1  8D 07 20       STA $2007                                           ; $A233: 8D 07 20
0001ECr 1  E6 0A          INC $000A                                           ; $A236: EE 0A 00
0001EEr 1  D0 02          BNE LA23E                                           ; $A239: D0 03
0001F0r 1  E6 0B          INC $000B                                           ; $A23B: EE 0B 00
0001F2r 1               LA23E:
0001F2r 1  E6 0C          INC $000C                                           ; $A23E: EE 0C 00
0001F4r 1  D0 02          BNE LA246                                           ; $A241: D0 03
0001F6r 1  E6 0D          INC $000D                                           ; $A243: EE 0D 00
0001F8r 1               LA246:
0001F8r 1  A5 0D          LDA $000D                                           ; $A246: AD 0D 00
0001FAr 1  C9 04          CMP #$04                                            ; $A249: C9 04
0001FCr 1  90 E9          BCC LA231                                           ; $A24B: 90 E4
0001FEr 1  60             RTS                                                 ; $A24D: 60
0001FFr 1               LA24E:
0001FFr 1  A5 8B          LDA $008B                                           ; $A24E: AD 8B 00
000201r 1  29 FB          AND #$FB                                            ; $A251: 29 FB
000203r 1  8D 00 20       STA $2000                                           ; $A253: 8D 00 20
000206r 1  AD 02 20       LDA $2002                                           ; $A256: AD 02 20
000209r 1  A5 01          LDA $0001                                           ; $A259: AD 01 00
00020Br 1  8D 06 20       STA $2006                                           ; $A25C: 8D 06 20
00020Er 1  A5 00          LDA $0000                                           ; $A25F: AD 00 00
000210r 1  8D 06 20       STA $2006                                           ; $A262: 8D 06 20
000213r 1  A5 0A          LDA $000A                                           ; $A265: AD 0A 00
000215r 1  38             SEC                                                 ; $A268: 38
000216r 1  E9 40          SBC #$40                                            ; $A269: E9 40
000218r 1  48             PHA                                                 ; $A26B: 48
000219r 1  A5 0B          LDA $000B                                           ; $A26C: AD 0B 00
00021Br 1  E9 00          SBC #$00                                            ; $A26F: E9 00
00021Dr 1  48             PHA                                                 ; $A271: 48
00021Er 1  A0 00          LDY #$00                                            ; $A272: A0 00
000220r 1  84 02          STY $0002                                           ; $A274: 8C 02 00
000222r 1  84 03          STY $0003                                           ; $A277: 8C 03 00
000224r 1               LA27A:
000224r 1  A0 00          LDY #$00                                            ; $A27A: A0 00
000226r 1  84 01          STY $0001                                           ; $A27C: 8C 01 00
000228r 1  B1 0A          LDA ($0A),Y                                         ; $A27F: B1 0A
00022Ar 1  0A             ASL A                                               ; $A281: 0A
00022Br 1  26 01          ROL $0001                                           ; $A282: 2E 01 00
00022Dr 1  0A             ASL A                                               ; $A285: 0A
00022Er 1  26 01          ROL $0001                                           ; $A286: 2E 01 00
000230r 1  18             CLC                                                 ; $A289: 18
000231r 1  65 0C          ADC $000C                                           ; $A28A: 6D 0C 00
000233r 1  85 00          STA $0000                                           ; $A28D: 8D 00 00
000235r 1  A5 01          LDA $0001                                           ; $A290: AD 01 00
000237r 1  65 0D          ADC $000D                                           ; $A293: 6D 0D 00
000239r 1  85 01          STA $0001                                           ; $A296: 8D 01 00
00023Br 1  A5 02          LDA $0002                                           ; $A299: AD 02 00
00023Dr 1  29 10          AND #$10                                            ; $A29C: 29 10
00023Fr 1  F0 02          BEQ LA2A2                                           ; $A29E: F0 02
000241r 1  A0 02          LDY #$02                                            ; $A2A0: A0 02
000243r 1               LA2A2:
000243r 1  B1 00          LDA ($00),Y                                         ; $A2A2: B1 00
000245r 1  8D 07 20       STA $2007                                           ; $A2A4: 8D 07 20
000248r 1  C8             INY                                                 ; $A2A7: C8
000249r 1  B1 00          LDA ($00),Y                                         ; $A2A8: B1 00
00024Br 1  8D 07 20       STA $2007                                           ; $A2AA: 8D 07 20
00024Er 1  20 rr rr       JSR LA2E4                                           ; $A2AD: 20 E4 A2
000251r 1  E6 02          INC $0002                                           ; $A2B0: EE 02 00
000253r 1  A5 02          LDA $0002                                           ; $A2B3: AD 02 00
000255r 1  29 0F          AND #$0F                                            ; $A2B6: 29 0F
000257r 1  D0 0B          BNE LA2C7                                           ; $A2B8: D0 0D
000259r 1  E6 03          INC $0003                                           ; $A2BA: EE 03 00
00025Br 1  A5 03          LDA $0003                                           ; $A2BD: AD 03 00
00025Dr 1  29 01          AND #$01                                            ; $A2C0: 29 01
00025Fr 1  F0 03          BEQ LA2C7                                           ; $A2C2: F0 03
000261r 1  20 rr rr       JSR LA2ED                                           ; $A2C4: 20 ED A2
000264r 1               LA2C7:
000264r 1  A5 03          LDA $0003                                           ; $A2C7: AD 03 00
000266r 1  C9 1E          CMP #$1E                                            ; $A2CA: C9 1E
000268r 1  90 BA          BCC LA27A                                           ; $A2CC: 90 AC
00026Ar 1  68             PLA                                                 ; $A2CE: 68
00026Br 1  85 0B          STA $000B                                           ; $A2CF: 8D 0B 00
00026Dr 1  68             PLA                                                 ; $A2D2: 68
00026Er 1  85 0A          STA $000A                                           ; $A2D3: 8D 0A 00
000270r 1  A2 40          LDX #$40                                            ; $A2D6: A2 40
000272r 1  A0 00          LDY #$00                                            ; $A2D8: A0 00
000274r 1               LA2DA:
000274r 1  B1 0A          LDA ($0A),Y                                         ; $A2DA: B1 0A
000276r 1  8D 07 20       STA $2007                                           ; $A2DC: 8D 07 20
000279r 1  C8             INY                                                 ; $A2DF: C8
00027Ar 1  CA             DEX                                                 ; $A2E0: CA
00027Br 1  D0 F7          BNE LA2DA                                           ; $A2E1: D0 F7
00027Dr 1  60             RTS                                                 ; $A2E3: 60
00027Er 1               LA2E4:
00027Er 1  E6 0A          INC $000A                                           ; $A2E4: EE 0A 00
000280r 1  D0 02          BNE LA2EC                                           ; $A2E7: D0 03
000282r 1  E6 0B          INC $000B                                           ; $A2E9: EE 0B 00
000284r 1               LA2EC:
000284r 1  60             RTS                                                 ; $A2EC: 60
000285r 1               LA2ED:
000285r 1  A5 0A          LDA $000A                                           ; $A2ED: AD 0A 00
000287r 1  38             SEC                                                 ; $A2F0: 38
000288r 1  E9 10          SBC #$10                                            ; $A2F1: E9 10
00028Ar 1  85 0A          STA $000A                                           ; $A2F3: 8D 0A 00
00028Cr 1  A5 0B          LDA $000B                                           ; $A2F6: AD 0B 00
00028Er 1  E9 00          SBC #$00                                            ; $A2F9: E9 00
000290r 1  85 0B          STA $000B                                           ; $A2FB: 8D 0B 00
000292r 1  60             RTS                                                 ; $A2FE: 60
000293r 1               LA2FF:
000293r 1  A5 8E          LDA $008E                                           ; $A2FF: AD 8E 00
000295r 1  48             PHA                                                 ; $A302: 48
000296r 1  A5 8F          LDA $008F                                           ; $A303: AD 8F 00
000298r 1  48             PHA                                                 ; $A306: 48
000299r 1  A5 90          LDA $0090                                           ; $A307: AD 90 00
00029Br 1  85 1E          STA $001E                                           ; $A30A: 8D 1E 00
00029Dr 1  48             PHA                                                 ; $A30D: 48
00029Er 1  A5 91          LDA $0091                                           ; $A30E: AD 91 00
0002A0r 1  85 1F          STA $001F                                           ; $A311: 8D 1F 00
0002A2r 1  48             PHA                                                 ; $A314: 48
0002A3r 1  E6 91          INC $0091                                           ; $A315: EE 91 00
0002A5r 1  A9 1E          LDA #$1E                                            ; $A318: A9 1E
0002A7r 1               LA31A:
0002A7r 1  48             PHA                                                 ; $A31A: 48
0002A8r 1  20 rr rr       JSR LA485                                           ; $A31B: 20 85 A4
0002ABr 1  20 rr rr       JSR LAD9F                                           ; $A31E: 20 9F AD
0002AEr 1               LA321:
0002AEr 1  20 E6 EE       JSR B1F_NmiSubDispatchAlt                           ; $A321: 20 E6 EE
0002B1r 1  A5 7E          LDA $007E                                           ; $A324: AD 7E 00
0002B3r 1  D0 F9          BNE LA321                                           ; $A327: D0 F8
0002B5r 1  A5 90          LDA $0090                                           ; $A329: AD 90 00
0002B7r 1  38             SEC                                                 ; $A32C: 38
0002B8r 1  E9 08          SBC #$08                                            ; $A32D: E9 08
0002BAr 1  85 90          STA $0090                                           ; $A32F: 8D 90 00
0002BCr 1  B0 07          BCS LA33D                                           ; $A332: B0 09
0002BEr 1  38             SEC                                                 ; $A334: 38
0002BFr 1  E9 10          SBC #$10                                            ; $A335: E9 10
0002C1r 1  85 90          STA $0090                                           ; $A337: 8D 90 00
0002C3r 1  C6 91          DEC $0091                                           ; $A33A: CE 91 00
0002C5r 1               LA33D:
0002C5r 1  68             PLA                                                 ; $A33D: 68
0002C6r 1  38             SEC                                                 ; $A33E: 38
0002C7r 1  E9 01          SBC #$01                                            ; $A33F: E9 01
0002C9r 1  10 DC          BPL LA31A                                           ; $A341: 10 D7
0002CBr 1  68             PLA                                                 ; $A343: 68
0002CCr 1  85 91          STA $0091                                           ; $A344: 8D 91 00
0002CEr 1  68             PLA                                                 ; $A347: 68
0002CFr 1  85 90          STA $0090                                           ; $A348: 8D 90 00
0002D1r 1  68             PLA                                                 ; $A34B: 68
0002D2r 1  85 8F          STA $008F                                           ; $A34C: 8D 8F 00
0002D4r 1  68             PLA                                                 ; $A34F: 68
0002D5r 1  85 8E          STA $008E                                           ; $A350: 8D 8E 00
0002D7r 1  A5 90          LDA $0090                                           ; $A353: AD 90 00
0002D9r 1  4A             LSR A                                               ; $A356: 4A
0002DAr 1  4A             LSR A                                               ; $A357: 4A
0002DBr 1  4A             LSR A                                               ; $A358: 4A
0002DCr 1  85 92          STA $0092                                           ; $A359: 8D 92 00
0002DEr 1  A5 90          LDA $0090                                           ; $A35C: AD 90 00
0002E0r 1  18             CLC                                                 ; $A35F: 18
0002E1r 1  69 08          ADC #$08                                            ; $A360: 69 08
0002E3r 1  4A             LSR A                                               ; $A362: 4A
0002E4r 1  4A             LSR A                                               ; $A363: 4A
0002E5r 1  4A             LSR A                                               ; $A364: 4A
0002E6r 1  4A             LSR A                                               ; $A365: 4A
0002E7r 1  85 94          STA $0094                                           ; $A366: 8D 94 00
0002E9r 1  A5 8E          LDA $008E                                           ; $A369: AD 8E 00
0002EBr 1  38             SEC                                                 ; $A36C: 38
0002ECr 1  E9 06          SBC #$06                                            ; $A36D: E9 06
0002EEr 1  4A             LSR A                                               ; $A36F: 4A
0002EFr 1  4A             LSR A                                               ; $A370: 4A
0002F0r 1  4A             LSR A                                               ; $A371: 4A
0002F1r 1  85 95          STA $0095                                           ; $A372: 8D 95 00
0002F3r 1  A5 8E          LDA $008E                                           ; $A375: AD 8E 00
0002F5r 1  4A             LSR A                                               ; $A378: 4A
0002F6r 1  4A             LSR A                                               ; $A379: 4A
0002F7r 1  4A             LSR A                                               ; $A37A: 4A
0002F8r 1  85 93          STA $0093                                           ; $A37B: 8D 93 00
0002FAr 1  A9 90          LDA #$90                                            ; $A37E: A9 90
0002FCr 1  85 9C          STA $009C                                           ; $A380: 8D 9C 00
0002FEr 1  85 9D          STA $009D                                           ; $A383: 8D 9D 00
000300r 1  60             RTS                                                 ; $A386: 60
000301r 1               LA387:
000301r 1  A5 8E          LDA $008E                                           ; $A387: AD 8E 00
000303r 1  C9 FE          CMP #$FE                                            ; $A38A: C9 FE
000305r 1  90 03          BCC LA391                                           ; $A38C: 90 03
000307r 1  18             CLC                                                 ; $A38E: 18
000308r 1  69 02          ADC #$02                                            ; $A38F: 69 02
00030Ar 1               LA391:
00030Ar 1  4A             LSR A                                               ; $A391: 4A
00030Br 1  4A             LSR A                                               ; $A392: 4A
00030Cr 1  4A             LSR A                                               ; $A393: 4A
00030Dr 1  C5 93          CMP $0093                                           ; $A394: CD 93 00
00030Fr 1  F0 05          BEQ LA39F                                           ; $A397: F0 06
000311r 1  85 93          STA $0093                                           ; $A399: 8D 93 00
000313r 1  20 rr rr       JSR LA3B1                                           ; $A39C: 20 B1 A3
000316r 1               LA39F:
000316r 1  A5 90          LDA $0090                                           ; $A39F: AD 90 00
000318r 1  4A             LSR A                                               ; $A3A2: 4A
000319r 1  4A             LSR A                                               ; $A3A3: 4A
00031Ar 1  4A             LSR A                                               ; $A3A4: 4A
00031Br 1  C5 92          CMP $0092                                           ; $A3A5: CD 92 00
00031Dr 1  F0 05          BEQ LA3B0                                           ; $A3A8: F0 06
00031Fr 1  85 92          STA $0092                                           ; $A3AA: 8D 92 00
000321r 1  20 rr rr       JSR LA3BC                                           ; $A3AD: 20 BC A3
000324r 1               LA3B0:
000324r 1  60             RTS                                                 ; $A3B0: 60
000325r 1               LA3B1:
000325r 1  A5 9C          LDA $009C                                           ; $A3B1: AD 9C 00
000327r 1  10 03          BPL LA3B9                                           ; $A3B4: 10 03
000329r 1  4C rr rr       JMP LA465                                           ; $A3B6: 4C 65 A4
00032Cr 1               LA3B9:
00032Cr 1  4C rr rr       JMP LA3C9                                           ; $A3B9: 4C C9 A3
00032Fr 1               LA3BC:
00032Fr 1  A5 9C          LDA $009C                                           ; $A3BC: AD 9C 00
000331r 1  29 20          AND #$20                                            ; $A3BF: 29 20
000333r 1  D0 03          BNE LA3C6                                           ; $A3C1: D0 03
000335r 1  4C rr rr       JMP LA485                                           ; $A3C3: 4C 85 A4
000338r 1               LA3C6:
000338r 1  4C rr rr       JMP LA51C                                           ; $A3C6: 4C 1C A5
00033Br 1               LA3C9:
00033Br 1  A5 8E          LDA $008E                                           ; $A3C9: AD 8E 00
00033Dr 1  85 0C          STA $000C                                           ; $A3CC: 8D 0C 00
00033Fr 1  A5 8F          LDA $008F                                           ; $A3CF: AD 8F 00
000341r 1  85 0D          STA $000D                                           ; $A3D2: 8D 0D 00
000343r 1  A5 90          LDA $0090                                           ; $A3D5: AD 90 00
000345r 1  85 0E          STA $000E                                           ; $A3D8: 8D 0E 00
000347r 1  A5 91          LDA $0091                                           ; $A3DB: AD 91 00
000349r 1  85 0F          STA $000F                                           ; $A3DE: 8D 0F 00
00034Br 1               LA3E1:
00034Br 1  A5 7E          LDA $007E                                           ; $A3E1: AD 7E 00
00034Dr 1  10 01          BPL LA3E7                                           ; $A3E4: 10 01
00034Fr 1  60             RTS                                                 ; $A3E6: 60
000350r 1               LA3E7:
000350r 1  20 rr rr       JSR LA604                                           ; $A3E7: 20 04 A6
000353r 1  84 1A          STY $001A                                           ; $A3EA: 8C 1A 00
000355r 1  20 rr rr       JSR LA61F                                           ; $A3ED: 20 1F A6
000358r 1  A5 1A          LDA $001A                                           ; $A3F0: AD 1A 00
00035Ar 1  18             CLC                                                 ; $A3F3: 18
00035Br 1  69 02          ADC #$02                                            ; $A3F4: 69 02
00035Dr 1  A8             TAY                                                 ; $A3F6: A8
00035Er 1  B1 A8          LDA ($A8),Y                                         ; $A3F7: B1 A8
000360r 1  85 10          STA $0010                                           ; $A3F9: 8D 10 00
000362r 1  20 rr rr       JSR LA93F                                           ; $A3FC: 20 3F A9
000365r 1  A2 00          LDX #$00                                            ; $A3FF: A2 00
000367r 1  86 06          STX $0006                                           ; $A401: 8E 06 00
000369r 1  86 07          STX $0007                                           ; $A404: 8E 07 00
00036Br 1  A5 0C          LDA $000C                                           ; $A407: AD 0C 00
00036Dr 1  4A             LSR A                                               ; $A40A: 4A
00036Er 1  4A             LSR A                                               ; $A40B: 4A
00036Fr 1  4A             LSR A                                               ; $A40C: 4A
000370r 1  4A             LSR A                                               ; $A40D: 4A
000371r 1  85 08          STA $0008                                           ; $A40E: 8D 08 00
000373r 1  A5 0E          LDA $000E                                           ; $A411: AD 0E 00
000375r 1  29 F0          AND #$F0                                            ; $A414: 29 F0
000377r 1  18             CLC                                                 ; $A416: 18
000378r 1  65 08          ADC $0008                                           ; $A417: 6D 08 00
00037Ar 1  85 05          STA $0005                                           ; $A41A: 8D 05 00
00037Cr 1               LA41D:
00037Cr 1  A4 05          LDY $0005                                           ; $A41D: AC 05 00
00037Er 1  B1 00          LDA ($00),Y                                         ; $A420: B1 00
000380r 1  20 rr rr       JSR LA545                                           ; $A422: 20 45 A5
000383r 1  E6 19          INC $0019                                           ; $A425: EE 19 00
000385r 1  A5 05          LDA $0005                                           ; $A428: AD 05 00
000387r 1  18             CLC                                                 ; $A42B: 18
000388r 1  69 10          ADC #$10                                            ; $A42C: 69 10
00038Ar 1  C9 F0          CMP #$F0                                            ; $A42E: C9 F0
00038Cr 1  90 0D          BCC LA442                                           ; $A430: 90 10
00038Er 1  29 0F          AND #$0F                                            ; $A432: 29 0F
000390r 1  48             PHA                                                 ; $A434: 48
000391r 1  A5 10          LDA $0010                                           ; $A435: AD 10 00
000393r 1  20 rr rr       JSR LA61F                                           ; $A438: 20 1F A6
000396r 1  E6 07          INC $0007                                           ; $A43B: EE 07 00
000398r 1  E6 19          INC $0019                                           ; $A43E: EE 19 00
00039Ar 1  68             PLA                                                 ; $A441: 68
00039Br 1               LA442:
00039Br 1  85 05          STA $0005                                           ; $A442: 8D 05 00
00039Dr 1  E6 06          INC $0006                                           ; $A445: EE 06 00
00039Fr 1  A5 06          LDA $0006                                           ; $A448: AD 06 00
0003A1r 1  C9 10          CMP #$10                                            ; $A44B: C9 10
0003A3r 1  90 D7          BCC LA41D                                           ; $A44D: 90 CE
0003A5r 1  A9 40          LDA #$40                                            ; $A44F: A9 40
0003A7r 1  85 00          STA $0000                                           ; $A451: 8D 00 00
0003A9r 1  A9 01          LDA #$01                                            ; $A454: A9 01
0003ABr 1  85 01          STA $0001                                           ; $A456: 8D 01 00
0003ADr 1  20 rr rr       JSR LA89A                                           ; $A459: 20 9A A8
0003B0r 1  A5 7E          LDA $007E                                           ; $A45C: AD 7E 00
0003B2r 1  09 80          ORA #$80                                            ; $A45F: 09 80
0003B4r 1  85 7E          STA $007E                                           ; $A461: 8D 7E 00
0003B6r 1  60             RTS                                                 ; $A464: 60
0003B7r 1               LA465:
0003B7r 1  A5 8E          LDA $008E                                           ; $A465: AD 8E 00
0003B9r 1  18             CLC                                                 ; $A468: 18
0003BAr 1  69 F8          ADC #$F8                                            ; $A469: 69 F8
0003BCr 1  85 0C          STA $000C                                           ; $A46B: 8D 0C 00
0003BEr 1  A5 8F          LDA $008F                                           ; $A46E: AD 8F 00
0003C0r 1  69 00          ADC #$00                                            ; $A471: 69 00
0003C2r 1  85 0D          STA $000D                                           ; $A473: 8D 0D 00
0003C4r 1  A5 90          LDA $0090                                           ; $A476: AD 90 00
0003C6r 1  85 0E          STA $000E                                           ; $A479: 8D 0E 00
0003C8r 1  A5 91          LDA $0091                                           ; $A47C: AD 91 00
0003CAr 1  85 0F          STA $000F                                           ; $A47F: 8D 0F 00
0003CCr 1  4C rr rr       JMP LA3E1                                           ; $A482: 4C E1 A3
0003CFr 1               LA485:
0003CFr 1  A5 8E          LDA $008E                                           ; $A485: AD 8E 00
0003D1r 1  85 0C          STA $000C                                           ; $A488: 8D 0C 00
0003D3r 1  A5 8F          LDA $008F                                           ; $A48B: AD 8F 00
0003D5r 1  85 0D          STA $000D                                           ; $A48E: 8D 0D 00
0003D7r 1  A5 91          LDA $0091                                           ; $A491: AD 91 00
0003D9r 1  85 0F          STA $000F                                           ; $A494: 8D 0F 00
0003DBr 1  A5 90          LDA $0090                                           ; $A497: AD 90 00
0003DDr 1               LA49A:
0003DDr 1  85 0E          STA $000E                                           ; $A49A: 8D 0E 00
0003DFr 1  A5 7E          LDA $007E                                           ; $A49D: AD 7E 00
0003E1r 1  0A             ASL A                                               ; $A4A0: 0A
0003E2r 1  10 01          BPL LA4A4                                           ; $A4A1: 10 01
0003E4r 1  60             RTS                                                 ; $A4A3: 60
0003E5r 1               LA4A4:
0003E5r 1  20 rr rr       JSR LA604                                           ; $A4A4: 20 04 A6
0003E8r 1  84 1A          STY $001A                                           ; $A4A7: 8C 1A 00
0003EAr 1  20 rr rr       JSR LA61F                                           ; $A4AA: 20 1F A6
0003EDr 1  A4 1A          LDY $001A                                           ; $A4AD: AC 1A 00
0003EFr 1  C8             INY                                                 ; $A4B0: C8
0003F0r 1  B1 A8          LDA ($A8),Y                                         ; $A4B1: B1 A8
0003F2r 1  85 10          STA $0010                                           ; $A4B3: 8D 10 00
0003F4r 1  20 rr rr       JSR LA961                                           ; $A4B6: 20 61 A9
0003F7r 1  A5 0C          LDA $000C                                           ; $A4B9: AD 0C 00
0003F9r 1  4A             LSR A                                               ; $A4BC: 4A
0003FAr 1  4A             LSR A                                               ; $A4BD: 4A
0003FBr 1  4A             LSR A                                               ; $A4BE: 4A
0003FCr 1  4A             LSR A                                               ; $A4BF: 4A
0003FDr 1  85 08          STA $0008                                           ; $A4C0: 8D 08 00
0003FFr 1  A5 0E          LDA $000E                                           ; $A4C3: AD 0E 00
000401r 1  29 F0          AND #$F0                                            ; $A4C6: 29 F0
000403r 1  18             CLC                                                 ; $A4C8: 18
000404r 1  65 08          ADC $0008                                           ; $A4C9: 6D 08 00
000406r 1  85 05          STA $0005                                           ; $A4CC: 8D 05 00
000408r 1  A2 00          LDX #$00                                            ; $A4CF: A2 00
00040Ar 1  86 06          STX $0006                                           ; $A4D1: 8E 06 00
00040Cr 1               LA4D4:
00040Cr 1  A4 05          LDY $0005                                           ; $A4D4: AC 05 00
00040Er 1  B1 00          LDA ($00),Y                                         ; $A4D7: B1 00
000410r 1  20 rr rr       JSR LA5A5                                           ; $A4D9: 20 A5 A5
000413r 1  E6 18          INC $0018                                           ; $A4DC: EE 18 00
000415r 1  A5 05          LDA $0005                                           ; $A4DF: AD 05 00
000417r 1  E6 05          INC $0005                                           ; $A4E2: EE 05 00
000419r 1  29 0F          AND #$0F                                            ; $A4E5: 29 0F
00041Br 1  C9 0F          CMP #$0F                                            ; $A4E7: C9 0F
00041Dr 1  D0 0D          BNE LA4FC                                           ; $A4E9: D0 11
00041Fr 1  A5 10          LDA $0010                                           ; $A4EB: AD 10 00
000421r 1  20 rr rr       JSR LA61F                                           ; $A4EE: 20 1F A6
000424r 1  C6 05          DEC $0005                                           ; $A4F1: CE 05 00
000426r 1  A5 05          LDA $0005                                           ; $A4F4: AD 05 00
000428r 1  29 F0          AND #$F0                                            ; $A4F7: 29 F0
00042Ar 1  85 05          STA $0005                                           ; $A4F9: 8D 05 00
00042Cr 1               LA4FC:
00042Cr 1  E6 06          INC $0006                                           ; $A4FC: EE 06 00
00042Er 1  A5 06          LDA $0006                                           ; $A4FF: AD 06 00
000430r 1  C9 11          CMP #$11                                            ; $A502: C9 11
000432r 1  90 D8          BCC LA4D4                                           ; $A504: 90 CE
000434r 1  A9 64          LDA #$64                                            ; $A506: A9 64
000436r 1  85 00          STA $0000                                           ; $A508: 8D 00 00
000438r 1  A9 01          LDA #$01                                            ; $A50B: A9 01
00043Ar 1  85 01          STA $0001                                           ; $A50D: 8D 01 00
00043Cr 1  20 rr rr       JSR LA89A                                           ; $A510: 20 9A A8
00043Fr 1  A5 7E          LDA $007E                                           ; $A513: AD 7E 00
000441r 1  09 40          ORA #$40                                            ; $A516: 09 40
000443r 1  85 7E          STA $007E                                           ; $A518: 8D 7E 00
000445r 1  60             RTS                                                 ; $A51B: 60
000446r 1               LA51C:
000446r 1  A5 8E          LDA $008E                                           ; $A51C: AD 8E 00
000448r 1  85 0C          STA $000C                                           ; $A51F: 8D 0C 00
00044Ar 1  A5 8F          LDA $008F                                           ; $A522: AD 8F 00
00044Cr 1  85 0D          STA $000D                                           ; $A525: 8D 0D 00
00044Er 1  A5 91          LDA $0091                                           ; $A528: AD 91 00
000450r 1  85 0F          STA $000F                                           ; $A52B: 8D 0F 00
000452r 1  E6 0F          INC $000F                                           ; $A52E: EE 0F 00
000454r 1  A5 90          LDA $0090                                           ; $A531: AD 90 00
000456r 1  18             CLC                                                 ; $A534: 18
000457r 1  69 F0          ADC #$F0                                            ; $A535: 69 F0
000459r 1  B0 05          BCS LA53F                                           ; $A537: B0 06
00045Br 1  38             SEC                                                 ; $A539: 38
00045Cr 1  E9 10          SBC #$10                                            ; $A53A: E9 10
00045Er 1  C6 0F          DEC $000F                                           ; $A53C: CE 0F 00
000460r 1               LA53F:
000460r 1  85 0E          STA $000E                                           ; $A53F: 8D 0E 00
000462r 1  4C rr rr       JMP LA49A                                           ; $A542: 4C 9A A4
000465r 1               LA545:
000465r 1  20 rr rr       JSR LA8FD                                           ; $A545: 20 FD A8
000468r 1  A0 00          LDY #$00                                            ; $A548: A0 00
00046Ar 1  84 09          STY $0009                                           ; $A54A: 8C 09 00
00046Cr 1  0A             ASL A                                               ; $A54D: 0A
00046Dr 1  26 09          ROL $0009                                           ; $A54E: 2E 09 00
00046Fr 1  0A             ASL A                                               ; $A551: 0A
000470r 1  26 09          ROL $0009                                           ; $A552: 2E 09 00
000472r 1  18             CLC                                                 ; $A555: 18
000473r 1  65 02          ADC $0002                                           ; $A556: 6D 02 00
000475r 1  85 08          STA $0008                                           ; $A559: 8D 08 00
000477r 1  A5 09          LDA $0009                                           ; $A55C: AD 09 00
000479r 1  65 03          ADC $0003                                           ; $A55F: 6D 03 00
00047Br 1  85 09          STA $0009                                           ; $A562: 8D 09 00
00047Dr 1               LA565:
00047Dr 1  A0 00          LDY #$00                                            ; $A565: A0 00
00047Fr 1  A5 0C          LDA $000C                                           ; $A567: AD 0C 00
000481r 1  29 08          AND #$08                                            ; $A56A: 29 08
000483r 1  D0 19          BNE LA589                                           ; $A56C: D0 1B
000485r 1  A5 06          LDA $0006                                           ; $A56E: AD 06 00
000487r 1  D0 06          BNE LA57A                                           ; $A571: D0 07
000489r 1  A5 0E          LDA $000E                                           ; $A573: AD 0E 00
00048Br 1  29 08          AND #$08                                            ; $A576: 29 08
00048Dr 1  D0 06          BNE LA580                                           ; $A578: D0 06
00048Fr 1               LA57A:
00048Fr 1  B1 08          LDA ($08),Y                                         ; $A57A: B1 08
000491r 1  9D 42 01       STA $0142,X                                         ; $A57C: 9D 42 01
000494r 1  E8             INX                                                 ; $A57F: E8
000495r 1               LA580:
000495r 1  C8             INY                                                 ; $A580: C8
000496r 1  C8             INY                                                 ; $A581: C8
000497r 1  B1 08          LDA ($08),Y                                         ; $A582: B1 08
000499r 1  9D 42 01       STA $0142,X                                         ; $A584: 9D 42 01
00049Cr 1  E8             INX                                                 ; $A587: E8
00049Dr 1  60             RTS                                                 ; $A588: 60
00049Er 1               LA589:
00049Er 1  C8             INY                                                 ; $A589: C8
00049Fr 1  A5 06          LDA $0006                                           ; $A58A: AD 06 00
0004A1r 1  D0 06          BNE LA596                                           ; $A58D: D0 07
0004A3r 1  A5 0E          LDA $000E                                           ; $A58F: AD 0E 00
0004A5r 1  29 08          AND #$08                                            ; $A592: 29 08
0004A7r 1  D0 06          BNE LA59C                                           ; $A594: D0 06
0004A9r 1               LA596:
0004A9r 1  B1 08          LDA ($08),Y                                         ; $A596: B1 08
0004ABr 1  9D 42 01       STA $0142,X                                         ; $A598: 9D 42 01
0004AEr 1  E8             INX                                                 ; $A59B: E8
0004AFr 1               LA59C:
0004AFr 1  C8             INY                                                 ; $A59C: C8
0004B0r 1  C8             INY                                                 ; $A59D: C8
0004B1r 1  B1 08          LDA ($08),Y                                         ; $A59E: B1 08
0004B3r 1  9D 42 01       STA $0142,X                                         ; $A5A0: 9D 42 01
0004B6r 1  E8             INX                                                 ; $A5A3: E8
0004B7r 1  60             RTS                                                 ; $A5A4: 60
0004B8r 1               LA5A5:
0004B8r 1  20 rr rr       JSR LA91E                                           ; $A5A5: 20 1E A9
0004BBr 1  A0 00          LDY #$00                                            ; $A5A8: A0 00
0004BDr 1  84 09          STY $0009                                           ; $A5AA: 8C 09 00
0004BFr 1  0A             ASL A                                               ; $A5AD: 0A
0004C0r 1  26 09          ROL $0009                                           ; $A5AE: 2E 09 00
0004C2r 1  0A             ASL A                                               ; $A5B1: 0A
0004C3r 1  26 09          ROL $0009                                           ; $A5B2: 2E 09 00
0004C5r 1  18             CLC                                                 ; $A5B5: 18
0004C6r 1  65 02          ADC $0002                                           ; $A5B6: 6D 02 00
0004C8r 1  85 08          STA $0008                                           ; $A5B9: 8D 08 00
0004CAr 1  A5 09          LDA $0009                                           ; $A5BC: AD 09 00
0004CCr 1  65 03          ADC $0003                                           ; $A5BF: 6D 03 00
0004CEr 1  85 09          STA $0009                                           ; $A5C2: 8D 09 00
0004D0r 1               LA5C5:
0004D0r 1  A0 00          LDY #$00                                            ; $A5C5: A0 00
0004D2r 1  A5 0E          LDA $000E                                           ; $A5C7: AD 0E 00
0004D4r 1  29 08          AND #$08                                            ; $A5CA: 29 08
0004D6r 1  D0 18          BNE LA5E8                                           ; $A5CC: D0 1A
0004D8r 1  A5 06          LDA $0006                                           ; $A5CE: AD 06 00
0004DAr 1  D0 06          BNE LA5DA                                           ; $A5D1: D0 07
0004DCr 1  A5 0C          LDA $000C                                           ; $A5D3: AD 0C 00
0004DEr 1  29 08          AND #$08                                            ; $A5D6: 29 08
0004E0r 1  D0 06          BNE LA5E0                                           ; $A5D8: D0 06
0004E2r 1               LA5DA:
0004E2r 1  B1 08          LDA ($08),Y                                         ; $A5DA: B1 08
0004E4r 1  9D 66 01       STA $0166,X                                         ; $A5DC: 9D 66 01
0004E7r 1  E8             INX                                                 ; $A5DF: E8
0004E8r 1               LA5E0:
0004E8r 1  C8             INY                                                 ; $A5E0: C8
0004E9r 1  B1 08          LDA ($08),Y                                         ; $A5E1: B1 08
0004EBr 1  9D 66 01       STA $0166,X                                         ; $A5E3: 9D 66 01
0004EEr 1  E8             INX                                                 ; $A5E6: E8
0004EFr 1  60             RTS                                                 ; $A5E7: 60
0004F0r 1               LA5E8:
0004F0r 1  C8             INY                                                 ; $A5E8: C8
0004F1r 1  C8             INY                                                 ; $A5E9: C8
0004F2r 1  A5 06          LDA $0006                                           ; $A5EA: AD 06 00
0004F4r 1  D0 06          BNE LA5F6                                           ; $A5ED: D0 07
0004F6r 1  A5 0C          LDA $000C                                           ; $A5EF: AD 0C 00
0004F8r 1  29 08          AND #$08                                            ; $A5F2: 29 08
0004FAr 1  D0 06          BNE LA5FC                                           ; $A5F4: D0 06
0004FCr 1               LA5F6:
0004FCr 1  B1 08          LDA ($08),Y                                         ; $A5F6: B1 08
0004FEr 1  9D 66 01       STA $0166,X                                         ; $A5F8: 9D 66 01
000501r 1  E8             INX                                                 ; $A5FB: E8
000502r 1               LA5FC:
000502r 1  C8             INY                                                 ; $A5FC: C8
000503r 1  B1 08          LDA ($08),Y                                         ; $A5FD: B1 08
000505r 1  9D 66 01       STA $0166,X                                         ; $A5FF: 9D 66 01
000508r 1  E8             INX                                                 ; $A602: E8
000509r 1  60             RTS                                                 ; $A603: 60
00050Ar 1               LA604:
00050Ar 1  A5 0F          LDA $000F                                           ; $A604: AD 0F 00
00050Cr 1  0A             ASL A                                               ; $A607: 0A
00050Dr 1  18             CLC                                                 ; $A608: 18
00050Er 1  65 0D          ADC $000D                                           ; $A609: 6D 0D 00
000510r 1  A8             TAY                                                 ; $A60C: A8
000511r 1  B1 A8          LDA ($A8),Y                                         ; $A60D: B1 A8
000513r 1  60             RTS                                                 ; $A60F: 60
000514r 1               LA610:
000514r 1  A5 1F          LDA $001F                                           ; $A610: AD 1F 00
000516r 1  0A             ASL A                                               ; $A613: 0A
000517r 1  18             CLC                                                 ; $A614: 18
000518r 1  65 1D          ADC $001D                                           ; $A615: 6D 1D 00
00051Ar 1  A8             TAY                                                 ; $A618: A8
00051Br 1  B1 A8          LDA ($A8),Y                                         ; $A619: B1 A8
00051Dr 1  60             RTS                                                 ; $A61B: 60
00051Er 1               LA61C:
00051Er 1  A5 00          LDA $0000                                           ; $A61C: AD 00 00
000520r 1               LA61F:
000520r 1  48             PHA                                                 ; $A61F: 48
000521r 1  0A             ASL A                                               ; $A620: 0A
000522r 1  A8             TAY                                                 ; $A621: A8
000523r 1  B9 42 A6       LDA $A642,Y                                         ; $A622: B9 42 A6
000526r 1  85 00          STA $0000                                           ; $A625: 8D 00 00
000528r 1  B9 43 A6       LDA $A643,Y                                         ; $A628: B9 43 A6
00052Br 1  85 01          STA $0001                                           ; $A62B: 8D 01 00
00052Dr 1  A9 77          LDA #$77                                            ; $A62E: A9 77
00052Fr 1  85 02          STA $0002                                           ; $A630: 8D 02 00
000531r 1  A9 F4          LDA #$F4                                            ; $A633: A9 F4
000533r 1  85 03          STA $0003                                           ; $A635: 8D 03 00
000535r 1  68             PLA                                                 ; $A638: 68
000536r 1  A8             TAY                                                 ; $A639: A8
000537r 1  B9 22 A8       LDA $A822,Y                                         ; $A63A: B9 22 A8
00053Ar 1  A8             TAY                                                 ; $A63D: A8
00053Br 1  20 5F F2       JSR B1F_SwitchBank8_B                               ; $A63E: 20 5F F2
00053Er 1  60             RTS                                                 ; $A641: 60
00053Fr 1  40 80 70 81    .byte $40,$80,$70,$81,$00,$82,$30,$83,$C0,$83,$F0,$84,$80,$85,$B0,$86; $A642: 40 80 70 81 00 82 30 83 C0 83 F0 84 80 85 B0 86
000543r 1  00 82 30 83  
000547r 1  C0 83 F0 84  
00054Fr 1  40 87 70 88    .byte $40,$87,$70,$88,$00,$89,$30,$8A,$C0,$8A,$F0,$8B,$80,$8C,$B0,$8D; $A652: 40 87 70 88 00 89 30 8A C0 8A F0 8B 80 8C B0 8D
000553r 1  00 89 30 8A  
000557r 1  C0 8A F0 8B  
00055Fr 1  40 8E 70 8F    .byte $40,$8E,$70,$8F,$00,$90,$30,$91,$C0,$91,$F0,$92,$80,$93,$B0,$94; $A662: 40 8E 70 8F 00 90 30 91 C0 91 F0 92 80 93 B0 94
000563r 1  00 90 30 91  
000567r 1  C0 91 F0 92  
00056Fr 1  40 95 70 96    .byte $40,$95,$70,$96,$00,$97,$30,$98,$C0,$98,$F0,$99,$80,$9A,$B0,$9B; $A672: 40 95 70 96 00 97 30 98 C0 98 F0 99 80 9A B0 9B
000573r 1  00 97 30 98  
000577r 1  C0 98 F0 99  
00057Fr 1  A6 89 D6 8A    .byte $A6,$89,$D6,$8A,$66,$8B,$96,$8C,$26,$8D,$56,$8E,$E6,$8E,$16,$90; $A682: A6 89 D6 8A 66 8B 96 8C 26 8D 56 8E E6 8E 16 90
000583r 1  66 8B 96 8C  
000587r 1  26 8D 56 8E  
00058Fr 1  A6 90 D6 91    .byte $A6,$90,$D6,$91,$66,$92,$96,$93,$26,$94,$56,$95,$E6,$95,$16,$97; $A692: A6 90 D6 91 66 92 96 93 26 94 56 95 E6 95 16 97
000593r 1  66 92 96 93  
000597r 1  26 94 56 95  
00059Fr 1  A6 97 D6 98    .byte $A6,$97,$D6,$98,$66,$99,$96,$9A,$26,$9B,$56,$9C,$E6,$9C,$16,$9E; $A6A2: A6 97 D6 98 66 99 96 9A 26 9B 56 9C E6 9C 16 9E
0005A3r 1  66 99 96 9A  
0005A7r 1  26 9B 56 9C  
0005AFr 1  40 95 70 96    .byte $40,$95,$70,$96,$00,$97,$30,$98,$C0,$98,$F0,$99,$80,$9A,$B0,$9B; $A6B2: 40 95 70 96 00 97 30 98 C0 98 F0 99 80 9A B0 9B
0005B3r 1  00 97 30 98  
0005B7r 1  C0 98 F0 99  
0005BFr 1  40 80 70 81    .byte $40,$80,$70,$81,$00,$82,$30,$83,$C0,$83,$F0,$84,$80,$85,$B0,$86; $A6C2: 40 80 70 81 00 82 30 83 C0 83 F0 84 80 85 B0 86
0005C3r 1  00 82 30 83  
0005C7r 1  C0 83 F0 84  
0005CFr 1  40 87 70 88    .byte $40,$87,$70,$88,$00,$89,$30,$8A,$C0,$8A,$F0,$8B,$80,$8C,$B0,$8D; $A6D2: 40 87 70 88 00 89 30 8A C0 8A F0 8B 80 8C B0 8D
0005D3r 1  00 89 30 8A  
0005D7r 1  C0 8A F0 8B  
0005DFr 1  40 8E 70 8F    .byte $40,$8E,$70,$8F,$00,$90,$30,$91,$C0,$91,$F0,$92,$80,$93,$B0,$94; $A6E2: 40 8E 70 8F 00 90 30 91 C0 91 F0 92 80 93 B0 94
0005E3r 1  00 90 30 91  
0005E7r 1  C0 91 F0 92  
0005EFr 1  40 95 70 96    .byte $40,$95,$70,$96,$00,$97,$30,$98,$C0,$98,$F0,$99,$80,$9A,$B0,$9B; $A6F2: 40 95 70 96 00 97 30 98 C0 98 F0 99 80 9A B0 9B
0005F3r 1  00 97 30 98  
0005F7r 1  C0 98 F0 99  
0005FFr 1  40 80 70 81    .byte $40,$80,$70,$81,$00,$82,$30,$83,$C0,$83,$F0,$84,$80,$85,$B0,$86; $A702: 40 80 70 81 00 82 30 83 C0 83 F0 84 80 85 B0 86
000603r 1  00 82 30 83  
000607r 1  C0 83 F0 84  
00060Fr 1  40 87 70 88    .byte $40,$87,$70,$88,$00,$89,$30,$8A,$C0,$8A,$F0,$8B,$80,$8C,$B0,$8D; $A712: 40 87 70 88 00 89 30 8A C0 8A F0 8B 80 8C B0 8D
000613r 1  00 89 30 8A  
000617r 1  C0 8A F0 8B  
00061Fr 1  40 8E 70 8F    .byte $40,$8E,$70,$8F,$00,$90,$30,$91,$C0,$91,$F0,$92,$80,$93,$B0,$94; $A722: 40 8E 70 8F 00 90 30 91 C0 91 F0 92 80 93 B0 94
000623r 1  00 90 30 91  
000627r 1  C0 91 F0 92  
00062Fr 1  00 80 30 81    .byte $00,$80,$30,$81,$C0,$81,$F0,$82,$80,$83,$B0,$84,$40,$85,$70,$86; $A732: 00 80 30 81 C0 81 F0 82 80 83 B0 84 40 85 70 86
000633r 1  C0 81 F0 82  
000637r 1  80 83 B0 84  
00063Fr 1  00 87 30 88    .byte $00,$87,$30,$88,$C0,$88,$F0,$89,$80,$8A,$B0,$8B,$40,$8C,$70,$8D; $A742: 00 87 30 88 C0 88 F0 89 80 8A B0 8B 40 8C 70 8D
000643r 1  C0 88 F0 89  
000647r 1  80 8A B0 8B  
00064Fr 1  00 8E 30 8F    .byte $00,$8E,$30,$8F,$C0,$8F,$F0,$90,$80,$91,$B0,$92,$40,$93,$70,$94; $A752: 00 8E 30 8F C0 8F F0 90 80 91 B0 92 40 93 70 94
000653r 1  C0 8F F0 90  
000657r 1  80 91 B0 92  
00065Fr 1  00 95 30 96    .byte $00,$95,$30,$96,$C0,$96,$F0,$97,$80,$98,$B0,$99,$40,$9A,$70,$9B; $A762: 00 95 30 96 C0 96 F0 97 80 98 B0 99 40 9A 70 9B
000663r 1  C0 96 F0 97  
000667r 1  80 98 B0 99  
00066Fr 1  66 89 96 8A    .byte $66,$89,$96,$8A,$26,$8B,$56,$8C,$E6,$8C,$16,$8E,$A6,$8E,$D6,$8F; $A772: 66 89 96 8A 26 8B 56 8C E6 8C 16 8E A6 8E D6 8F
000673r 1  26 8B 56 8C  
000677r 1  E6 8C 16 8E  
00067Fr 1  66 90 96 91    .byte $66,$90,$96,$91,$26,$92,$56,$93,$E6,$93,$16,$95,$A6,$95,$D6,$96; $A782: 66 90 96 91 26 92 56 93 E6 93 16 95 A6 95 D6 96
000683r 1  26 92 56 93  
000687r 1  E6 93 16 95  
00068Fr 1  66 97 96 98    .byte $66,$97,$96,$98,$26,$99,$56,$9A,$E6,$9A,$16,$9C,$A6,$9C,$D6,$9D; $A792: 66 97 96 98 26 99 56 9A E6 9A 16 9C A6 9C D6 9D
000693r 1  26 99 56 9A  
000697r 1  E6 9A 16 9C  
00069Fr 1  00 95 30 96    .byte $00,$95,$30,$96,$C0,$96,$F0,$97,$80,$98,$B0,$99,$40,$9A,$70,$9B; $A7A2: 00 95 30 96 C0 96 F0 97 80 98 B0 99 40 9A 70 9B
0006A3r 1  C0 96 F0 97  
0006A7r 1  80 98 B0 99  
0006AFr 1  00 80 30 81    .byte $00,$80,$30,$81,$C0,$81,$F0,$82,$80,$83,$B0,$84,$40,$85,$70,$86; $A7B2: 00 80 30 81 C0 81 F0 82 80 83 B0 84 40 85 70 86
0006B3r 1  C0 81 F0 82  
0006B7r 1  80 83 B0 84  
0006BFr 1  00 87 30 88    .byte $00,$87,$30,$88,$C0,$88,$F0,$89,$80,$8A,$B0,$8B,$40,$8C,$70,$8D; $A7C2: 00 87 30 88 C0 88 F0 89 80 8A B0 8B 40 8C 70 8D
0006C3r 1  C0 88 F0 89  
0006C7r 1  80 8A B0 8B  
0006CFr 1  00 8E 30 8F    .byte $00,$8E,$30,$8F,$C0,$8F,$F0,$90,$80,$91,$B0,$92,$40,$93,$70,$94; $A7D2: 00 8E 30 8F C0 8F F0 90 80 91 B0 92 40 93 70 94
0006D3r 1  C0 8F F0 90  
0006D7r 1  80 91 B0 92  
0006DFr 1  00 95 30 96    .byte $00,$95,$30,$96,$C0,$96,$F0,$97,$80,$98,$B0,$99,$40,$9A,$70,$9B; $A7E2: 00 95 30 96 C0 96 F0 97 80 98 B0 99 40 9A 70 9B
0006E3r 1  C0 96 F0 97  
0006E7r 1  80 98 B0 99  
0006EFr 1  00 80 30 81    .byte $00,$80,$30,$81,$C0,$81,$F0,$82,$80,$83,$B0,$84,$40,$85,$70,$86; $A7F2: 00 80 30 81 C0 81 F0 82 80 83 B0 84 40 85 70 86
0006F3r 1  C0 81 F0 82  
0006F7r 1  80 83 B0 84  
0006FFr 1  00 87 30 88    .byte $00,$87,$30,$88,$C0,$88,$F0,$89,$80,$8A,$B0,$8B,$40,$8C,$70,$8D; $A802: 00 87 30 88 C0 88 F0 89 80 8A B0 8B 40 8C 70 8D
000703r 1  C0 88 F0 89  
000707r 1  80 8A B0 8B  
00070Fr 1  00 8E 30 8F    .byte $00,$8E,$30,$8F,$C0,$8F,$F0,$90,$80,$91,$B0,$92,$40,$93,$70,$94; $A812: 00 8E 30 8F C0 8F F0 90 80 91 B0 92 40 93 70 94
000713r 1  C0 8F F0 90  
000717r 1  80 91 B0 92  
00071Fr 1  20 20 20 20    .byte $20,$20,$20,$20,$20,$20,$20,$20,$20,$20,$20,$20,$20,$20,$20,$20; $A822: 20 20 20 20 20 20 20 20 20 20 20 20 20 20 20 20
000723r 1  20 20 20 20  
000727r 1  20 20 20 20  
00072Fr 1  20 20 20 20    .byte $20,$20,$20,$20,$20,$20,$20,$20,$20,$20,$20,$20,$20,$20,$20,$20; $A832: 20 20 20 20 20 20 20 20 20 20 20 20 20 20 20 20
000733r 1  20 20 20 20  
000737r 1  20 20 20 20  
00073Fr 1  23 23 23 23    .byte $23,$23,$23,$23,$23,$23,$23,$23,$23,$23,$23,$23,$23,$23,$23,$23; $A842: 23 23 23 23 23 23 23 23 23 23 23 23 23 23 23 23
000743r 1  23 23 23 23  
000747r 1  23 23 23 23  
00074Fr 1  23 23 23 23    .byte $23,$23,$23,$23,$23,$23,$23,$23,$25,$25,$25,$25,$25,$25,$25,$25; $A852: 23 23 23 23 23 23 23 23 25 25 25 25 25 25 25 25
000753r 1  23 23 23 23  
000757r 1  25 25 25 25  
00075Fr 1  24 24 24 24    .byte $24,$24,$24,$24,$24,$24,$24,$24,$24,$24,$24,$24,$24,$24,$24,$24; $A862: 24 24 24 24 24 24 24 24 24 24 24 24 24 24 24 24
000763r 1  24 24 24 24  
000767r 1  24 24 24 24  
00076Fr 1  24 24 24 24    .byte $24,$24,$24,$24,$24,$24,$24,$24,$24,$24,$24,$24,$24,$24,$24,$24; $A872: 24 24 24 24 24 24 24 24 24 24 24 24 24 24 24 24
000773r 1  24 24 24 24  
000777r 1  24 24 24 24  
00077Fr 1  25 25 25 25    .byte $25,$25,$25,$25,$25,$25,$25,$25,$25,$25,$25,$25,$25,$25,$25,$25; $A882: 25 25 25 25 25 25 25 25 25 25 25 25 25 25 25 25
000783r 1  25 25 25 25  
000787r 1  25 25 25 25  
00078Fr 1  25 25 25 25    .byte $25,$25,$25,$25,$25,$25,$25,$25               ; $A892: 25 25 25 25 25 25 25 25
000793r 1  25 25 25 25  
000797r 1               LA89A:
000797r 1  A0 00          LDY #$00                                            ; $A89A: A0 00
000799r 1  A5 0D          LDA $000D                                           ; $A89C: AD 0D 00
00079Br 1  A2 20          LDX #$20                                            ; $A89F: A2 20
00079Dr 1  4A             LSR A                                               ; $A8A1: 4A
00079Er 1  B0 02          BCS LA8A6                                           ; $A8A2: B0 02
0007A0r 1  A2 20          LDX #$20                                            ; $A8A4: A2 20
0007A2r 1               LA8A6:
0007A2r 1  8A             TXA                                                 ; $A8A6: 8A
0007A3r 1  91 00          STA ($00),Y                                         ; $A8A7: 91 00
0007A5r 1  C8             INY                                                 ; $A8A9: C8
0007A6r 1  A5 0C          LDA $000C                                           ; $A8AA: AD 0C 00
0007A8r 1  4A             LSR A                                               ; $A8AD: 4A
0007A9r 1  4A             LSR A                                               ; $A8AE: 4A
0007AAr 1  4A             LSR A                                               ; $A8AF: 4A
0007ABr 1  91 00          STA ($00),Y                                         ; $A8B0: 91 00
0007ADr 1  A9 00          LDA #$00                                            ; $A8B2: A9 00
0007AFr 1  85 0F          STA $000F                                           ; $A8B4: 8D 0F 00
0007B1r 1  A5 0E          LDA $000E                                           ; $A8B7: AD 0E 00
0007B3r 1  29 F8          AND #$F8                                            ; $A8BA: 29 F8
0007B5r 1  0A             ASL A                                               ; $A8BC: 0A
0007B6r 1  26 0F          ROL $000F                                           ; $A8BD: 2E 0F 00
0007B8r 1  0A             ASL A                                               ; $A8C0: 0A
0007B9r 1  26 0F          ROL $000F                                           ; $A8C1: 2E 0F 00
0007BBr 1  18             CLC                                                 ; $A8C4: 18
0007BCr 1  71 00          ADC ($00),Y                                         ; $A8C5: 71 00
0007BEr 1  91 00          STA ($00),Y                                         ; $A8C7: 91 00
0007C0r 1  88             DEY                                                 ; $A8C9: 88
0007C1r 1  B1 00          LDA ($00),Y                                         ; $A8CA: B1 00
0007C3r 1  18             CLC                                                 ; $A8CC: 18
0007C4r 1  65 0F          ADC $000F                                           ; $A8CD: 6D 0F 00
0007C6r 1  91 00          STA ($00),Y                                         ; $A8D0: 91 00
0007C8r 1  60             RTS                                                 ; $A8D2: 60
0007C9r 1               LA8D3:
0007C9r 1  A0 00          LDY #$00                                            ; $A8D3: A0 00
0007CBr 1  A5 0D          LDA $000D                                           ; $A8D5: AD 0D 00
0007CDr 1  A2 23          LDX #$23                                            ; $A8D8: A2 23
0007CFr 1  4A             LSR A                                               ; $A8DA: 4A
0007D0r 1  B0 02          BCS LA8DF                                           ; $A8DB: B0 02
0007D2r 1  A2 23          LDX #$23                                            ; $A8DD: A2 23
0007D4r 1               LA8DF:
0007D4r 1  8A             TXA                                                 ; $A8DF: 8A
0007D5r 1  91 00          STA ($00),Y                                         ; $A8E0: 91 00
0007D7r 1  C8             INY                                                 ; $A8E2: C8
0007D8r 1  A5 0C          LDA $000C                                           ; $A8E3: AD 0C 00
0007DAr 1  4A             LSR A                                               ; $A8E6: 4A
0007DBr 1  4A             LSR A                                               ; $A8E7: 4A
0007DCr 1  4A             LSR A                                               ; $A8E8: 4A
0007DDr 1  4A             LSR A                                               ; $A8E9: 4A
0007DEr 1  4A             LSR A                                               ; $A8EA: 4A
0007DFr 1  18             CLC                                                 ; $A8EB: 18
0007E0r 1  69 C0          ADC #$C0                                            ; $A8EC: 69 C0
0007E2r 1  91 00          STA ($00),Y                                         ; $A8EE: 91 00
0007E4r 1  A5 0E          LDA $000E                                           ; $A8F0: AD 0E 00
0007E6r 1  29 E0          AND #$E0                                            ; $A8F3: 29 E0
0007E8r 1  4A             LSR A                                               ; $A8F5: 4A
0007E9r 1  4A             LSR A                                               ; $A8F6: 4A
0007EAr 1  18             CLC                                                 ; $A8F7: 18
0007EBr 1  71 00          ADC ($00),Y                                         ; $A8F8: 71 00
0007EDr 1  91 00          STA ($00),Y                                         ; $A8FA: 91 00
0007EFr 1  60             RTS                                                 ; $A8FC: 60
0007F0r 1               LA8FD:
0007F0r 1  48             PHA                                                 ; $A8FD: 48
0007F1r 1  A4 19          LDY $0019                                           ; $A8FE: AC 19 00
0007F3r 1  B9 80 06       LDA $0680,Y                                         ; $A901: B9 80 06
0007F6r 1  C9 FF          CMP #$FF                                            ; $A904: C9 FF
0007F8r 1  F0 12          BEQ LA91C                                           ; $A906: F0 14
0007FAr 1  A8             TAY                                                 ; $A908: A8
0007FBr 1  68             PLA                                                 ; $A909: 68
0007FCr 1  68             PLA                                                 ; $A90A: 68
0007FDr 1  68             PLA                                                 ; $A90B: 68
0007FEr 1  20 rr rr       JSR LA986                                           ; $A90C: 20 86 A9
000801r 1  A9 B0          LDA #$B0                                            ; $A90F: A9 B0
000803r 1  85 08          STA $0008                                           ; $A911: 8D 08 00
000805r 1  A9 01          LDA #$01                                            ; $A914: A9 01
000807r 1  85 09          STA $0009                                           ; $A916: 8D 09 00
000809r 1  4C rr rr       JMP LA565                                           ; $A919: 4C 65 A5
00080Cr 1               LA91C:
00080Cr 1  68             PLA                                                 ; $A91C: 68
00080Dr 1  60             RTS                                                 ; $A91D: 60
00080Er 1               LA91E:
00080Er 1  48             PHA                                                 ; $A91E: 48
00080Fr 1  A4 18          LDY $0018                                           ; $A91F: AC 18 00
000811r 1  B9 80 06       LDA $0680,Y                                         ; $A922: B9 80 06
000814r 1  C9 FF          CMP #$FF                                            ; $A925: C9 FF
000816r 1  F0 12          BEQ LA93D                                           ; $A927: F0 14
000818r 1  A8             TAY                                                 ; $A929: A8
000819r 1  68             PLA                                                 ; $A92A: 68
00081Ar 1  68             PLA                                                 ; $A92B: 68
00081Br 1  68             PLA                                                 ; $A92C: 68
00081Cr 1  20 rr rr       JSR LA986                                           ; $A92D: 20 86 A9
00081Fr 1  A9 B0          LDA #$B0                                            ; $A930: A9 B0
000821r 1  85 08          STA $0008                                           ; $A932: 8D 08 00
000823r 1  A9 01          LDA #$01                                            ; $A935: A9 01
000825r 1  85 09          STA $0009                                           ; $A937: 8D 09 00
000827r 1  4C rr rr       JMP LA5C5                                           ; $A93A: 4C C5 A5
00082Ar 1               LA93D:
00082Ar 1  68             PLA                                                 ; $A93D: 68
00082Br 1  60             RTS                                                 ; $A93E: 60
00082Cr 1               LA93F:
00082Cr 1  20 rr rr       JSR LAB26                                           ; $A93F: 20 26 AB
00082Fr 1  A0 3F          LDY #$3F                                            ; $A942: A0 3F
000831r 1  A9 FF          LDA #$FF                                            ; $A944: A9 FF
000833r 1               LA946:
000833r 1  99 80 06       STA $0680,Y                                         ; $A946: 99 80 06
000836r 1  88             DEY                                                 ; $A949: 88
000837r 1  10 FA          BPL LA946                                           ; $A94A: 10 FA
000839r 1  A0 13          LDY #$13                                            ; $A94C: A0 13
00083Br 1               LA94E:
00083Br 1  B9 00 06       LDA $0600,Y                                         ; $A94E: B9 00 06
00083Er 1  C5 18          CMP $0018                                           ; $A951: CD 18 00
000840r 1  D0 07          BNE LA95D                                           ; $A954: D0 07
000842r 1  BE 14 06       LDX $0614,Y                                         ; $A956: BE 14 06
000845r 1  98             TYA                                                 ; $A959: 98
000846r 1  9D 80 06       STA $0680,X                                         ; $A95A: 9D 80 06
000849r 1               LA95D:
000849r 1  88             DEY                                                 ; $A95D: 88
00084Ar 1  10 EF          BPL LA94E                                           ; $A95E: 10 EE
00084Cr 1  60             RTS                                                 ; $A960: 60
00084Dr 1               LA961:
00084Dr 1  20 rr rr       JSR LAB26                                           ; $A961: 20 26 AB
000850r 1  A0 3F          LDY #$3F                                            ; $A964: A0 3F
000852r 1  A9 FF          LDA #$FF                                            ; $A966: A9 FF
000854r 1               LA968:
000854r 1  99 80 06       STA $0680,Y                                         ; $A968: 99 80 06
000857r 1  88             DEY                                                 ; $A96B: 88
000858r 1  10 FA          BPL LA968                                           ; $A96C: 10 FA
00085Ar 1  A0 13          LDY #$13                                            ; $A96E: A0 13
00085Cr 1               LA970:
00085Cr 1  B9 14 06       LDA $0614,Y                                         ; $A970: B9 14 06
00085Fr 1  C5 19          CMP $0019                                           ; $A973: CD 19 00
000861r 1  D0 07          BNE LA97F                                           ; $A976: D0 07
000863r 1  BE 00 06       LDX $0600,Y                                         ; $A978: BE 00 06
000866r 1  98             TYA                                                 ; $A97B: 98
000867r 1  9D 80 06       STA $0680,X                                         ; $A97C: 9D 80 06
00086Ar 1               LA97F:
00086Ar 1  88             DEY                                                 ; $A97F: 88
00086Br 1  10 EF          BPL LA970                                           ; $A980: 10 EE
00086Dr 1  60             RTS                                                 ; $A982: 60
00086Er 1               LA983:
00086Er 1  A4 00          LDY $0000                                           ; $A983: AC 00 00
000870r 1               LA986:
000870r 1  98             TYA                                                 ; $A986: 98
000871r 1  48             PHA                                                 ; $A987: 48
000872r 1  AD 07 05       LDA $0507                                           ; $A988: AD 07 05
000875r 1  48             PHA                                                 ; $A98B: 48
000876r 1  B9 28 06       LDA $0628,Y                                         ; $A98C: B9 28 06
000879r 1  10 06          BPL LA997                                           ; $A98F: 10 06
00087Br 1  68             PLA                                                 ; $A991: 68
00087Cr 1  4A             LSR A                                               ; $A992: 4A
00087Dr 1  4A             LSR A                                               ; $A993: 4A
00087Er 1  4A             LSR A                                               ; $A994: 4A
00087Fr 1  4A             LSR A                                               ; $A995: 4A
000880r 1  48             PHA                                                 ; $A996: 48
000881r 1               LA997:
000881r 1  68             PLA                                                 ; $A997: 68
000882r 1  29 0F          AND #$0F                                            ; $A998: 29 0F
000884r 1  20 rr rr       JSR LA9A8                                           ; $A99A: 20 A8 A9
000887r 1  C9 00          CMP #$00                                            ; $A99D: C9 00
000889r 1  F0 1F          BEQ LA9C4                                           ; $A99F: F0 23
00088Br 1  C9 01          CMP #$01                                            ; $A9A1: C9 01
00088Dr 1  F0 7B          BEQ LAA24                                           ; $A9A3: F0 7F
00088Fr 1  4C rr rr       JMP LAA84                                           ; $A9A5: 4C 84 AA
000892r 1               LA9A8:
000892r 1  A8             TAY                                                 ; $A9A8: A8
000893r 1  A5 00          LDA $0000                                           ; $A9A9: AD 00 00
000895r 1  48             PHA                                                 ; $A9AC: 48
000896r 1  A5 01          LDA $0001                                           ; $A9AD: AD 01 00
000898r 1  48             PHA                                                 ; $A9B0: 48
000899r 1  98             TYA                                                 ; $A9B1: 98
00089Ar 1  20 68 F3       JSR B1F_GetRulerDataPtr                             ; $A9B2: 20 68 F3
00089Dr 1  A0 03          LDY #$03                                            ; $A9B5: A0 03
00089Fr 1  B1 00          LDA ($00),Y                                         ; $A9B7: B1 00
0008A1r 1  A8             TAY                                                 ; $A9B9: A8
0008A2r 1  68             PLA                                                 ; $A9BA: 68
0008A3r 1  85 01          STA $0001                                           ; $A9BB: 8D 01 00
0008A5r 1  68             PLA                                                 ; $A9BE: 68
0008A6r 1  85 00          STA $0000                                           ; $A9BF: 8D 00 00
0008A8r 1  98             TYA                                                 ; $A9C2: 98
0008A9r 1  60             RTS                                                 ; $A9C3: 60
0008AAr 1               LA9C4:
0008AAr 1  68             PLA                                                 ; $A9C4: 68
0008ABr 1  A8             TAY                                                 ; $A9C5: A8
0008ACr 1  48             PHA                                                 ; $A9C6: 48
0008ADr 1  B9 3C 06       LDA $063C,Y                                         ; $A9C7: B9 3C 06
0008B0r 1  A8             TAY                                                 ; $A9CA: A8
0008B1r 1  B9 E4 AA       LDA $AAE4,Y                                         ; $A9CB: B9 E4 AA
0008B4r 1  8D B0 01       STA $01B0                                           ; $A9CE: 8D B0 01
0008B7r 1  B9 EF AA       LDA $AAEF,Y                                         ; $A9D1: B9 EF AA
0008BAr 1  8D B1 01       STA $01B1                                           ; $A9D4: 8D B1 01
0008BDr 1  68             PLA                                                 ; $A9D7: 68
0008BEr 1  A8             TAY                                                 ; $A9D8: A8
0008BFr 1  F0 04          BEQ LA9DF                                           ; $A9D9: F0 04
0008C1r 1  C9 0A          CMP #$0A                                            ; $A9DB: C9 0A
0008C3r 1  D0 16          BNE LA9F5                                           ; $A9DD: D0 16
0008C5r 1               LA9DF:
0008C5r 1  A9 BB          LDA #$BB                                            ; $A9DF: A9 BB
0008C7r 1  8D B0 01       STA $01B0                                           ; $A9E1: 8D B0 01
0008CAr 1  B9 3C 06       LDA $063C,Y                                         ; $A9E4: B9 3C 06
0008CDr 1  C9 0A          CMP #$0A                                            ; $A9E7: C9 0A
0008CFr 1  D0 0A          BNE LA9F5                                           ; $A9E9: D0 0A
0008D1r 1  A9 BA          LDA #$BA                                            ; $A9EB: A9 BA
0008D3r 1  8D B0 01       STA $01B0                                           ; $A9ED: 8D B0 01
0008D6r 1  A9 AB          LDA #$AB                                            ; $A9F0: A9 AB
0008D8r 1  8D B1 01       STA $01B1                                           ; $A9F2: 8D B1 01
0008DBr 1               LA9F5:
0008DBr 1  A9 AE          LDA #$AE                                            ; $A9F5: A9 AE
0008DDr 1  8D B2 01       STA $01B2                                           ; $A9F7: 8D B2 01
0008E0r 1  A9 AF          LDA #$AF                                            ; $A9FA: A9 AF
0008E2r 1  8D B3 01       STA $01B3                                           ; $A9FC: 8D B3 01
0008E5r 1  B9 28 06       LDA $0628,Y                                         ; $A9FF: B9 28 06
0008E8r 1  29 03          AND #$03                                            ; $AA02: 29 03
0008EAr 1  D0 0A          BNE LAA10                                           ; $AA04: D0 0A
0008ECr 1  A9 BD          LDA #$BD                                            ; $AA06: A9 BD
0008EEr 1  8D B2 01       STA $01B2                                           ; $AA08: 8D B2 01
0008F1r 1  A9 BE          LDA #$BE                                            ; $AA0B: A9 BE
0008F3r 1  8D B3 01       STA $01B3                                           ; $AA0D: 8D B3 01
0008F6r 1               LAA10:
0008F6r 1  B9 28 06       LDA $0628,Y                                         ; $AA10: B9 28 06
0008F9r 1  29 03          AND #$03                                            ; $AA13: 29 03
0008FBr 1  C9 01          CMP #$01                                            ; $AA15: C9 01
0008FDr 1  D0 0A          BNE LAA23                                           ; $AA17: D0 0A
0008FFr 1  A9 AC          LDA #$AC                                            ; $AA19: A9 AC
000901r 1  8D B2 01       STA $01B2                                           ; $AA1B: 8D B2 01
000904r 1  A9 AD          LDA #$AD                                            ; $AA1E: A9 AD
000906r 1  8D B3 01       STA $01B3                                           ; $AA20: 8D B3 01
000909r 1               LAA23:
000909r 1  60             RTS                                                 ; $AA23: 60
00090Ar 1               LAA24:
00090Ar 1  68             PLA                                                 ; $AA24: 68
00090Br 1  A8             TAY                                                 ; $AA25: A8
00090Cr 1  48             PHA                                                 ; $AA26: 48
00090Dr 1  B9 3C 06       LDA $063C,Y                                         ; $AA27: B9 3C 06
000910r 1  A8             TAY                                                 ; $AA2A: A8
000911r 1  B9 FA AA       LDA $AAFA,Y                                         ; $AA2B: B9 FA AA
000914r 1  8D B0 01       STA $01B0                                           ; $AA2E: 8D B0 01
000917r 1  B9 05 AB       LDA $AB05,Y                                         ; $AA31: B9 05 AB
00091Ar 1  8D B1 01       STA $01B1                                           ; $AA34: 8D B1 01
00091Dr 1  68             PLA                                                 ; $AA37: 68
00091Er 1  A8             TAY                                                 ; $AA38: A8
00091Fr 1  F0 04          BEQ LAA3F                                           ; $AA39: F0 04
000921r 1  C0 0A          CPY #$0A                                            ; $AA3B: C0 0A
000923r 1  D0 16          BNE LAA55                                           ; $AA3D: D0 16
000925r 1               LAA3F:
000925r 1  A9 B1          LDA #$B1                                            ; $AA3F: A9 B1
000927r 1  8D B0 01       STA $01B0                                           ; $AA41: 8D B0 01
00092Ar 1  B9 3C 06       LDA $063C,Y                                         ; $AA44: B9 3C 06
00092Dr 1  C9 0A          CMP #$0A                                            ; $AA47: C9 0A
00092Fr 1  D0 0A          BNE LAA55                                           ; $AA49: D0 0A
000931r 1  A9 B0          LDA #$B0                                            ; $AA4B: A9 B0
000933r 1  8D B0 01       STA $01B0                                           ; $AA4D: 8D B0 01
000936r 1  A9 8B          LDA #$8B                                            ; $AA50: A9 8B
000938r 1  8D B1 01       STA $01B1                                           ; $AA52: 8D B1 01
00093Br 1               LAA55:
00093Br 1  A9 8C          LDA #$8C                                            ; $AA55: A9 8C
00093Dr 1  8D B2 01       STA $01B2                                           ; $AA57: 8D B2 01
000940r 1  A9 8D          LDA #$8D                                            ; $AA5A: A9 8D
000942r 1  8D B3 01       STA $01B3                                           ; $AA5C: 8D B3 01
000945r 1  B9 28 06       LDA $0628,Y                                         ; $AA5F: B9 28 06
000948r 1  29 03          AND #$03                                            ; $AA62: 29 03
00094Ar 1  D0 0A          BNE LAA70                                           ; $AA64: D0 0A
00094Cr 1  A9 B3          LDA #$B3                                            ; $AA66: A9 B3
00094Er 1  8D B2 01       STA $01B2                                           ; $AA68: 8D B2 01
000951r 1  A9 B4          LDA #$B4                                            ; $AA6B: A9 B4
000953r 1  8D B3 01       STA $01B3                                           ; $AA6D: 8D B3 01
000956r 1               LAA70:
000956r 1  B9 28 06       LDA $0628,Y                                         ; $AA70: B9 28 06
000959r 1  29 03          AND #$03                                            ; $AA73: 29 03
00095Br 1  C9 02          CMP #$02                                            ; $AA75: C9 02
00095Dr 1  D0 0A          BNE LAA83                                           ; $AA77: D0 0A
00095Fr 1  A9 8E          LDA #$8E                                            ; $AA79: A9 8E
000961r 1  8D B2 01       STA $01B2                                           ; $AA7B: 8D B2 01
000964r 1  A9 8F          LDA #$8F                                            ; $AA7E: A9 8F
000966r 1  8D B3 01       STA $01B3                                           ; $AA80: 8D B3 01
000969r 1               LAA83:
000969r 1  60             RTS                                                 ; $AA83: 60
00096Ar 1               LAA84:
00096Ar 1  68             PLA                                                 ; $AA84: 68
00096Br 1  A8             TAY                                                 ; $AA85: A8
00096Cr 1  48             PHA                                                 ; $AA86: 48
00096Dr 1  B9 3C 06       LDA $063C,Y                                         ; $AA87: B9 3C 06
000970r 1  A8             TAY                                                 ; $AA8A: A8
000971r 1  B9 10 AB       LDA $AB10,Y                                         ; $AA8B: B9 10 AB
000974r 1  8D B0 01       STA $01B0                                           ; $AA8E: 8D B0 01
000977r 1  B9 1B AB       LDA $AB1B,Y                                         ; $AA91: B9 1B AB
00097Ar 1  8D B1 01       STA $01B1                                           ; $AA94: 8D B1 01
00097Dr 1  68             PLA                                                 ; $AA97: 68
00097Er 1  A8             TAY                                                 ; $AA98: A8
00097Fr 1  F0 04          BEQ LAA9F                                           ; $AA99: F0 04
000981r 1  C0 0A          CPY #$0A                                            ; $AA9B: C0 0A
000983r 1  D0 16          BNE LAAB5                                           ; $AA9D: D0 16
000985r 1               LAA9F:
000985r 1  A9 B6          LDA #$B6                                            ; $AA9F: A9 B6
000987r 1  8D B0 01       STA $01B0                                           ; $AAA1: 8D B0 01
00098Ar 1  B9 3C 06       LDA $063C,Y                                         ; $AAA4: B9 3C 06
00098Dr 1  C9 0A          CMP #$0A                                            ; $AAA7: C9 0A
00098Fr 1  D0 0A          BNE LAAB5                                           ; $AAA9: D0 0A
000991r 1  A9 B5          LDA #$B5                                            ; $AAAB: A9 B5
000993r 1  8D B0 01       STA $01B0                                           ; $AAAD: 8D B0 01
000996r 1  A9 9B          LDA #$9B                                            ; $AAB0: A9 9B
000998r 1  8D B1 01       STA $01B1                                           ; $AAB2: 8D B1 01
00099Br 1               LAAB5:
00099Br 1  A9 9C          LDA #$9C                                            ; $AAB5: A9 9C
00099Dr 1  8D B2 01       STA $01B2                                           ; $AAB7: 8D B2 01
0009A0r 1  A9 9D          LDA #$9D                                            ; $AABA: A9 9D
0009A2r 1  8D B3 01       STA $01B3                                           ; $AABC: 8D B3 01
0009A5r 1  B9 28 06       LDA $0628,Y                                         ; $AABF: B9 28 06
0009A8r 1  29 03          AND #$03                                            ; $AAC2: 29 03
0009AAr 1  D0 0A          BNE LAAD0                                           ; $AAC4: D0 0A
0009ACr 1  A9 B8          LDA #$B8                                            ; $AAC6: A9 B8
0009AEr 1  8D B2 01       STA $01B2                                           ; $AAC8: 8D B2 01
0009B1r 1  A9 B9          LDA #$B9                                            ; $AACB: A9 B9
0009B3r 1  8D B3 01       STA $01B3                                           ; $AACD: 8D B3 01
0009B6r 1               LAAD0:
0009B6r 1  B9 28 06       LDA $0628,Y                                         ; $AAD0: B9 28 06
0009B9r 1  29 03          AND #$03                                            ; $AAD3: 29 03
0009BBr 1  C9 02          CMP #$02                                            ; $AAD5: C9 02
0009BDr 1  D0 0A          BNE LAAE3                                           ; $AAD7: D0 0A
0009BFr 1  A9 9E          LDA #$9E                                            ; $AAD9: A9 9E
0009C1r 1  8D B2 01       STA $01B2                                           ; $AADB: 8D B2 01
0009C4r 1  A9 9F          LDA #$9F                                            ; $AADE: A9 9F
0009C6r 1  8D B3 01       STA $01B3                                           ; $AAE0: 8D B3 01
0009C9r 1               LAAE3:
0009C9r 1  60             RTS                                                 ; $AAE3: 60
0009CAr 1  BC BC BC BC    .byte $BC,$BC,$BC,$BC,$BC,$BC,$BC,$BC,$BC,$BC,$AA,$A0,$A1,$A2,$A3,$A4; $AAE4: BC BC BC BC BC BC BC BC BC BC AA A0 A1 A2 A3 A4
0009CEr 1  BC BC BC BC  
0009D2r 1  BC BC AA A0  
0009DAr 1  A5 A6 A7 A8    .byte $A5,$A6,$A7,$A8,$A9,$AB,$B2,$B2,$B2,$B2,$B2,$B2,$B2,$B2,$B2,$B2; $AAF4: A5 A6 A7 A8 A9 AB B2 B2 B2 B2 B2 B2 B2 B2 B2 B2
0009DEr 1  A9 AB B2 B2  
0009E2r 1  B2 B2 B2 B2  
0009EAr 1  8A 80 81 82    .byte $8A,$80,$81,$82,$83,$84,$85,$86,$87,$88,$89,$8B,$B7,$B7,$B7,$B7; $AB04: 8A 80 81 82 83 84 85 86 87 88 89 8B B7 B7 B7 B7
0009EEr 1  83 84 85 86  
0009F2r 1  87 88 89 8B  
0009FAr 1  B7 B7 B7 B7    .byte $B7,$B7,$B7,$B7,$B7,$B7,$9A,$90,$91,$92,$93,$94,$95,$96,$97,$98; $AB14: B7 B7 B7 B7 B7 B7 9A 90 91 92 93 94 95 96 97 98
0009FEr 1  B7 B7 9A 90  
000A02r 1  91 92 93 94  
000A0Ar 1  99 9B          .byte $99,$9B                                       ; $AB24: 99 9B
000A0Cr 1               LAB26:
000A0Cr 1  A5 0C          LDA $000C                                           ; $AB26: AD 0C 00
000A0Er 1  85 18          STA $0018                                           ; $AB29: 8D 18 00
000A10r 1  A5 0D          LDA $000D                                           ; $AB2C: AD 0D 00
000A12r 1  4A             LSR A                                               ; $AB2F: 4A
000A13r 1  66 18          ROR $0018                                           ; $AB30: 6E 18 00
000A15r 1  46 18          LSR $0018                                           ; $AB33: 4E 18 00
000A17r 1  46 18          LSR $0018                                           ; $AB36: 4E 18 00
000A19r 1  46 18          LSR $0018                                           ; $AB39: 4E 18 00
000A1Br 1  A5 0E          LDA $000E                                           ; $AB3C: AD 0E 00
000A1Dr 1  85 19          STA $0019                                           ; $AB3F: 8D 19 00
000A1Fr 1  A5 0F          LDA $000F                                           ; $AB42: AD 0F 00
000A21r 1  4A             LSR A                                               ; $AB45: 4A
000A22r 1  66 19          ROR $0019                                           ; $AB46: 6E 19 00
000A24r 1  46 19          LSR $0019                                           ; $AB49: 4E 19 00
000A26r 1  46 19          LSR $0019                                           ; $AB4C: 4E 19 00
000A28r 1  46 19          LSR $0019                                           ; $AB4F: 4E 19 00
000A2Ar 1  60             RTS                                                 ; $AB52: 60
000A2Br 1               LAB53:
000A2Br 1  A5 8E          LDA $008E                                           ; $AB53: AD 8E 00
000A2Dr 1  38             SEC                                                 ; $AB56: 38
000A2Er 1  E9 06          SBC #$06                                            ; $AB57: E9 06
000A30r 1  4A             LSR A                                               ; $AB59: 4A
000A31r 1  4A             LSR A                                               ; $AB5A: 4A
000A32r 1  4A             LSR A                                               ; $AB5B: 4A
000A33r 1  C5 95          CMP $0095                                           ; $AB5C: CD 95 00
000A35r 1  F0 06          BEQ LAB68                                           ; $AB5F: F0 07
000A37r 1  85 95          STA $0095                                           ; $AB61: 8D 95 00
000A39r 1  20 rr rr       JSR LAB7B                                           ; $AB64: 20 7B AB
000A3Cr 1  60             RTS                                                 ; $AB67: 60
000A3Dr 1               LAB68:
000A3Dr 1  A5 90          LDA $0090                                           ; $AB68: AD 90 00
000A3Fr 1  4A             LSR A                                               ; $AB6B: 4A
000A40r 1  4A             LSR A                                               ; $AB6C: 4A
000A41r 1  4A             LSR A                                               ; $AB6D: 4A
000A42r 1  4A             LSR A                                               ; $AB6E: 4A
000A43r 1  C5 94          CMP $0094                                           ; $AB6F: CD 94 00
000A45r 1  F0 05          BEQ LAB7A                                           ; $AB72: F0 06
000A47r 1  85 94          STA $0094                                           ; $AB74: 8D 94 00
000A49r 1  20 rr rr       JSR LAB87                                           ; $AB77: 20 87 AB
000A4Cr 1               LAB7A:
000A4Cr 1  60             RTS                                                 ; $AB7A: 60
000A4Dr 1               LAB7B:
000A4Dr 1  A5 9C          LDA $009C                                           ; $AB7B: AD 9C 00
000A4Fr 1  0A             ASL A                                               ; $AB7E: 0A
000A50r 1  30 03          BMI LAB84                                           ; $AB7F: 30 03
000A52r 1  4C rr rr       JMP LAD69                                           ; $AB81: 4C 69 AD
000A55r 1               LAB84:
000A55r 1  4C rr rr       JMP LAB94                                           ; $AB84: 4C 94 AB
000A58r 1               LAB87:
000A58r 1  A5 9C          LDA $009C                                           ; $AB87: AD 9C 00
000A5Ar 1  29 10          AND #$10                                            ; $AB8A: 29 10
000A5Cr 1  F0 03          BEQ LAB91                                           ; $AB8C: F0 03
000A5Er 1  4C rr rr       JMP LAD9F                                           ; $AB8E: 4C 9F AD
000A61r 1               LAB91:
000A61r 1  4C rr rr       JMP LAEB5                                           ; $AB91: 4C B5 AE
000A64r 1               LAB94:
000A64r 1  A5 8E          LDA $008E                                           ; $AB94: AD 8E 00
000A66r 1  85 0C          STA $000C                                           ; $AB97: 8D 0C 00
000A68r 1  A5 8F          LDA $008F                                           ; $AB9A: AD 8F 00
000A6Ar 1  85 0D          STA $000D                                           ; $AB9D: 8D 0D 00
000A6Cr 1  A5 90          LDA $0090                                           ; $ABA0: AD 90 00
000A6Er 1  85 0E          STA $000E                                           ; $ABA3: 8D 0E 00
000A70r 1  A5 91          LDA $0091                                           ; $ABA6: AD 91 00
000A72r 1  85 0F          STA $000F                                           ; $ABA9: 8D 0F 00
000A74r 1  A5 8E          LDA $008E                                           ; $ABAC: AD 8E 00
000A76r 1  85 1C          STA $001C                                           ; $ABAF: 8D 1C 00
000A78r 1  A5 8F          LDA $008F                                           ; $ABB2: AD 8F 00
000A7Ar 1  85 1D          STA $001D                                           ; $ABB5: 8D 1D 00
000A7Cr 1  E6 1D          INC $001D                                           ; $ABB8: EE 1D 00
000A7Er 1  A5 90          LDA $0090                                           ; $ABBB: AD 90 00
000A80r 1  85 1E          STA $001E                                           ; $ABBE: 8D 1E 00
000A82r 1  A5 91          LDA $0091                                           ; $ABC1: AD 91 00
000A84r 1  85 1F          STA $001F                                           ; $ABC4: 8D 1F 00
000A86r 1               LABC7:
000A86r 1  20 rr rr       JSR LA604                                           ; $ABC7: 20 04 A6
000A89r 1  84 0A          STY $000A                                           ; $ABCA: 8C 0A 00
000A8Br 1  20 rr rr       JSR LAEF3                                           ; $ABCD: 20 F3 AE
000A8Er 1  A5 0A          LDA $000A                                           ; $ABD0: AD 0A 00
000A90r 1  18             CLC                                                 ; $ABD3: 18
000A91r 1  69 02          ADC #$02                                            ; $ABD4: 69 02
000A93r 1  A8             TAY                                                 ; $ABD6: A8
000A94r 1  B1 A8          LDA ($A8),Y                                         ; $ABD7: B1 A8
000A96r 1  85 0A          STA $000A                                           ; $ABD9: 8D 0A 00
000A98r 1  20 rr rr       JSR LA610                                           ; $ABDC: 20 10 A6
000A9Br 1  84 1A          STY $001A                                           ; $ABDF: 8C 1A 00
000A9Dr 1  20 rr rr       JSR LAF0C                                           ; $ABE2: 20 0C AF
000AA0r 1  A5 1A          LDA $001A                                           ; $ABE5: AD 1A 00
000AA2r 1  18             CLC                                                 ; $ABE8: 18
000AA3r 1  69 02          ADC #$02                                            ; $ABE9: 69 02
000AA5r 1  A8             TAY                                                 ; $ABEB: A8
000AA6r 1  B1 A8          LDA ($A8),Y                                         ; $ABEC: B1 A8
000AA8r 1  85 1A          STA $001A                                           ; $ABEE: 8D 1A 00
000AAAr 1  A2 00          LDX #$00                                            ; $ABF1: A2 00
000AACr 1  86 06          STX $0006                                           ; $ABF3: 8E 06 00
000AAEr 1  A5 0C          LDA $000C                                           ; $ABF6: AD 0C 00
000AB0r 1  4A             LSR A                                               ; $ABF9: 4A
000AB1r 1  4A             LSR A                                               ; $ABFA: 4A
000AB2r 1  4A             LSR A                                               ; $ABFB: 4A
000AB3r 1  4A             LSR A                                               ; $ABFC: 4A
000AB4r 1  4A             LSR A                                               ; $ABFD: 4A
000AB5r 1  85 08          STA $0008                                           ; $ABFE: 8D 08 00
000AB7r 1  A5 0E          LDA $000E                                           ; $AC01: AD 0E 00
000AB9r 1  29 E0          AND #$E0                                            ; $AC04: 29 E0
000ABBr 1  4A             LSR A                                               ; $AC06: 4A
000ABCr 1  4A             LSR A                                               ; $AC07: 4A
000ABDr 1  18             CLC                                                 ; $AC08: 18
000ABEr 1  65 08          ADC $0008                                           ; $AC09: 6D 08 00
000AC0r 1  85 05          STA $0005                                           ; $AC0C: 8D 05 00
000AC2r 1  20 rr rr       JSR LAFF9                                           ; $AC0F: 20 F9 AF
000AC5r 1  A2 00          LDX #$00                                            ; $AC12: A2 00
000AC7r 1  A9 08          LDA #$08                                            ; $AC14: A9 08
000AC9r 1  85 07          STA $0007                                           ; $AC16: 8D 07 00
000ACBr 1  A5 0E          LDA $000E                                           ; $AC19: AD 0E 00
000ACDr 1  29 10          AND #$10                                            ; $AC1C: 29 10
000ACFr 1  F0 02          BEQ LAC23                                           ; $AC1E: F0 03
000AD1r 1  E6 07          INC $0007                                           ; $AC20: EE 07 00
000AD3r 1               LAC23:
000AD3r 1  A4 05          LDY $0005                                           ; $AC23: AC 05 00
000AD5r 1  B1 00          LDA ($00),Y                                         ; $AC26: B1 00
000AD7r 1  85 02          STA $0002                                           ; $AC28: 8D 02 00
000AD9r 1  B1 10          LDA ($10),Y                                         ; $AC2B: B1 10
000ADBr 1  85 03          STA $0003                                           ; $AC2D: 8D 03 00
000ADDr 1  20 rr rr       JSR LAF1B                                           ; $AC30: 20 1B AF
000AE0r 1  E6 17          INC $0017                                           ; $AC33: EE 17 00
000AE2r 1  E6 17          INC $0017                                           ; $AC36: EE 17 00
000AE4r 1  E6 19          INC $0019                                           ; $AC39: EE 19 00
000AE6r 1  E6 19          INC $0019                                           ; $AC3C: EE 19 00
000AE8r 1  20 rr rr       JSR LAC80                                           ; $AC3F: 20 80 AC
000AEBr 1  A5 05          LDA $0005                                           ; $AC42: AD 05 00
000AEDr 1  18             CLC                                                 ; $AC45: 18
000AEEr 1  69 08          ADC #$08                                            ; $AC46: 69 08
000AF0r 1  C9 40          CMP #$40                                            ; $AC48: C9 40
000AF2r 1  90 0E          BCC LAC5C                                           ; $AC4A: 90 10
000AF4r 1  29 07          AND #$07                                            ; $AC4C: 29 07
000AF6r 1  48             PHA                                                 ; $AC4E: 48
000AF7r 1  A5 0A          LDA $000A                                           ; $AC4F: AD 0A 00
000AF9r 1  20 rr rr       JSR LAEF3                                           ; $AC52: 20 F3 AE
000AFCr 1  A5 1A          LDA $001A                                           ; $AC55: AD 1A 00
000AFEr 1  20 rr rr       JSR LAF0C                                           ; $AC58: 20 0C AF
000B01r 1  68             PLA                                                 ; $AC5B: 68
000B02r 1               LAC5C:
000B02r 1  85 05          STA $0005                                           ; $AC5C: 8D 05 00
000B04r 1  E6 06          INC $0006                                           ; $AC5F: EE 06 00
000B06r 1  A5 06          LDA $0006                                           ; $AC62: AD 06 00
000B08r 1  C5 07          CMP $0007                                           ; $AC65: CD 07 00
000B0Ar 1  90 C7          BCC LAC23                                           ; $AC68: 90 B9
000B0Cr 1  A9 88          LDA #$88                                            ; $AC6A: A9 88
000B0Er 1  85 00          STA $0000                                           ; $AC6C: 8D 00 00
000B10r 1  A9 01          LDA #$01                                            ; $AC6F: A9 01
000B12r 1  85 01          STA $0001                                           ; $AC71: 8D 01 00
000B14r 1  20 rr rr       JSR LA8D3                                           ; $AC74: 20 D3 A8
000B17r 1  A5 7E          LDA $007E                                           ; $AC77: AD 7E 00
000B19r 1  09 20          ORA #$20                                            ; $AC7A: 09 20
000B1Br 1  85 7E          STA $007E                                           ; $AC7C: 8D 7E 00
000B1Dr 1  60             RTS                                                 ; $AC7F: 60
000B1Er 1               LAC80:
000B1Er 1  A5 9C          LDA $009C                                           ; $AC80: AD 9C 00
000B20r 1  0A             ASL A                                               ; $AC83: 0A
000B21r 1  10 60          BPL LACF4                                           ; $AC84: 10 6E
000B23r 1  A5 0C          LDA $000C                                           ; $AC86: AD 0C 00
000B25r 1  29 10          AND #$10                                            ; $AC89: 29 10
000B27r 1  D0 27          BNE LACB8                                           ; $AC8B: D0 2B
000B29r 1  A5 06          LDA $0006                                           ; $AC8D: AD 06 00
000B2Br 1  C9 08          CMP #$08                                            ; $AC90: C9 08
000B2Dr 1  D0 1A          BNE LACB0                                           ; $AC92: D0 1C
000B2Fr 1  A5 0E          LDA $000E                                           ; $AC94: AD 0E 00
000B31r 1  29 10          AND #$10                                            ; $AC97: 29 10
000B33r 1  F0 14          BEQ LACB0                                           ; $AC99: F0 15
000B35r 1  AD 8A 01       LDA $018A                                           ; $AC9B: AD 8A 01
000B38r 1  29 F0          AND #$F0                                            ; $AC9E: 29 F0
000B3Ar 1  8D 8A 01       STA $018A                                           ; $ACA0: 8D 8A 01
000B3Dr 1  A5 02          LDA $0002                                           ; $ACA3: AD 02 00
000B3Fr 1  29 0F          AND #$0F                                            ; $ACA6: 29 0F
000B41r 1  0D 8A 01       ORA $018A                                           ; $ACA8: 0D 8A 01
000B44r 1  8D 8A 01       STA $018A                                           ; $ACAB: 8D 8A 01
000B47r 1  E8             INX                                                 ; $ACAE: E8
000B48r 1  60             RTS                                                 ; $ACAF: 60
000B49r 1               LACB0:
000B49r 1  A5 02          LDA $0002                                           ; $ACB0: AD 02 00
000B4Br 1  9D 8A 01       STA $018A,X                                         ; $ACB3: 9D 8A 01
000B4Er 1  E8             INX                                                 ; $ACB6: E8
000B4Fr 1  60             RTS                                                 ; $ACB7: 60
000B50r 1               LACB8:
000B50r 1  A5 06          LDA $0006                                           ; $ACB8: AD 06 00
000B52r 1  C9 08          CMP #$08                                            ; $ACBB: C9 08
000B54r 1  D0 1C          BNE LACDF                                           ; $ACBD: D0 20
000B56r 1  AD 8A 01       LDA $018A                                           ; $ACBF: AD 8A 01
000B59r 1  29 F0          AND #$F0                                            ; $ACC2: 29 F0
000B5Br 1  8D 8A 01       STA $018A                                           ; $ACC4: 8D 8A 01
000B5Er 1  A5 02          LDA $0002                                           ; $ACC7: AD 02 00
000B60r 1  29 0C          AND #$0C                                            ; $ACCA: 29 0C
000B62r 1  85 02          STA $0002                                           ; $ACCC: 8D 02 00
000B64r 1  A5 03          LDA $0003                                           ; $ACCF: AD 03 00
000B66r 1  29 03          AND #$03                                            ; $ACD2: 29 03
000B68r 1  05 02          ORA $0002                                           ; $ACD4: 0D 02 00
000B6Ar 1  0D 8A 01       ORA $018A                                           ; $ACD7: 0D 8A 01
000B6Dr 1  8D 8A 01       STA $018A                                           ; $ACDA: 8D 8A 01
000B70r 1  E8             INX                                                 ; $ACDD: E8
000B71r 1  60             RTS                                                 ; $ACDE: 60
000B72r 1               LACDF:
000B72r 1  A5 02          LDA $0002                                           ; $ACDF: AD 02 00
000B74r 1  29 CC          AND #$CC                                            ; $ACE2: 29 CC
000B76r 1  85 02          STA $0002                                           ; $ACE4: 8D 02 00
000B78r 1  A5 03          LDA $0003                                           ; $ACE7: AD 03 00
000B7Ar 1  29 33          AND #$33                                            ; $ACEA: 29 33
000B7Cr 1  05 02          ORA $0002                                           ; $ACEC: 0D 02 00
000B7Er 1  9D 8A 01       STA $018A,X                                         ; $ACEF: 9D 8A 01
000B81r 1  E8             INX                                                 ; $ACF2: E8
000B82r 1  60             RTS                                                 ; $ACF3: 60
000B83r 1               LACF4:
000B83r 1  A5 0C          LDA $000C                                           ; $ACF4: AD 0C 00
000B85r 1  29 10          AND #$10                                            ; $ACF7: 29 10
000B87r 1  F0 27          BEQ LAD26                                           ; $ACF9: F0 2B
000B89r 1  A5 06          LDA $0006                                           ; $ACFB: AD 06 00
000B8Br 1  C9 08          CMP #$08                                            ; $ACFE: C9 08
000B8Dr 1  D0 1A          BNE LAD1E                                           ; $AD00: D0 1C
000B8Fr 1  A5 0E          LDA $000E                                           ; $AD02: AD 0E 00
000B91r 1  29 10          AND #$10                                            ; $AD05: 29 10
000B93r 1  F0 14          BEQ LAD1E                                           ; $AD07: F0 15
000B95r 1  AD 8A 01       LDA $018A                                           ; $AD09: AD 8A 01
000B98r 1  29 F0          AND #$F0                                            ; $AD0C: 29 F0
000B9Ar 1  8D 8A 01       STA $018A                                           ; $AD0E: 8D 8A 01
000B9Dr 1  A5 02          LDA $0002                                           ; $AD11: AD 02 00
000B9Fr 1  29 0F          AND #$0F                                            ; $AD14: 29 0F
000BA1r 1  0D 8A 01       ORA $018A                                           ; $AD16: 0D 8A 01
000BA4r 1  8D 8A 01       STA $018A                                           ; $AD19: 8D 8A 01
000BA7r 1  E8             INX                                                 ; $AD1C: E8
000BA8r 1  60             RTS                                                 ; $AD1D: 60
000BA9r 1               LAD1E:
000BA9r 1  A5 02          LDA $0002                                           ; $AD1E: AD 02 00
000BABr 1  9D 8A 01       STA $018A,X                                         ; $AD21: 9D 8A 01
000BAEr 1  E8             INX                                                 ; $AD24: E8
000BAFr 1  60             RTS                                                 ; $AD25: 60
000BB0r 1               LAD26:
000BB0r 1  A5 06          LDA $0006                                           ; $AD26: AD 06 00
000BB2r 1  C9 08          CMP #$08                                            ; $AD29: C9 08
000BB4r 1  D0 22          BNE LAD54                                           ; $AD2B: D0 27
000BB6r 1  A5 0E          LDA $000E                                           ; $AD2D: AD 0E 00
000BB8r 1  29 10          AND #$10                                            ; $AD30: 29 10
000BBAr 1  F0 1C          BEQ LAD54                                           ; $AD32: F0 20
000BBCr 1  AD 8A 01       LDA $018A                                           ; $AD34: AD 8A 01
000BBFr 1  29 F0          AND #$F0                                            ; $AD37: 29 F0
000BC1r 1  8D 8A 01       STA $018A                                           ; $AD39: 8D 8A 01
000BC4r 1  A5 02          LDA $0002                                           ; $AD3C: AD 02 00
000BC6r 1  29 03          AND #$03                                            ; $AD3F: 29 03
000BC8r 1  85 02          STA $0002                                           ; $AD41: 8D 02 00
000BCAr 1  A5 03          LDA $0003                                           ; $AD44: AD 03 00
000BCCr 1  29 0C          AND #$0C                                            ; $AD47: 29 0C
000BCEr 1  05 02          ORA $0002                                           ; $AD49: 0D 02 00
000BD0r 1  0D 8A 01       ORA $018A                                           ; $AD4C: 0D 8A 01
000BD3r 1  8D 8A 01       STA $018A                                           ; $AD4F: 8D 8A 01
000BD6r 1  E8             INX                                                 ; $AD52: E8
000BD7r 1  60             RTS                                                 ; $AD53: 60
000BD8r 1               LAD54:
000BD8r 1  A5 02          LDA $0002                                           ; $AD54: AD 02 00
000BDAr 1  29 33          AND #$33                                            ; $AD57: 29 33
000BDCr 1  85 02          STA $0002                                           ; $AD59: 8D 02 00
000BDEr 1  A5 03          LDA $0003                                           ; $AD5C: AD 03 00
000BE0r 1  29 CC          AND #$CC                                            ; $AD5F: 29 CC
000BE2r 1  05 02          ORA $0002                                           ; $AD61: 0D 02 00
000BE4r 1  9D 8A 01       STA $018A,X                                         ; $AD64: 9D 8A 01
000BE7r 1  E8             INX                                                 ; $AD67: E8
000BE8r 1  60             RTS                                                 ; $AD68: 60
000BE9r 1               LAD69:
000BE9r 1  A5 8E          LDA $008E                                           ; $AD69: AD 8E 00
000BEBr 1  85 0C          STA $000C                                           ; $AD6C: 8D 0C 00
000BEDr 1  A5 8F          LDA $008F                                           ; $AD6F: AD 8F 00
000BEFr 1  85 0D          STA $000D                                           ; $AD72: 8D 0D 00
000BF1r 1  E6 0D          INC $000D                                           ; $AD75: EE 0D 00
000BF3r 1  A5 90          LDA $0090                                           ; $AD78: AD 90 00
000BF5r 1  85 0E          STA $000E                                           ; $AD7B: 8D 0E 00
000BF7r 1  A5 91          LDA $0091                                           ; $AD7E: AD 91 00
000BF9r 1  85 0F          STA $000F                                           ; $AD81: 8D 0F 00
000BFBr 1  A5 8E          LDA $008E                                           ; $AD84: AD 8E 00
000BFDr 1  85 1C          STA $001C                                           ; $AD87: 8D 1C 00
000BFFr 1  A5 8F          LDA $008F                                           ; $AD8A: AD 8F 00
000C01r 1  85 1D          STA $001D                                           ; $AD8D: 8D 1D 00
000C03r 1  A5 90          LDA $0090                                           ; $AD90: AD 90 00
000C05r 1  85 1E          STA $001E                                           ; $AD93: 8D 1E 00
000C07r 1  A5 91          LDA $0091                                           ; $AD96: AD 91 00
000C09r 1  85 1F          STA $001F                                           ; $AD99: 8D 1F 00
000C0Br 1  4C rr rr       JMP LABC7                                           ; $AD9C: 4C C7 AB
000C0Er 1               LAD9F:
000C0Er 1  A5 8E          LDA $008E                                           ; $AD9F: AD 8E 00
000C10r 1  18             CLC                                                 ; $ADA2: 18
000C11r 1  69 04          ADC #$04                                            ; $ADA3: 69 04
000C13r 1  85 0C          STA $000C                                           ; $ADA5: 8D 0C 00
000C15r 1  A5 8F          LDA $008F                                           ; $ADA8: AD 8F 00
000C17r 1  69 00          ADC #$00                                            ; $ADAB: 69 00
000C19r 1  85 0D          STA $000D                                           ; $ADAD: 8D 0D 00
000C1Br 1  A5 90          LDA $0090                                           ; $ADB0: AD 90 00
000C1Dr 1  85 0E          STA $000E                                           ; $ADB3: 8D 0E 00
000C1Fr 1  A5 91          LDA $0091                                           ; $ADB6: AD 91 00
000C21r 1  85 0F          STA $000F                                           ; $ADB9: 8D 0F 00
000C23r 1               LADBC:
000C23r 1  20 rr rr       JSR LA604                                           ; $ADBC: 20 04 A6
000C26r 1  84 0A          STY $000A                                           ; $ADBF: 8C 0A 00
000C28r 1  20 rr rr       JSR LAEF3                                           ; $ADC2: 20 F3 AE
000C2Br 1  A4 0A          LDY $000A                                           ; $ADC5: AC 0A 00
000C2Dr 1  C8             INY                                                 ; $ADC8: C8
000C2Er 1  B1 A8          LDA ($A8),Y                                         ; $ADC9: B1 A8
000C30r 1  85 0A          STA $000A                                           ; $ADCB: 8D 0A 00
000C32r 1  A9 00          LDA #$00                                            ; $ADCE: A9 00
000C34r 1  85 06          STA $0006                                           ; $ADD0: 8D 06 00
000C36r 1  A5 0C          LDA $000C                                           ; $ADD3: AD 0C 00
000C38r 1  4A             LSR A                                               ; $ADD6: 4A
000C39r 1  4A             LSR A                                               ; $ADD7: 4A
000C3Ar 1  4A             LSR A                                               ; $ADD8: 4A
000C3Br 1  4A             LSR A                                               ; $ADD9: 4A
000C3Cr 1  4A             LSR A                                               ; $ADDA: 4A
000C3Dr 1  85 08          STA $0008                                           ; $ADDB: 8D 08 00
000C3Fr 1  A5 0E          LDA $000E                                           ; $ADDE: AD 0E 00
000C41r 1  29 E0          AND #$E0                                            ; $ADE1: 29 E0
000C43r 1  4A             LSR A                                               ; $ADE3: 4A
000C44r 1  4A             LSR A                                               ; $ADE4: 4A
000C45r 1  18             CLC                                                 ; $ADE5: 18
000C46r 1  65 08          ADC $0008                                           ; $ADE6: 6D 08 00
000C48r 1  85 05          STA $0005                                           ; $ADE9: 8D 05 00
000C4Ar 1  20 rr rr       JSR LB055                                           ; $ADEC: 20 55 B0
000C4Dr 1  A2 00          LDX #$00                                            ; $ADEF: A2 00
000C4Fr 1  A9 08          LDA #$08                                            ; $ADF1: A9 08
000C51r 1  85 07          STA $0007                                           ; $ADF3: 8D 07 00
000C53r 1  A5 0C          LDA $000C                                           ; $ADF6: AD 0C 00
000C55r 1  29 10          AND #$10                                            ; $ADF9: 29 10
000C57r 1  F0 02          BEQ LAE00                                           ; $ADFB: F0 03
000C59r 1  E6 07          INC $0007                                           ; $ADFD: EE 07 00
000C5Br 1               LAE00:
000C5Br 1  A4 05          LDY $0005                                           ; $AE00: AC 05 00
000C5Dr 1  B1 00          LDA ($00),Y                                         ; $AE03: B1 00
000C5Fr 1  85 02          STA $0002                                           ; $AE05: 8D 02 00
000C61r 1  20 rr rr       JSR LAFB5                                           ; $AE08: 20 B5 AF
000C64r 1  E6 16          INC $0016                                           ; $AE0B: EE 16 00
000C66r 1  E6 16          INC $0016                                           ; $AE0E: EE 16 00
000C68r 1  E6 18          INC $0018                                           ; $AE11: EE 18 00
000C6Ar 1  E6 18          INC $0018                                           ; $AE14: EE 18 00
000C6Cr 1  20 rr rr       JSR LAE58                                           ; $AE17: 20 58 AE
000C6Fr 1  A5 05          LDA $0005                                           ; $AE1A: AD 05 00
000C71r 1  E6 05          INC $0005                                           ; $AE1D: EE 05 00
000C73r 1  29 07          AND #$07                                            ; $AE20: 29 07
000C75r 1  C9 07          CMP #$07                                            ; $AE22: C9 07
000C77r 1  D0 0D          BNE LAE37                                           ; $AE24: D0 11
000C79r 1  A5 0A          LDA $000A                                           ; $AE26: AD 0A 00
000C7Br 1  20 rr rr       JSR LAEF3                                           ; $AE29: 20 F3 AE
000C7Er 1  C6 05          DEC $0005                                           ; $AE2C: CE 05 00
000C80r 1  A5 05          LDA $0005                                           ; $AE2F: AD 05 00
000C82r 1  29 F8          AND #$F8                                            ; $AE32: 29 F8
000C84r 1  85 05          STA $0005                                           ; $AE34: 8D 05 00
000C86r 1               LAE37:
000C86r 1  E6 06          INC $0006                                           ; $AE37: EE 06 00
000C88r 1  A5 06          LDA $0006                                           ; $AE3A: AD 06 00
000C8Ar 1  C5 07          CMP $0007                                           ; $AE3D: CD 07 00
000C8Cr 1  90 CD          BCC LAE00                                           ; $AE40: 90 BE
000C8Er 1  A9 9C          LDA #$9C                                            ; $AE42: A9 9C
000C90r 1  85 00          STA $0000                                           ; $AE44: 8D 00 00
000C92r 1  A9 01          LDA #$01                                            ; $AE47: A9 01
000C94r 1  85 01          STA $0001                                           ; $AE49: 8D 01 00
000C96r 1  20 rr rr       JSR LA8D3                                           ; $AE4C: 20 D3 A8
000C99r 1  A5 7E          LDA $007E                                           ; $AE4F: AD 7E 00
000C9Br 1  09 10          ORA #$10                                            ; $AE52: 09 10
000C9Dr 1  85 7E          STA $007E                                           ; $AE54: 8D 7E 00
000C9Fr 1  60             RTS                                                 ; $AE57: 60
000CA0r 1               LAE58:
000CA0r 1  A5 9C          LDA $009C                                           ; $AE58: AD 9C 00
000CA2r 1  29 10          AND #$10                                            ; $AE5B: 29 10
000CA4r 1  F0 27          BEQ LAE8A                                           ; $AE5D: F0 2B
000CA6r 1  A5 06          LDA $0006                                           ; $AE5F: AD 06 00
000CA8r 1  C9 08          CMP #$08                                            ; $AE62: C9 08
000CAAr 1  D0 1A          BNE LAE82                                           ; $AE64: D0 1C
000CACr 1  A5 0C          LDA $000C                                           ; $AE66: AD 0C 00
000CAEr 1  29 10          AND #$10                                            ; $AE69: 29 10
000CB0r 1  F0 14          BEQ LAE82                                           ; $AE6B: F0 15
000CB2r 1  AD 9E 01       LDA $019E                                           ; $AE6D: AD 9E 01
000CB5r 1  29 CC          AND #$CC                                            ; $AE70: 29 CC
000CB7r 1  8D 9E 01       STA $019E                                           ; $AE72: 8D 9E 01
000CBAr 1  A5 02          LDA $0002                                           ; $AE75: AD 02 00
000CBCr 1  29 33          AND #$33                                            ; $AE78: 29 33
000CBEr 1  0D 9E 01       ORA $019E                                           ; $AE7A: 0D 9E 01
000CC1r 1  8D 9E 01       STA $019E                                           ; $AE7D: 8D 9E 01
000CC4r 1  E8             INX                                                 ; $AE80: E8
000CC5r 1  60             RTS                                                 ; $AE81: 60
000CC6r 1               LAE82:
000CC6r 1  A5 02          LDA $0002                                           ; $AE82: AD 02 00
000CC8r 1  9D 9E 01       STA $019E,X                                         ; $AE85: 9D 9E 01
000CCBr 1  E8             INX                                                 ; $AE88: E8
000CCCr 1  60             RTS                                                 ; $AE89: 60
000CCDr 1               LAE8A:
000CCDr 1  A5 06          LDA $0006                                           ; $AE8A: AD 06 00
000CCFr 1  C9 08          CMP #$08                                            ; $AE8D: C9 08
000CD1r 1  D0 1A          BNE LAEAD                                           ; $AE8F: D0 1C
000CD3r 1  A5 0C          LDA $000C                                           ; $AE91: AD 0C 00
000CD5r 1  29 10          AND #$10                                            ; $AE94: 29 10
000CD7r 1  F0 14          BEQ LAEAD                                           ; $AE96: F0 15
000CD9r 1  AD 9E 01       LDA $019E                                           ; $AE98: AD 9E 01
000CDCr 1  29 CC          AND #$CC                                            ; $AE9B: 29 CC
000CDEr 1  8D 9E 01       STA $019E                                           ; $AE9D: 8D 9E 01
000CE1r 1  A5 02          LDA $0002                                           ; $AEA0: AD 02 00
000CE3r 1  29 33          AND #$33                                            ; $AEA3: 29 33
000CE5r 1  0D 9E 01       ORA $019E                                           ; $AEA5: 0D 9E 01
000CE8r 1  8D 9E 01       STA $019E                                           ; $AEA8: 8D 9E 01
000CEBr 1  E8             INX                                                 ; $AEAB: E8
000CECr 1  60             RTS                                                 ; $AEAC: 60
000CEDr 1               LAEAD:
000CEDr 1  A5 02          LDA $0002                                           ; $AEAD: AD 02 00
000CEFr 1  9D 9E 01       STA $019E,X                                         ; $AEB0: 9D 9E 01
000CF2r 1  E8             INX                                                 ; $AEB3: E8
000CF3r 1  60             RTS                                                 ; $AEB4: 60
000CF4r 1               LAEB5:
000CF4r 1  A5 8E          LDA $008E                                           ; $AEB5: AD 8E 00
000CF6r 1  18             CLC                                                 ; $AEB8: 18
000CF7r 1  69 04          ADC #$04                                            ; $AEB9: 69 04
000CF9r 1  85 0C          STA $000C                                           ; $AEBB: 8D 0C 00
000CFBr 1  A5 8F          LDA $008F                                           ; $AEBE: AD 8F 00
000CFDr 1  69 00          ADC #$00                                            ; $AEC1: 69 00
000CFFr 1  85 0D          STA $000D                                           ; $AEC3: 8D 0D 00
000D01r 1  A5 90          LDA $0090                                           ; $AEC6: AD 90 00
000D03r 1  18             CLC                                                 ; $AEC9: 18
000D04r 1  69 A0          ADC #$A0                                            ; $AECA: 69 A0
000D06r 1  85 0E          STA $000E                                           ; $AECC: 8D 0E 00
000D08r 1  B0 04          BCS LAED5                                           ; $AECF: B0 04
000D0Ar 1  C9 F0          CMP #$F0                                            ; $AED1: C9 F0
000D0Cr 1  90 0E          BCC LAEE7                                           ; $AED3: 90 12
000D0Er 1               LAED5:
000D0Er 1  18             CLC                                                 ; $AED5: 18
000D0Fr 1  69 10          ADC #$10                                            ; $AED6: 69 10
000D11r 1  85 0E          STA $000E                                           ; $AED8: 8D 0E 00
000D13r 1  A5 91          LDA $0091                                           ; $AEDB: AD 91 00
000D15r 1  85 0F          STA $000F                                           ; $AEDE: 8D 0F 00
000D17r 1  E6 0F          INC $000F                                           ; $AEE1: EE 0F 00
000D19r 1  4C rr rr       JMP LADBC                                           ; $AEE4: 4C BC AD
000D1Cr 1               LAEE7:
000D1Cr 1  A5 91          LDA $0091                                           ; $AEE7: AD 91 00
000D1Er 1  85 0F          STA $000F                                           ; $AEEA: 8D 0F 00
000D20r 1  4C rr rr       JMP LADBC                                           ; $AEED: 4C BC AD
000D23r 1               LAEF0:
000D23r 1  A5 00          LDA $0000                                           ; $AEF0: AD 00 00
000D25r 1               LAEF3:
000D25r 1  48             PHA                                                 ; $AEF3: 48
000D26r 1  0A             ASL A                                               ; $AEF4: 0A
000D27r 1  A8             TAY                                                 ; $AEF5: A8
000D28r 1  B9 32 A7       LDA $A732,Y                                         ; $AEF6: B9 32 A7
000D2Br 1  85 00          STA $0000                                           ; $AEF9: 8D 00 00
000D2Dr 1  B9 33 A7       LDA $A733,Y                                         ; $AEFC: B9 33 A7
000D30r 1  85 01          STA $0001                                           ; $AEFF: 8D 01 00
000D32r 1  68             PLA                                                 ; $AF02: 68
000D33r 1  A8             TAY                                                 ; $AF03: A8
000D34r 1  B9 22 A8       LDA $A822,Y                                         ; $AF04: B9 22 A8
000D37r 1  A8             TAY                                                 ; $AF07: A8
000D38r 1  20 5F F2       JSR B1F_SwitchBank8_B                               ; $AF08: 20 5F F2
000D3Br 1  60             RTS                                                 ; $AF0B: 60
000D3Cr 1               LAF0C:
000D3Cr 1  0A             ASL A                                               ; $AF0C: 0A
000D3Dr 1  A8             TAY                                                 ; $AF0D: A8
000D3Er 1  B9 32 A7       LDA $A732,Y                                         ; $AF0E: B9 32 A7
000D41r 1  85 10          STA $0010                                           ; $AF11: 8D 10 00
000D43r 1  B9 33 A7       LDA $A733,Y                                         ; $AF14: B9 33 A7
000D46r 1  85 11          STA $0011                                           ; $AF17: 8D 11 00
000D48r 1  60             RTS                                                 ; $AF1A: 60
000D49r 1               LAF1B:
000D49r 1  A5 0C          LDA $000C                                           ; $AF1B: AD 0C 00
000D4Br 1  18             CLC                                                 ; $AF1E: 18
000D4Cr 1  69 08          ADC #$08                                            ; $AF1F: 69 08
000D4Er 1  29 10          AND #$10                                            ; $AF21: 29 10
000D50r 1  F0 07          BEQ LAF2C                                           ; $AF23: F0 07
000D52r 1  20 rr rr       JSR LAF30                                           ; $AF25: 20 30 AF
000D55r 1  20 rr rr       JSR LAF71                                           ; $AF28: 20 71 AF
000D58r 1  60             RTS                                                 ; $AF2B: 60
000D59r 1               LAF2C:
000D59r 1  20 rr rr       JSR LAF30                                           ; $AF2C: 20 30 AF
000D5Cr 1  60             RTS                                                 ; $AF2F: 60
000D5Dr 1               LAF30:
000D5Dr 1  A4 19          LDY $0019                                           ; $AF30: AC 19 00
000D5Fr 1  B9 80 06       LDA $0680,Y                                         ; $AF33: B9 80 06
000D62r 1  30 08          BMI LAF42                                           ; $AF36: 30 0A
000D64r 1  A5 02          LDA $0002                                           ; $AF38: AD 02 00
000D66r 1  29 FC          AND #$FC                                            ; $AF3B: 29 FC
000D68r 1  09 02          ORA #$02                                            ; $AF3D: 09 02
000D6Ar 1  85 02          STA $0002                                           ; $AF3F: 8D 02 00
000D6Cr 1               LAF42:
000D6Cr 1  B9 A0 06       LDA $06A0,Y                                         ; $AF42: B9 A0 06
000D6Fr 1  30 08          BMI LAF51                                           ; $AF45: 30 0A
000D71r 1  A5 02          LDA $0002                                           ; $AF47: AD 02 00
000D73r 1  29 F3          AND #$F3                                            ; $AF4A: 29 F3
000D75r 1  09 08          ORA #$08                                            ; $AF4C: 09 08
000D77r 1  85 02          STA $0002                                           ; $AF4E: 8D 02 00
000D79r 1               LAF51:
000D79r 1  C8             INY                                                 ; $AF51: C8
000D7Ar 1  B9 80 06       LDA $0680,Y                                         ; $AF52: B9 80 06
000D7Dr 1  30 08          BMI LAF61                                           ; $AF55: 30 0A
000D7Fr 1  A5 02          LDA $0002                                           ; $AF57: AD 02 00
000D81r 1  29 CF          AND #$CF                                            ; $AF5A: 29 CF
000D83r 1  09 20          ORA #$20                                            ; $AF5C: 09 20
000D85r 1  85 02          STA $0002                                           ; $AF5E: 8D 02 00
000D87r 1               LAF61:
000D87r 1  B9 A0 06       LDA $06A0,Y                                         ; $AF61: B9 A0 06
000D8Ar 1  30 08          BMI LAF70                                           ; $AF64: 30 0A
000D8Cr 1  A5 02          LDA $0002                                           ; $AF66: AD 02 00
000D8Er 1  29 3F          AND #$3F                                            ; $AF69: 29 3F
000D90r 1  09 80          ORA #$80                                            ; $AF6B: 09 80
000D92r 1  85 02          STA $0002                                           ; $AF6D: 8D 02 00
000D94r 1               LAF70:
000D94r 1  60             RTS                                                 ; $AF70: 60
000D95r 1               LAF71:
000D95r 1  A4 19          LDY $0019                                           ; $AF71: AC 19 00
000D97r 1  B9 C0 06       LDA $06C0,Y                                         ; $AF74: B9 C0 06
000D9Ar 1  30 08          BMI LAF83                                           ; $AF77: 30 0A
000D9Cr 1  A5 03          LDA $0003                                           ; $AF79: AD 03 00
000D9Er 1  29 FC          AND #$FC                                            ; $AF7C: 29 FC
000DA0r 1  09 02          ORA #$02                                            ; $AF7E: 09 02
000DA2r 1  85 03          STA $0003                                           ; $AF80: 8D 03 00
000DA4r 1               LAF83:
000DA4r 1  B9 E0 06       LDA $06E0,Y                                         ; $AF83: B9 E0 06
000DA7r 1  30 08          BMI LAF92                                           ; $AF86: 30 0A
000DA9r 1  A5 03          LDA $0003                                           ; $AF88: AD 03 00
000DABr 1  29 F3          AND #$F3                                            ; $AF8B: 29 F3
000DADr 1  09 08          ORA #$08                                            ; $AF8D: 09 08
000DAFr 1  85 03          STA $0003                                           ; $AF8F: 8D 03 00
000DB1r 1               LAF92:
000DB1r 1  C8             INY                                                 ; $AF92: C8
000DB2r 1  B9 C0 06       LDA $06C0,Y                                         ; $AF93: B9 C0 06
000DB5r 1  30 08          BMI LAFA2                                           ; $AF96: 30 0A
000DB7r 1  A5 03          LDA $0003                                           ; $AF98: AD 03 00
000DB9r 1  29 CF          AND #$CF                                            ; $AF9B: 29 CF
000DBBr 1  09 20          ORA #$20                                            ; $AF9D: 09 20
000DBDr 1  85 03          STA $0003                                           ; $AF9F: 8D 03 00
000DBFr 1               LAFA2:
000DBFr 1  B9 E0 06       LDA $06E0,Y                                         ; $AFA2: B9 E0 06
000DC2r 1  30 08          BMI LAFB1                                           ; $AFA5: 30 0A
000DC4r 1  A5 03          LDA $0003                                           ; $AFA7: AD 03 00
000DC6r 1  29 3F          AND #$3F                                            ; $AFAA: 29 3F
000DC8r 1  09 80          ORA #$80                                            ; $AFAC: 09 80
000DCAr 1  85 03          STA $0003                                           ; $AFAE: 8D 03 00
000DCCr 1               LAFB1:
000DCCr 1  C6 17          DEC $0017                                           ; $AFB1: CE 17 00
000DCEr 1  60             RTS                                                 ; $AFB4: 60
000DCFr 1               LAFB5:
000DCFr 1  A4 18          LDY $0018                                           ; $AFB5: AC 18 00
000DD1r 1  B9 80 06       LDA $0680,Y                                         ; $AFB8: B9 80 06
000DD4r 1  30 08          BMI LAFC7                                           ; $AFBB: 30 0A
000DD6r 1  A5 02          LDA $0002                                           ; $AFBD: AD 02 00
000DD8r 1  29 FC          AND #$FC                                            ; $AFC0: 29 FC
000DDAr 1  09 02          ORA #$02                                            ; $AFC2: 09 02
000DDCr 1  85 02          STA $0002                                           ; $AFC4: 8D 02 00
000DDEr 1               LAFC7:
000DDEr 1  B9 A0 06       LDA $06A0,Y                                         ; $AFC7: B9 A0 06
000DE1r 1  30 08          BMI LAFD6                                           ; $AFCA: 30 0A
000DE3r 1  A5 02          LDA $0002                                           ; $AFCC: AD 02 00
000DE5r 1  29 CF          AND #$CF                                            ; $AFCF: 29 CF
000DE7r 1  09 20          ORA #$20                                            ; $AFD1: 09 20
000DE9r 1  85 02          STA $0002                                           ; $AFD3: 8D 02 00
000DEBr 1               LAFD6:
000DEBr 1  C8             INY                                                 ; $AFD6: C8
000DECr 1  B9 80 06       LDA $0680,Y                                         ; $AFD7: B9 80 06
000DEFr 1  30 08          BMI LAFE6                                           ; $AFDA: 30 0A
000DF1r 1  A5 02          LDA $0002                                           ; $AFDC: AD 02 00
000DF3r 1  29 F3          AND #$F3                                            ; $AFDF: 29 F3
000DF5r 1  09 08          ORA #$08                                            ; $AFE1: 09 08
000DF7r 1  85 02          STA $0002                                           ; $AFE3: 8D 02 00
000DF9r 1               LAFE6:
000DF9r 1  B9 A0 06       LDA $06A0,Y                                         ; $AFE6: B9 A0 06
000DFCr 1  30 08          BMI LAFF5                                           ; $AFE9: 30 0A
000DFEr 1  A5 02          LDA $0002                                           ; $AFEB: AD 02 00
000E00r 1  29 3F          AND #$3F                                            ; $AFEE: 29 3F
000E02r 1  09 80          ORA #$80                                            ; $AFF0: 09 80
000E04r 1  85 02          STA $0002                                           ; $AFF2: 8D 02 00
000E06r 1               LAFF5:
000E06r 1  C6 17          DEC $0017                                           ; $AFF5: CE 17 00
000E08r 1  60             RTS                                                 ; $AFF8: 60
000E09r 1               LAFF9:
000E09r 1  20 rr rr       JSR LB08F                                           ; $AFF9: 20 8F B0
000E0Cr 1  A0 7F          LDY #$7F                                            ; $AFFC: A0 7F
000E0Er 1  A9 FF          LDA #$FF                                            ; $AFFE: A9 FF
000E10r 1               LB000:
000E10r 1  99 80 06       STA $0680,Y                                         ; $B000: 99 80 06
000E13r 1  88             DEY                                                 ; $B003: 88
000E14r 1  10 FA          BPL LB000                                           ; $B004: 10 FA
000E16r 1  A0 13          LDY #$13                                            ; $B006: A0 13
000E18r 1               LB008:
000E18r 1  20 rr rr       JSR LB00F                                           ; $B008: 20 0F B0
000E1Br 1  88             DEY                                                 ; $B00B: 88
000E1Cr 1  10 FA          BPL LB008                                           ; $B00C: 10 FA
000E1Er 1  60             RTS                                                 ; $B00E: 60
000E1Fr 1               LB00F:
000E1Fr 1  B9 00 06       LDA $0600,Y                                         ; $B00F: B9 00 06
000E22r 1  C5 18          CMP $0018                                           ; $B012: CD 18 00
000E24r 1  D0 09          BNE LB020                                           ; $B015: D0 09
000E26r 1  48             PHA                                                 ; $B017: 48
000E27r 1  BE 14 06       LDX $0614,Y                                         ; $B018: BE 14 06
000E2Ar 1  98             TYA                                                 ; $B01B: 98
000E2Br 1  9D 80 06       STA $0680,X                                         ; $B01C: 9D 80 06
000E2Er 1  68             PLA                                                 ; $B01F: 68
000E2Fr 1               LB020:
000E2Fr 1  E6 18          INC $0018                                           ; $B020: EE 18 00
000E31r 1  C5 18          CMP $0018                                           ; $B023: CD 18 00
000E33r 1  D0 09          BNE LB031                                           ; $B026: D0 09
000E35r 1  48             PHA                                                 ; $B028: 48
000E36r 1  BE 14 06       LDX $0614,Y                                         ; $B029: BE 14 06
000E39r 1  98             TYA                                                 ; $B02C: 98
000E3Ar 1  9D A0 06       STA $06A0,X                                         ; $B02D: 9D A0 06
000E3Dr 1  68             PLA                                                 ; $B030: 68
000E3Er 1               LB031:
000E3Er 1  C5 16          CMP $0016                                           ; $B031: CD 16 00
000E40r 1  D0 09          BNE LB03F                                           ; $B034: D0 09
000E42r 1  48             PHA                                                 ; $B036: 48
000E43r 1  BE 14 06       LDX $0614,Y                                         ; $B037: BE 14 06
000E46r 1  98             TYA                                                 ; $B03A: 98
000E47r 1  9D C0 06       STA $06C0,X                                         ; $B03B: 9D C0 06
000E4Ar 1  68             PLA                                                 ; $B03E: 68
000E4Br 1               LB03F:
000E4Br 1  E6 16          INC $0016                                           ; $B03F: EE 16 00
000E4Dr 1  C5 16          CMP $0016                                           ; $B042: CD 16 00
000E4Fr 1  D0 07          BNE LB04E                                           ; $B045: D0 07
000E51r 1  BE 14 06       LDX $0614,Y                                         ; $B047: BE 14 06
000E54r 1  98             TYA                                                 ; $B04A: 98
000E55r 1  9D E0 06       STA $06E0,X                                         ; $B04B: 9D E0 06
000E58r 1               LB04E:
000E58r 1  C6 16          DEC $0016                                           ; $B04E: CE 16 00
000E5Ar 1  C6 18          DEC $0018                                           ; $B051: CE 18 00
000E5Cr 1  60             RTS                                                 ; $B054: 60
000E5Dr 1               LB055:
000E5Dr 1  20 rr rr       JSR LB08F                                           ; $B055: 20 8F B0
000E60r 1  A0 3F          LDY #$3F                                            ; $B058: A0 3F
000E62r 1  A9 FF          LDA #$FF                                            ; $B05A: A9 FF
000E64r 1               LB05C:
000E64r 1  99 80 06       STA $0680,Y                                         ; $B05C: 99 80 06
000E67r 1  88             DEY                                                 ; $B05F: 88
000E68r 1  10 FA          BPL LB05C                                           ; $B060: 10 FA
000E6Ar 1  A0 13          LDY #$13                                            ; $B062: A0 13
000E6Cr 1               LB064:
000E6Cr 1  20 rr rr       JSR LB06B                                           ; $B064: 20 6B B0
000E6Fr 1  88             DEY                                                 ; $B067: 88
000E70r 1  10 FA          BPL LB064                                           ; $B068: 10 FA
000E72r 1  60             RTS                                                 ; $B06A: 60
000E73r 1               LB06B:
000E73r 1  B9 14 06       LDA $0614,Y                                         ; $B06B: B9 14 06
000E76r 1  C5 19          CMP $0019                                           ; $B06E: CD 19 00
000E78r 1  D0 09          BNE LB07C                                           ; $B071: D0 09
000E7Ar 1  48             PHA                                                 ; $B073: 48
000E7Br 1  BE 00 06       LDX $0600,Y                                         ; $B074: BE 00 06
000E7Er 1  98             TYA                                                 ; $B077: 98
000E7Fr 1  9D 80 06       STA $0680,X                                         ; $B078: 9D 80 06
000E82r 1  68             PLA                                                 ; $B07B: 68
000E83r 1               LB07C:
000E83r 1  E6 19          INC $0019                                           ; $B07C: EE 19 00
000E85r 1  C5 19          CMP $0019                                           ; $B07F: CD 19 00
000E87r 1  D0 07          BNE LB08B                                           ; $B082: D0 07
000E89r 1  BE 00 06       LDX $0600,Y                                         ; $B084: BE 00 06
000E8Cr 1  98             TYA                                                 ; $B087: 98
000E8Dr 1  9D A0 06       STA $06A0,X                                         ; $B088: 9D A0 06
000E90r 1               LB08B:
000E90r 1  C6 19          DEC $0019                                           ; $B08B: CE 19 00
000E92r 1  60             RTS                                                 ; $B08E: 60
000E93r 1               LB08F:
000E93r 1  A5 0C          LDA $000C                                           ; $B08F: AD 0C 00
000E95r 1  85 18          STA $0018                                           ; $B092: 8D 18 00
000E97r 1  A5 0D          LDA $000D                                           ; $B095: AD 0D 00
000E99r 1  4A             LSR A                                               ; $B098: 4A
000E9Ar 1  66 18          ROR $0018                                           ; $B099: 6E 18 00
000E9Cr 1  46 18          LSR $0018                                           ; $B09C: 4E 18 00
000E9Er 1  46 18          LSR $0018                                           ; $B09F: 4E 18 00
000EA0r 1  46 18          LSR $0018                                           ; $B0A2: 4E 18 00
000EA2r 1  46 18          LSR $0018                                           ; $B0A5: 4E 18 00
000EA4r 1  06 18          ASL $0018                                           ; $B0A8: 0E 18 00
000EA6r 1  A5 0E          LDA $000E                                           ; $B0AB: AD 0E 00
000EA8r 1  85 19          STA $0019                                           ; $B0AE: 8D 19 00
000EAAr 1  A5 0F          LDA $000F                                           ; $B0B1: AD 0F 00
000EACr 1  4A             LSR A                                               ; $B0B4: 4A
000EADr 1  66 19          ROR $0019                                           ; $B0B5: 6E 19 00
000EAFr 1  46 19          LSR $0019                                           ; $B0B8: 4E 19 00
000EB1r 1  46 19          LSR $0019                                           ; $B0BB: 4E 19 00
000EB3r 1  46 19          LSR $0019                                           ; $B0BE: 4E 19 00
000EB5r 1  46 19          LSR $0019                                           ; $B0C1: 4E 19 00
000EB7r 1  06 19          ASL $0019                                           ; $B0C4: 0E 19 00
000EB9r 1  A5 1C          LDA $001C                                           ; $B0C7: AD 1C 00
000EBBr 1  85 16          STA $0016                                           ; $B0CA: 8D 16 00
000EBDr 1  A5 1D          LDA $001D                                           ; $B0CD: AD 1D 00
000EBFr 1  4A             LSR A                                               ; $B0D0: 4A
000EC0r 1  66 16          ROR $0016                                           ; $B0D1: 6E 16 00
000EC2r 1  46 16          LSR $0016                                           ; $B0D4: 4E 16 00
000EC4r 1  46 16          LSR $0016                                           ; $B0D7: 4E 16 00
000EC6r 1  46 16          LSR $0016                                           ; $B0DA: 4E 16 00
000EC8r 1  46 16          LSR $0016                                           ; $B0DD: 4E 16 00
000ECAr 1  06 16          ASL $0016                                           ; $B0E0: 0E 16 00
000ECCr 1  A5 0E          LDA $000E                                           ; $B0E3: AD 0E 00
000ECEr 1  85 17          STA $0017                                           ; $B0E6: 8D 17 00
000ED0r 1  A5 0F          LDA $000F                                           ; $B0E9: AD 0F 00
000ED2r 1  4A             LSR A                                               ; $B0EC: 4A
000ED3r 1  66 17          ROR $0017                                           ; $B0ED: 6E 17 00
000ED5r 1  46 17          LSR $0017                                           ; $B0F0: 4E 17 00
000ED7r 1  46 17          LSR $0017                                           ; $B0F3: 4E 17 00
000ED9r 1  46 17          LSR $0017                                           ; $B0F6: 4E 17 00
000EDBr 1  46 17          LSR $0017                                           ; $B0F9: 4E 17 00
000EDDr 1  06 17          ASL $0017                                           ; $B0FC: 0E 17 00
000EDFr 1  60             RTS                                                 ; $B0FF: 60
000EE0r 1               LB100:
000EE0r 1  AC AA 04       LDY $04AA                                           ; $B100: AC AA 04
000EE3r 1  B9 AB 04       LDA $04AB,Y                                         ; $B103: B9 AB 04
000EE6r 1  10 07          BPL LB10F                                           ; $B106: 10 07
000EE8r 1  98             TYA                                                 ; $B108: 98
000EE9r 1  49 01          EOR #$01                                            ; $B109: 49 01
000EEBr 1  A8             TAY                                                 ; $B10B: A8
000EECr 1  B9 AB 04       LDA $04AB,Y                                         ; $B10C: B9 AB 04
000EEFr 1               LB10F:
000EEFr 1  8D 44 6F       STA $6F44                                           ; $B10F: 8D 44 6F
000EF2r 1  AD A8 04       LDA $04A8                                           ; $B112: AD A8 04
000EF5r 1  20 DE EA       JSR B1F_CallbackDispatcher                          ; $B115: 20 DE EA
000EF8r 1               ; --- Inline pointer table (22 entries) ---
000EF8r 1  rr rr          .word LB144                                         ; $B118: 44 B1
000EFAr 1  rr rr          .word LB34F                                         ; $B11A: 4F B3
000EFCr 1  rr rr          .word LB5C8                                         ; $B11C: C8 B5
000EFEr 1  rr rr          .word LB8C7                                         ; $B11E: C7 B8
000F00r 1  rr rr          .word LBA6D                                         ; $B120: 6D BA
000F02r 1  rr rr          .word LBC3B                                         ; $B122: 3B BC
000F04r 1  rr rr          .word LBCE9                                         ; $B124: E9 BC
000F06r 1  rr rr          .word LBE78                                         ; $B126: 78 BE
000F08r 1  8A C0          .word LC08A                                         ; $B128: 8A C0
000F0Ar 1  16 C1          .word LC116                                         ; $B12A: 16 C1
000F0Cr 1  rr rr          .word LB144                                         ; $B12C: 44 B1
000F0Er 1  rr rr          .word LB144                                         ; $B12E: 44 B1
000F10r 1  rr rr          .word LB144                                         ; $B130: 44 B1
000F12r 1  1C C2          .word LC21C                                         ; $B132: 1C C2
000F14r 1  F6 C2          .word LC2F6                                         ; $B134: F6 C2
000F16r 1  64 C4          .word LC464                                         ; $B136: 64 C4
000F18r 1  98 C4          .word LC498                                         ; $B138: 98 C4
000F1Ar 1  89 C6          .word LC689                                         ; $B13A: 89 C6
000F1Cr 1  49 C9          .word LC949                                         ; $B13C: 49 C9
000F1Er 1  9E CB          .word LCB9E                                         ; $B13E: 9E CB
000F20r 1  87 CC          .word LCC87                                         ; $B140: 87 CC
000F22r 1  3C CD          .word LCD3C                                         ; $B142: 3C CD
000F24r 1               LB144:
000F24r 1  AD A9 04       LDA $04A9                                           ; $B144: AD A9 04
000F27r 1  20 DE EA       JSR B1F_CallbackDispatcher                          ; $B147: 20 DE EA
000F2Ar 1               ; --- Inline pointer table (8 entries) ---
000F2Ar 1  rr rr          .word LB15A                                         ; $B14A: 5A B1
000F2Cr 1  rr rr          .word LB1A6                                         ; $B14C: A6 B1
000F2Er 1  rr rr          .word LB1BB                                         ; $B14E: BB B1
000F30r 1  rr rr          .word LB1D4                                         ; $B150: D4 B1
000F32r 1  rr rr          .word LB1EE                                         ; $B152: EE B1
000F34r 1  rr rr          .word LB21C                                         ; $B154: 1C B2
000F36r 1  rr rr          .word LB230                                         ; $B156: 30 B2
000F38r 1  rr rr          .word LB2E0                                         ; $B158: E0 B2
000F3Ar 1               LB15A:
000F3Ar 1  A5 87          LDA $0087                                           ; $B15A: AD 87 00
000F3Cr 1  30 01          BMI LB160                                           ; $B15D: 30 01
000F3Er 1  60             RTS                                                 ; $B15F: 60
000F3Fr 1               LB160:
000F3Fr 1  EE A9 04       INC $04A9                                           ; $B160: EE A9 04
000F42r 1  A2 00          LDX #$00                                            ; $B163: A2 00
000F44r 1               LB165:
000F44r 1  BD AD 04       LDA $04AD,X                                         ; $B165: BD AD 04
000F47r 1  20 D7 F2       JSR B1F_GetOfficerRecordAddr                        ; $B168: 20 D7 F2
000F4Ar 1  A0 00          LDY #$00                                            ; $B16B: A0 00
000F4Cr 1  B1 00          LDA ($00),Y                                         ; $B16D: B1 00
000F4Er 1  9D B1 04       STA $04B1,X                                         ; $B16F: 9D B1 04
000F51r 1  20 rr rr       JSR LB188                                           ; $B172: 20 88 B1
000F54r 1  E8             INX                                                 ; $B175: E8
000F55r 1  E0 02          CPX #$02                                            ; $B176: E0 02
000F57r 1  90 EB          BCC LB165                                           ; $B178: 90 EB
000F59r 1  A9 43          LDA #$43                                            ; $B17A: A9 43
000F5Br 1  85 00          STA $0000                                           ; $B17C: 8D 00 00
000F5Dr 1  AD AF 04       LDA $04AF                                           ; $B17F: AD AF 04
000F60r 1  18             CLC                                                 ; $B182: 18
000F61r 1  69 01          ADC #$01                                            ; $B183: 69 01
000F63r 1  4C FD CD       JMP LCDFD                                           ; $B185: 4C FD CD
000F66r 1               LB188:
000F66r 1  A0 0A          LDY #$0A                                            ; $B188: A0 0A
000F68r 1  B1 00          LDA ($00),Y                                         ; $B18A: B1 00
000F6Ar 1  29 1F          AND #$1F                                            ; $B18C: 29 1F
000F6Cr 1  C9 10          CMP #$10                                            ; $B18E: C9 10
000F6Er 1  90 05          BCC LB197                                           ; $B190: 90 05
000F70r 1  A9 01          LDA #$01                                            ; $B192: A9 01
000F72r 1  4C rr rr       JMP LB1A2                                           ; $B194: 4C A2 B1
000F75r 1               LB197:
000F75r 1  C9 08          CMP #$08                                            ; $B197: C9 08
000F77r 1  90 05          BCC LB1A0                                           ; $B199: 90 05
000F79r 1  A9 00          LDA #$00                                            ; $B19B: A9 00
000F7Br 1  4C rr rr       JMP LB1A2                                           ; $B19D: 4C A2 B1
000F7Er 1               LB1A0:
000F7Er 1  A9 02          LDA #$02                                            ; $B1A0: A9 02
000F80r 1               LB1A2:
000F80r 1  9D AF 04       STA $04AF,X                                         ; $B1A2: 9D AF 04
000F83r 1  60             RTS                                                 ; $B1A5: 60
000F84r 1               LB1A6:
000F84r 1  A5 7E          LDA $007E                                           ; $B1A6: AD 7E 00
000F86r 1  29 04          AND #$04                                            ; $B1A9: 29 04
000F88r 1  D0 0C          BNE LB1BA                                           ; $B1AB: D0 0D
000F8Ar 1  A9 E3          LDA #$E3                                            ; $B1AD: A9 E3
000F8Cr 1  85 00          STA $0000                                           ; $B1AF: 8D 00 00
000F8Er 1  A9 04          LDA #$04                                            ; $B1B2: A9 04
000F90r 1  20 FD CD       JSR LCDFD                                           ; $B1B4: 20 FD CD
000F93r 1  EE A9 04       INC $04A9                                           ; $B1B7: EE A9 04
000F96r 1               LB1BA:
000F96r 1  60             RTS                                                 ; $B1BA: 60
000F97r 1               LB1BB:
000F97r 1  A5 7E          LDA $007E                                           ; $B1BB: AD 7E 00
000F99r 1  29 04          AND #$04                                            ; $B1BE: 29 04
000F9Br 1  D0 10          BNE LB1D3                                           ; $B1C0: D0 11
000F9Dr 1  A9 55          LDA #$55                                            ; $B1C2: A9 55
000F9Fr 1  85 00          STA $0000                                           ; $B1C4: 8D 00 00
000FA1r 1  AD B0 04       LDA $04B0                                           ; $B1C7: AD B0 04
000FA4r 1  18             CLC                                                 ; $B1CA: 18
000FA5r 1  69 05          ADC #$05                                            ; $B1CB: 69 05
000FA7r 1  20 FD CD       JSR LCDFD                                           ; $B1CD: 20 FD CD
000FAAr 1  EE A9 04       INC $04A9                                           ; $B1D0: EE A9 04
000FADr 1               LB1D3:
000FADr 1  60             RTS                                                 ; $B1D3: 60
000FAEr 1               LB1D4:
000FAEr 1  A5 7E          LDA $007E                                           ; $B1D4: AD 7E 00
000FB0r 1  29 04          AND #$04                                            ; $B1D7: 29 04
000FB2r 1  D0 11          BNE LB1ED                                           ; $B1D9: D0 12
000FB4r 1  A9 F5          LDA #$F5                                            ; $B1DB: A9 F5
000FB6r 1  85 00          STA $0000                                           ; $B1DD: 8D 00 00
000FB8r 1  A9 08          LDA #$08                                            ; $B1E0: A9 08
000FBAr 1  20 FD CD       JSR LCDFD                                           ; $B1E2: 20 FD CD
000FBDr 1  EE A9 04       INC $04A9                                           ; $B1E5: EE A9 04
000FC0r 1  A9 01          LDA #$01                                            ; $B1E8: A9 01
000FC2r 1  8D AA 04       STA $04AA                                           ; $B1EA: 8D AA 04
000FC5r 1               LB1ED:
000FC5r 1  60             RTS                                                 ; $B1ED: 60
000FC6r 1               LB1EE:
000FC6r 1  A0 31          LDY #$31                                            ; $B1EE: A0 31
000FC8r 1  20 5F F2       JSR B1F_SwitchBank8_B                               ; $B1F0: 20 5F F2
000FCBr 1  A2 00          LDX #$00                                            ; $B1F3: A2 00
000FCDr 1  A9 44          LDA #$44                                            ; $B1F5: A9 44
000FCFr 1  85 03          STA $0003                                           ; $B1F7: 8D 03 00
000FD1r 1  AD AD 04       LDA $04AD                                           ; $B1FA: AD AD 04
000FD4r 1  20 A3 CF       JSR LCFA3                                           ; $B1FD: 20 A3 CF
000FD7r 1  A9 52          LDA #$52                                            ; $B200: A9 52
000FD9r 1  85 03          STA $0003                                           ; $B202: 8D 03 00
000FDBr 1  AD AE 04       LDA $04AE                                           ; $B205: AD AE 04
000FDEr 1  20 A3 CF       JSR LCFA3                                           ; $B208: 20 A3 CF
000FE1r 1  A9 FF          LDA #$FF                                            ; $B20B: A9 FF
000FE3r 1  9D 80 03       STA $0380,X                                         ; $B20D: 9D 80 03
000FE6r 1  EE A9 04       INC $04A9                                           ; $B210: EE A9 04
000FE9r 1  A5 7E          LDA $007E                                           ; $B213: AD 7E 00
000FEBr 1  09 04          ORA #$04                                            ; $B216: 09 04
000FEDr 1  85 7E          STA $007E                                           ; $B218: 8D 7E 00
000FEFr 1  60             RTS                                                 ; $B21B: 60
000FF0r 1               LB21C:
000FF0r 1  20 60 D0       JSR LD060                                           ; $B21C: 20 60 D0
000FF3r 1  A9 FF          LDA #$FF                                            ; $B21F: A9 FF
000FF5r 1  9D 80 03       STA $0380,X                                         ; $B221: 9D 80 03
000FF8r 1  EE A9 04       INC $04A9                                           ; $B224: EE A9 04
000FFBr 1  A5 7E          LDA $007E                                           ; $B227: AD 7E 00
000FFDr 1  09 04          ORA #$04                                            ; $B22A: 09 04
000FFFr 1  85 7E          STA $007E                                           ; $B22C: 8D 7E 00
001001r 1  60             RTS                                                 ; $B22F: 60
001002r 1               LB230:
001002r 1  A2 00          LDX #$00                                            ; $B230: A2 00
001004r 1               LB232:
001004r 1  BD AD 04       LDA $04AD,X                                         ; $B232: BD AD 04
001007r 1  20 D7 F2       JSR B1F_GetOfficerRecordAddr                        ; $B235: 20 D7 F2
00100Ar 1  A0 0A          LDY #$0A                                            ; $B238: A0 0A
00100Cr 1  B1 00          LDA ($00),Y                                         ; $B23A: B1 00
00100Er 1  85 10          STA $0010                                           ; $B23C: 8D 10 00
001010r 1  4A             LSR A                                               ; $B23F: 4A
001011r 1  4A             LSR A                                               ; $B240: 4A
001012r 1  4A             LSR A                                               ; $B241: 4A
001013r 1  4A             LSR A                                               ; $B242: 4A
001014r 1  4A             LSR A                                               ; $B243: 4A
001015r 1  18             CLC                                                 ; $B244: 18
001016r 1  69 18          ADC #$18                                            ; $B245: 69 18
001018r 1  85 11          STA $0011                                           ; $B247: 8D 11 00
00101Ar 1  A5 10          LDA $0010                                           ; $B24A: AD 10 00
00101Cr 1  29 1F          AND #$1F                                            ; $B24D: 29 1F
00101Er 1  85 10          STA $0010                                           ; $B24F: 8D 10 00
001020r 1  A8             TAY                                                 ; $B252: A8
001021r 1  B9 C0 B2       LDA $B2C0,Y                                         ; $B253: B9 C0 B2
001024r 1  85 10          STA $0010                                           ; $B256: 8D 10 00
001026r 1  A4 11          LDY $0011                                           ; $B259: AC 11 00
001028r 1  B9 C0 B2       LDA $B2C0,Y                                         ; $B25C: B9 C0 B2
00102Br 1  18             CLC                                                 ; $B25F: 18
00102Cr 1  65 10          ADC $0010                                           ; $B260: 6D 10 00
00102Er 1  85 10          STA $0010                                           ; $B263: 8D 10 00
001030r 1  A0 00          LDY #$00                                            ; $B266: A0 00
001032r 1  B1 00          LDA ($00),Y                                         ; $B268: B1 00
001034r 1  85 02          STA $0002                                           ; $B26A: 8D 02 00
001036r 1  A0 01          LDY #$01                                            ; $B26D: A0 01
001038r 1  B1 00          LDA ($00),Y                                         ; $B26F: B1 00
00103Ar 1  18             CLC                                                 ; $B271: 18
00103Br 1  65 02          ADC $0002                                           ; $B272: 6D 02 00
00103Dr 1  85 01          STA $0001                                           ; $B275: 8D 01 00
00103Fr 1  A9 00          LDA #$00                                            ; $B278: A9 00
001041r 1  85 02          STA $0002                                           ; $B27A: 8D 02 00
001043r 1  85 04          STA $0004                                           ; $B27D: 8D 04 00
001045r 1  A9 0A          LDA #$0A                                            ; $B280: A9 0A
001047r 1  85 03          STA $0003                                           ; $B282: 8D 03 00
001049r 1  20 7C EA       JSR B1F_MathDiv16                                   ; $B285: 20 7C EA
00104Cr 1  A5 01          LDA $0001                                           ; $B288: AD 01 00
00104Er 1  18             CLC                                                 ; $B28B: 18
00104Fr 1  69 14          ADC #$14                                            ; $B28C: 69 14
001051r 1  38             SEC                                                 ; $B28E: 38
001052r 1  E5 10          SBC $0010                                           ; $B28F: ED 10 00
001054r 1  9D B3 04       STA $04B3,X                                         ; $B292: 9D B3 04
001057r 1               LB295:
001057r 1  20 7A E8       JSR B1F_RandomByte                                  ; $B295: 20 7A E8
00105Ar 1  29 0F          AND #$0F                                            ; $B298: 29 0F
00105Cr 1  C9 0B          CMP #$0B                                            ; $B29A: C9 0B
00105Er 1  B0 F7          BCS LB295                                           ; $B29C: B0 F7
001060r 1  7D B3 04       ADC $04B3,X                                         ; $B29E: 7D B3 04
001063r 1  9D BD 04       STA $04BD,X                                         ; $B2A1: 9D BD 04
001066r 1  E8             INX                                                 ; $B2A4: E8
001067r 1  E0 02          CPX #$02                                            ; $B2A5: E0 02
001069r 1  D0 99          BNE LB232                                           ; $B2A7: D0 89
00106Br 1  A2 00          LDX #$00                                            ; $B2A9: A2 00
00106Dr 1  AD BD 04       LDA $04BD                                           ; $B2AB: AD BD 04
001070r 1  CD BE 04       CMP $04BE                                           ; $B2AE: CD BE 04
001073r 1  B0 01          BCS LB2B4                                           ; $B2B1: B0 01
001075r 1  E8             INX                                                 ; $B2B3: E8
001076r 1               LB2B4:
001076r 1  8E AA 04       STX $04AA                                           ; $B2B4: 8E AA 04
001079r 1  A9 00          LDA #$00                                            ; $B2B7: A9 00
00107Br 1  8D C0 04       STA $04C0                                           ; $B2B9: 8D C0 04
00107Er 1  EE A9 04       INC $04A9                                           ; $B2BC: EE A9 04
001081r 1  60             RTS                                                 ; $B2BF: 60
001082r 1  04 03 05 08    .byte $04,$03,$05,$08,$09,$06,$07,$04,$04,$06,$07,$08,$07,$06,$08,$0A; $B2C0: 04 03 05 08 09 06 07 04 04 06 07 08 07 06 08 0A
001086r 1  09 06 07 04  
00108Ar 1  04 06 07 08  
001092r 1  04 05 06 08    .byte $04,$05,$06,$08,$07,$08,$06,$0A,$01,$02,$04,$06,$05,$0A,$03,$07; $B2D0: 04 05 06 08 07 08 06 0A 01 02 04 06 05 0A 03 07
001096r 1  07 08 06 0A  
00109Ar 1  01 02 04 06  
0010A2r 1               LB2E0:
0010A2r 1  AC AF 04       LDY $04AF                                           ; $B2E0: AC AF 04
0010A5r 1  B9 4C B3       LDA $B34C,Y                                         ; $B2E3: B9 4C B3
0010A8r 1  85 00          STA $0000                                           ; $B2E6: 8D 00 00
0010AAr 1  AC B0 04       LDY $04B0                                           ; $B2E9: AC B0 04
0010ADr 1  B9 4C B3       LDA $B34C,Y                                         ; $B2EC: B9 4C B3
0010B0r 1  85 01          STA $0001                                           ; $B2EF: 8D 01 00
0010B2r 1  A5 00          LDA $0000                                           ; $B2F2: AD 00 00
0010B4r 1  0A             ASL A                                               ; $B2F5: 0A
0010B5r 1  18             CLC                                                 ; $B2F6: 18
0010B6r 1  65 00          ADC $0000                                           ; $B2F7: 6D 00 00
0010B8r 1  18             CLC                                                 ; $B2FA: 18
0010B9r 1  65 01          ADC $0001                                           ; $B2FB: 6D 01 00
0010BBr 1  A8             TAY                                                 ; $B2FE: A8
0010BCr 1  B9 43 B3       LDA $B343,Y                                         ; $B2FF: B9 43 B3
0010BFr 1  8D C5 04       STA $04C5                                           ; $B302: 8D C5 04
0010C2r 1  A5 01          LDA $0001                                           ; $B305: AD 01 00
0010C4r 1  0A             ASL A                                               ; $B308: 0A
0010C5r 1  18             CLC                                                 ; $B309: 18
0010C6r 1  65 01          ADC $0001                                           ; $B30A: 6D 01 00
0010C8r 1  18             CLC                                                 ; $B30D: 18
0010C9r 1  65 00          ADC $0000                                           ; $B30E: 6D 00 00
0010CBr 1  A8             TAY                                                 ; $B311: A8
0010CCr 1  B9 43 B3       LDA $B343,Y                                         ; $B312: B9 43 B3
0010CFr 1  8D C6 04       STA $04C6                                           ; $B315: 8D C6 04
0010D2r 1  A9 02          LDA #$02                                            ; $B318: A9 02
0010D4r 1  8D C3 04       STA $04C3                                           ; $B31A: 8D C3 04
0010D7r 1  8D C4 04       STA $04C4                                           ; $B31D: 8D C4 04
0010DAr 1  AC AA 04       LDY $04AA                                           ; $B320: AC AA 04
0010DDr 1  B9 AD 04       LDA $04AD,Y                                         ; $B323: B9 AD 04
0010E0r 1  8D 2C 04       STA $042C                                           ; $B326: 8D 2C 04
0010E3r 1  A9 3A          LDA #$3A                                            ; $B329: A9 3A
0010E5r 1  8D BD 04       STA $04BD                                           ; $B32B: 8D BD 04
0010E8r 1  A9 3B          LDA #$3B                                            ; $B32E: A9 3B
0010EAr 1  8D BE 04       STA $04BE                                           ; $B330: 8D BE 04
0010EDr 1  A9 00          LDA #$00                                            ; $B333: A9 00
0010EFr 1  8D BF 04       STA $04BF                                           ; $B335: 8D BF 04
0010F2r 1  A9 09          LDA #$09                                            ; $B338: A9 09
0010F4r 1  8D A8 04       STA $04A8                                           ; $B33A: 8D A8 04
0010F7r 1  A9 00          LDA #$00                                            ; $B33D: A9 00
0010F9r 1  8D A9 04       STA $04A9                                           ; $B33F: 8D A9 04
0010FCr 1  60             RTS                                                 ; $B342: 60
0010FDr 1  46 4B 3C 37    .byte $46,$4B,$3C,$37,$3C,$46,$50,$32,$3C,$01,$02,$00; $B343: 46 4B 3C 37 3C 46 50 32 3C 01 02 00
001101r 1  3C 46 50 32  
001105r 1  3C 01 02 00  
001109r 1               LB34F:
001109r 1  AD A9 04       LDA $04A9                                           ; $B34F: AD A9 04
00110Cr 1  20 DE EA       JSR B1F_CallbackDispatcher                          ; $B352: 20 DE EA
00110Fr 1               ; --- Inline pointer table (6 entries) ---
00110Fr 1  rr rr          .word LB361                                         ; $B355: 61 B3
001111r 1  rr rr          .word LB3F0                                         ; $B357: F0 B3
001113r 1  rr rr          .word LB407                                         ; $B359: 07 B4
001115r 1  rr rr          .word LB47E                                         ; $B35B: 7E B4
001117r 1  rr rr          .word LB552                                         ; $B35D: 52 B5
001119r 1  rr rr          .word LB569                                         ; $B35F: 69 B5
00111Br 1               LB361:
00111Br 1  AD C0 04       LDA $04C0                                           ; $B361: AD C0 04
00111Er 1  D0 08          BNE LB36E                                           ; $B364: D0 08
001120r 1  AD AA 04       LDA $04AA                                           ; $B366: AD AA 04
001123r 1  49 01          EOR #$01                                            ; $B369: 49 01
001125r 1  8D AA 04       STA $04AA                                           ; $B36B: 8D AA 04
001128r 1               LB36E:
001128r 1  EE C0 04       INC $04C0                                           ; $B36E: EE C0 04
00112Br 1  AD C0 04       LDA $04C0                                           ; $B371: AD C0 04
00112Er 1  C9 03          CMP #$03                                            ; $B374: C9 03
001130r 1  90 03          BCC LB37B                                           ; $B376: 90 03
001132r 1  20 rr rr       JSR LB3C6                                           ; $B378: 20 C6 B3
001135r 1               LB37B:
001135r 1  AD AA 04       LDA $04AA                                           ; $B37B: AD AA 04
001138r 1  49 01          EOR #$01                                            ; $B37E: 49 01
00113Ar 1  8D AA 04       STA $04AA                                           ; $B380: 8D AA 04
00113Dr 1  A8             TAY                                                 ; $B383: A8
00113Er 1  B9 B5 04       LDA $04B5,Y                                         ; $B384: B9 B5 04
001141r 1  29 7F          AND #$7F                                            ; $B387: 29 7F
001143r 1  F0 06          BEQ LB391                                           ; $B389: F0 06
001145r 1  38             SEC                                                 ; $B38B: 38
001146r 1  E9 01          SBC #$01                                            ; $B38C: E9 01
001148r 1  99 B5 04       STA $04B5,Y                                         ; $B38E: 99 B5 04
00114Br 1               LB391:
00114Br 1  AC AA 04       LDY $04AA                                           ; $B391: AC AA 04
00114Er 1  B9 AB 04       LDA $04AB,Y                                         ; $B394: B9 AB 04
001151r 1  10 06          BPL LB39F                                           ; $B397: 10 06
001153r 1  A9 02          LDA #$02                                            ; $B399: A9 02
001155r 1  8D A8 04       STA $04A8                                           ; $B39B: 8D A8 04
001158r 1  60             RTS                                                 ; $B39E: 60
001159r 1               LB39F:
001159r 1  AC AA 04       LDY $04AA                                           ; $B39F: AC AA 04
00115Cr 1  B9 AD 04       LDA $04AD,Y                                         ; $B3A2: B9 AD 04
00115Fr 1  85 00          STA $0000                                           ; $B3A5: 8D 00 00
001161r 1  A0 3D          LDY #$3D                                            ; $B3A8: A0 3D
001163r 1  20 07 EE       JSR B1F_BankedCallbackTrampoline                    ; $B3AA: 20 07 EE
001166r 1               ; --- BankedCallbackTrampoline target ---
001166r 1  30 A0          .word $A030                                         ; $B3AD: 30 A0
001168r 1  AC AA 04       LDY $04AA                                           ; $B3AF: AC AA 04
00116Br 1  B9 B5 04       LDA $04B5,Y                                         ; $B3B2: B9 B5 04
00116Er 1  29 7F          AND #$7F                                            ; $B3B5: 29 7F
001170r 1  F0 02          BEQ LB3BB                                           ; $B3B7: F0 02
001172r 1  A9 02          LDA #$02                                            ; $B3B9: A9 02
001174r 1               LB3BB:
001174r 1  85 A4          STA $00A4                                           ; $B3BB: 8D A4 00
001176r 1  EE A9 04       INC $04A9                                           ; $B3BE: EE A9 04
001179r 1  A9 2B          LDA #$2B                                            ; $B3C1: A9 2B
00117Br 1  4C 6D F2       JMP B1F_SetUI0                                      ; $B3C3: 4C 6D F2
00117Er 1               LB3C6:
00117Er 1  A2 00          LDX #$00                                            ; $B3C6: A2 00
001180r 1               LB3C8:
001180r 1  20 7A E8       JSR B1F_RandomByte                                  ; $B3C8: 20 7A E8
001183r 1  29 0F          AND #$0F                                            ; $B3CB: 29 0F
001185r 1  C9 0B          CMP #$0B                                            ; $B3CD: C9 0B
001187r 1  B0 F7          BCS LB3C8                                           ; $B3CF: B0 F7
001189r 1  7D B3 04       ADC $04B3,X                                         ; $B3D1: 7D B3 04
00118Cr 1  9D BD 04       STA $04BD,X                                         ; $B3D4: 9D BD 04
00118Fr 1  E8             INX                                                 ; $B3D7: E8
001190r 1  E0 02          CPX #$02                                            ; $B3D8: E0 02
001192r 1  90 EC          BCC LB3C8                                           ; $B3DA: 90 EC
001194r 1  A2 00          LDX #$00                                            ; $B3DC: A2 00
001196r 1  AD BD 04       LDA $04BD                                           ; $B3DE: AD BD 04
001199r 1  CD BE 04       CMP $04BE                                           ; $B3E1: CD BE 04
00119Cr 1  90 01          BCC LB3E7                                           ; $B3E4: 90 01
00119Er 1  E8             INX                                                 ; $B3E6: E8
00119Fr 1               LB3E7:
00119Fr 1  8E AA 04       STX $04AA                                           ; $B3E7: 8E AA 04
0011A2r 1  A9 01          LDA #$01                                            ; $B3EA: A9 01
0011A4r 1  8D C0 04       STA $04C0                                           ; $B3EC: 8D C0 04
0011A7r 1  60             RTS                                                 ; $B3EF: 60
0011A8r 1               LB3F0:
0011A8r 1  20 66 D1       JSR LD166                                           ; $B3F0: 20 66 D1
0011ABr 1  20 99 D2       JSR LD299                                           ; $B3F3: 20 99 D2
0011AEr 1  90 0E          BCC LB406                                           ; $B3F6: 90 0E
0011B0r 1  A9 00          LDA #$00                                            ; $B3F8: A9 00
0011B2r 1  8D 24 04       STA $0424                                           ; $B3FA: 8D 24 04
0011B5r 1  8D 25 04       STA $0425                                           ; $B3FD: 8D 25 04
0011B8r 1  EE A9 04       INC $04A9                                           ; $B400: EE A9 04
0011BBr 1  4C 7C D1       JMP LD17C                                           ; $B403: 4C 7C D1
0011BEr 1               LB406:
0011BEr 1  60             RTS                                                 ; $B406: 60
0011BFr 1               LB407:
0011BFr 1  20 66 D1       JSR LD166                                           ; $B407: 20 66 D1
0011C2r 1  A9 61          LDA #$61                                            ; $B40A: A9 61
0011C4r 1  85 10          STA $0010                                           ; $B40C: 8D 10 00
0011C6r 1  A9 B4          LDA #$B4                                            ; $B40F: A9 B4
0011C8r 1  85 11          STA $0011                                           ; $B411: 8D 11 00
0011CAr 1  A9 00          LDA #$00                                            ; $B414: A9 00
0011CCr 1  85 12          STA $0012                                           ; $B416: 8D 12 00
0011CEr 1  20 1E ED       JSR B1F_MenuStep2                                   ; $B419: 20 1E ED
0011D1r 1  A9 6B          LDA #$6B                                            ; $B41C: A9 6B
0011D3r 1  85 10          STA $0010                                           ; $B41E: 8D 10 00
0011D5r 1  A9 B4          LDA #$B4                                            ; $B421: A9 B4
0011D7r 1  85 11          STA $0011                                           ; $B423: 8D 11 00
0011D9r 1  A9 79          LDA #$79                                            ; $B426: A9 79
0011DBr 1  85 00          STA $0000                                           ; $B428: 8D 00 00
0011DDr 1  A9 B4          LDA #$B4                                            ; $B42B: A9 B4
0011DFr 1  85 01          STA $0001                                           ; $B42D: 8D 01 00
0011E1r 1  A5 12          LDA $0012                                           ; $B430: AD 12 00
0011E3r 1  20 F5 ED       JSR B1F_PointerTableLookup                          ; $B433: 20 F5 ED
0011E6r 1  A5 81          LDA $0081                                           ; $B436: AD 81 00
0011E8r 1  4A             LSR A                                               ; $B439: 4A
0011E9r 1  90 23          BCC LB460                                           ; $B43A: 90 24
0011EBr 1  EE A9 04       INC $04A9                                           ; $B43C: EE A9 04
0011EEr 1  A5 12          LDA $0012                                           ; $B43F: AD 12 00
0011F0r 1  8D BF 04       STA $04BF                                           ; $B442: 8D BF 04
0011F3r 1  C9 04          CMP #$04                                            ; $B445: C9 04
0011F5r 1  D0 17          BNE LB460                                           ; $B447: D0 17
0011F7r 1  AC AA 04       LDY $04AA                                           ; $B449: AC AA 04
0011FAr 1  B9 B5 04       LDA $04B5,Y                                         ; $B44C: B9 B5 04
0011FDr 1  29 7F          AND #$7F                                            ; $B44F: 29 7F
0011FFr 1  D0 08          BNE LB45B                                           ; $B451: D0 08
001201r 1  EE A9 04       INC $04A9                                           ; $B453: EE A9 04
001204r 1  A9 2C          LDA #$2C                                            ; $B456: A9 2C
001206r 1  4C 6D F2       JMP B1F_SetUI0                                      ; $B458: 4C 6D F2
001209r 1               LB45B:
001209r 1  A9 02          LDA #$02                                            ; $B45B: A9 02
00120Br 1  8D A9 04       STA $04A9                                           ; $B45D: 8D A9 04
00120Er 1               LB460:
00120Er 1  60             RTS                                                 ; $B460: 60
00120Fr 1  00 01 02 03    .byte $00,$01,$02,$03,$04,$05,$06,$FF,$FF,$FF,$A6,$88,$A6,$C0,$B6,$88; $B461: 00 01 02 03 04 05 06 FF FF FF A6 88 A6 C0 B6 88
001213r 1  04 05 06 FF  
001217r 1  FF FF A6 88  
00121Fr 1  B6 C0 C6 88    .byte $B6,$C0,$C6,$88,$C6,$C0,$D6,$88,$00,$07,$00,$00,$80; $B471: B6 C0 C6 88 C6 C0 D6 88 00 07 00 00 80
001223r 1  C6 C0 D6 88  
001227r 1  00 07 00 00  
00122Cr 1               LB47E:
00122Cr 1  AD BF 04       LDA $04BF                                           ; $B47E: AD BF 04
00122Fr 1  D0 22          BNE LB4A5                                           ; $B481: D0 22
001231r 1  A9 03          LDA #$03                                            ; $B483: A9 03
001233r 1  8D BD 04       STA $04BD                                           ; $B485: 8D BD 04
001236r 1  A9 00          LDA #$00                                            ; $B488: A9 00
001238r 1  8D BE 04       STA $04BE                                           ; $B48A: 8D BE 04
00123Br 1  A9 10          LDA #$10                                            ; $B48D: A9 10
00123Dr 1  8D A8 04       STA $04A8                                           ; $B48F: 8D A8 04
001240r 1  A9 00          LDA #$00                                            ; $B492: A9 00
001242r 1  8D A9 04       STA $04A9                                           ; $B494: 8D A9 04
001245r 1  AC AA 04       LDY $04AA                                           ; $B497: AC AA 04
001248r 1  B9 AD 04       LDA $04AD,Y                                         ; $B49A: B9 AD 04
00124Br 1  8D 2C 04       STA $042C                                           ; $B49D: 8D 2C 04
00124Er 1  A9 23          LDA #$23                                            ; $B4A0: A9 23
001250r 1  4C 8B F2       JMP B1F_SetUI4                                      ; $B4A2: 4C 8B F2
001253r 1               LB4A5:
001253r 1  C9 01          CMP #$01                                            ; $B4A5: C9 01
001255r 1  D0 0F          BNE LB4B8                                           ; $B4A7: D0 0F
001257r 1  A9 04          LDA #$04                                            ; $B4A9: A9 04
001259r 1  8D A8 04       STA $04A8                                           ; $B4AB: 8D A8 04
00125Cr 1  A9 00          LDA #$00                                            ; $B4AE: A9 00
00125Er 1  8D A9 04       STA $04A9                                           ; $B4B0: 8D A9 04
001261r 1  A9 00          LDA #$00                                            ; $B4B3: A9 00
001263r 1  4C 8B F2       JMP B1F_SetUI4                                      ; $B4B5: 4C 8B F2
001266r 1               LB4B8:
001266r 1  C9 02          CMP #$02                                            ; $B4B8: C9 02
001268r 1  D0 22          BNE LB4DE                                           ; $B4BA: D0 22
00126Ar 1  A9 03          LDA #$03                                            ; $B4BC: A9 03
00126Cr 1  8D BD 04       STA $04BD                                           ; $B4BE: 8D BD 04
00126Fr 1  A9 00          LDA #$00                                            ; $B4C1: A9 00
001271r 1  8D BE 04       STA $04BE                                           ; $B4C3: 8D BE 04
001274r 1  A9 11          LDA #$11                                            ; $B4C6: A9 11
001276r 1  8D A8 04       STA $04A8                                           ; $B4C8: 8D A8 04
001279r 1  A9 00          LDA #$00                                            ; $B4CB: A9 00
00127Br 1  8D A9 04       STA $04A9                                           ; $B4CD: 8D A9 04
00127Er 1  AC AA 04       LDY $04AA                                           ; $B4D0: AC AA 04
001281r 1  B9 AD 04       LDA $04AD,Y                                         ; $B4D3: B9 AD 04
001284r 1  8D 2C 04       STA $042C                                           ; $B4D6: 8D 2C 04
001287r 1  A9 21          LDA #$21                                            ; $B4D9: A9 21
001289r 1  4C 8B F2       JMP B1F_SetUI4                                      ; $B4DB: 4C 8B F2
00128Cr 1               LB4DE:
00128Cr 1  C9 03          CMP #$03                                            ; $B4DE: C9 03
00128Er 1  D0 18          BNE LB4FA                                           ; $B4E0: D0 18
001290r 1  20 62 D2       JSR LD262                                           ; $B4E2: 20 62 D2
001293r 1  90 04          BCC LB4EB                                           ; $B4E5: 90 04
001295r 1  CE A9 04       DEC $04A9                                           ; $B4E7: CE A9 04
001298r 1  60             RTS                                                 ; $B4EA: 60
001299r 1               LB4EB:
001299r 1  A9 06          LDA #$06                                            ; $B4EB: A9 06
00129Br 1  8D A8 04       STA $04A8                                           ; $B4ED: 8D A8 04
00129Er 1  A9 00          LDA #$00                                            ; $B4F0: A9 00
0012A0r 1  8D A9 04       STA $04A9                                           ; $B4F2: 8D A9 04
0012A3r 1  A9 00          LDA #$00                                            ; $B4F5: A9 00
0012A5r 1  4C 8B F2       JMP B1F_SetUI4                                      ; $B4F7: 4C 8B F2
0012A8r 1               LB4FA:
0012A8r 1  C9 05          CMP #$05                                            ; $B4FA: C9 05
0012AAr 1  D0 14          BNE LB512                                           ; $B4FC: D0 14
0012ACr 1  A9 05          LDA #$05                                            ; $B4FE: A9 05
0012AEr 1  8D A8 04       STA $04A8                                           ; $B500: 8D A8 04
0012B1r 1  A9 00          LDA #$00                                            ; $B503: A9 00
0012B3r 1  8D A9 04       STA $04A9                                           ; $B505: 8D A9 04
0012B6r 1  AD AA 04       LDA $04AA                                           ; $B508: AD AA 04
0012B9r 1  8D BE 04       STA $04BE                                           ; $B50B: 8D BE 04
0012BCr 1  8D BF 04       STA $04BF                                           ; $B50E: 8D BF 04
0012BFr 1  60             RTS                                                 ; $B511: 60
0012C0r 1               LB512:
0012C0r 1  C9 06          CMP #$06                                            ; $B512: C9 06
0012C2r 1  D0 22          BNE LB538                                           ; $B514: D0 22
0012C4r 1  A9 03          LDA #$03                                            ; $B516: A9 03
0012C6r 1  8D BD 04       STA $04BD                                           ; $B518: 8D BD 04
0012C9r 1  A9 00          LDA #$00                                            ; $B51B: A9 00
0012CBr 1  8D BE 04       STA $04BE                                           ; $B51D: 8D BE 04
0012CEr 1  A9 12          LDA #$12                                            ; $B520: A9 12
0012D0r 1  8D A8 04       STA $04A8                                           ; $B522: 8D A8 04
0012D3r 1  A9 00          LDA #$00                                            ; $B525: A9 00
0012D5r 1  8D A9 04       STA $04A9                                           ; $B527: 8D A9 04
0012D8r 1  AC AA 04       LDY $04AA                                           ; $B52A: AC AA 04
0012DBr 1  B9 AD 04       LDA $04AD,Y                                         ; $B52D: B9 AD 04
0012DEr 1  8D 2C 04       STA $042C                                           ; $B530: 8D 2C 04
0012E1r 1  A9 24          LDA #$24                                            ; $B533: A9 24
0012E3r 1  4C 8B F2       JMP B1F_SetUI4                                      ; $B535: 4C 8B F2
0012E6r 1               LB538:
0012E6r 1  C9 07          CMP #$07                                            ; $B538: C9 07
0012E8r 1  D0 0B          BNE LB547                                           ; $B53A: D0 0B
0012EAr 1  A9 07          LDA #$07                                            ; $B53C: A9 07
0012ECr 1  8D A8 04       STA $04A8                                           ; $B53E: 8D A8 04
0012EFr 1  A9 00          LDA #$00                                            ; $B541: A9 00
0012F1r 1  8D A9 04       STA $04A9                                           ; $B543: 8D A9 04
0012F4r 1  60             RTS                                                 ; $B546: 60
0012F5r 1               LB547:
0012F5r 1  A9 08          LDA #$08                                            ; $B547: A9 08
0012F7r 1  8D A8 04       STA $04A8                                           ; $B549: 8D A8 04
0012FAr 1  A9 00          LDA #$00                                            ; $B54C: A9 00
0012FCr 1  8D A9 04       STA $04A9                                           ; $B54E: 8D A9 04
0012FFr 1  60             RTS                                                 ; $B551: 60
001300r 1               LB552:
001300r 1  20 66 D1       JSR LD166                                           ; $B552: 20 66 D1
001303r 1  20 99 D2       JSR LD299                                           ; $B555: 20 99 D2
001306r 1  90 0E          BCC LB568                                           ; $B558: 90 0E
001308r 1  EE A9 04       INC $04A9                                           ; $B55A: EE A9 04
00130Br 1  A9 00          LDA #$00                                            ; $B55D: A9 00
00130Dr 1  8D 24 04       STA $0424                                           ; $B55F: 8D 24 04
001310r 1  8D 25 04       STA $0425                                           ; $B562: 8D 25 04
001313r 1  4C 7C D1       JMP LD17C                                           ; $B565: 4C 7C D1
001316r 1               LB568:
001316r 1  60             RTS                                                 ; $B568: 60
001317r 1               LB569:
001317r 1  20 66 D1       JSR LD166                                           ; $B569: 20 66 D1
00131Ar 1  A9 BB          LDA #$BB                                            ; $B56C: A9 BB
00131Cr 1  85 10          STA $0010                                           ; $B56E: 8D 10 00
00131Er 1  A9 B5          LDA #$B5                                            ; $B571: A9 B5
001320r 1  85 11          STA $0011                                           ; $B573: 8D 11 00
001322r 1  A9 00          LDA #$00                                            ; $B576: A9 00
001324r 1  85 12          STA $0012                                           ; $B578: 8D 12 00
001326r 1  20 1E ED       JSR B1F_MenuStep2                                   ; $B57B: 20 1E ED
001329r 1  A9 BF          LDA #$BF                                            ; $B57E: A9 BF
00132Br 1  85 10          STA $0010                                           ; $B580: 8D 10 00
00132Dr 1  A9 B5          LDA #$B5                                            ; $B583: A9 B5
00132Fr 1  85 11          STA $0011                                           ; $B585: 8D 11 00
001331r 1  A9 C3          LDA #$C3                                            ; $B588: A9 C3
001333r 1  85 00          STA $0000                                           ; $B58A: 8D 00 00
001335r 1  A9 B5          LDA #$B5                                            ; $B58D: A9 B5
001337r 1  85 01          STA $0001                                           ; $B58F: 8D 01 00
001339r 1  A5 12          LDA $0012                                           ; $B592: AD 12 00
00133Br 1  20 F5 ED       JSR B1F_PointerTableLookup                          ; $B595: 20 F5 ED
00133Er 1  A5 81          LDA $0081                                           ; $B598: AD 81 00
001340r 1  4A             LSR A                                               ; $B59B: 4A
001341r 1  90 0E          BCC LB5AD                                           ; $B59C: 90 0F
001343r 1  A5 12          LDA $0012                                           ; $B59E: AD 12 00
001345r 1  18             CLC                                                 ; $B5A1: 18
001346r 1  69 07          ADC #$07                                            ; $B5A2: 69 07
001348r 1  8D BF 04       STA $04BF                                           ; $B5A4: 8D BF 04
00134Br 1  A9 03          LDA #$03                                            ; $B5A7: A9 03
00134Dr 1  8D A9 04       STA $04A9                                           ; $B5A9: 8D A9 04
001350r 1  60             RTS                                                 ; $B5AC: 60
001351r 1               LB5AD:
001351r 1  4A             LSR A                                               ; $B5AD: 4A
001352r 1  90 0A          BCC LB5BA                                           ; $B5AE: 90 0A
001354r 1  A9 01          LDA #$01                                            ; $B5B0: A9 01
001356r 1  8D A9 04       STA $04A9                                           ; $B5B2: 8D A9 04
001359r 1  A9 2B          LDA #$2B                                            ; $B5B5: A9 2B
00135Br 1  4C 6D F2       JMP B1F_SetUI0                                      ; $B5B7: 4C 6D F2
00135Er 1               LB5BA:
00135Er 1  60             RTS                                                 ; $B5BA: 60
00135Fr 1  00 01 FF FF    .byte $00,$01,$FF,$FF,$B6,$88,$B6,$C0,$00,$07,$00,$00,$80; $B5BB: 00 01 FF FF B6 88 B6 C0 00 07 00 00 80
001363r 1  B6 88 B6 C0  
001367r 1  00 07 00 00  
00136Cr 1               LB5C8:
00136Cr 1  AD A9 04       LDA $04A9                                           ; $B5C8: AD A9 04
00136Fr 1  20 DE EA       JSR B1F_CallbackDispatcher                          ; $B5CB: 20 DE EA
001372r 1               ; --- Inline pointer table (5 entries) ---
001372r 1  rr rr          .word LB5D8                                         ; $B5CE: D8 B5
001374r 1  rr rr          .word LB626                                         ; $B5D0: 26 B6
001376r 1  rr rr          .word LB659                                         ; $B5D2: 59 B6
001378r 1  rr rr          .word LB689                                         ; $B5D4: 89 B6
00137Ar 1  rr rr          .word LB719                                         ; $B5D6: 19 B7
00137Cr 1               LB5D8:
00137Cr 1  AD AA 04       LDA $04AA                                           ; $B5D8: AD AA 04
00137Fr 1  49 01          EOR #$01                                            ; $B5DB: 49 01
001381r 1  A8             TAY                                                 ; $B5DD: A8
001382r 1  B9 B1 04       LDA $04B1,Y                                         ; $B5DE: B9 B1 04
001385r 1  85 10          STA $0010                                           ; $B5E1: 8D 10 00
001387r 1  AC AA 04       LDY $04AA                                           ; $B5E4: AC AA 04
00138Ar 1  B9 AD 04       LDA $04AD,Y                                         ; $B5E7: B9 AD 04
00138Dr 1  20 87 F3       JSR B1F_GetOfficerRomRecordAddr                     ; $B5EA: 20 87 F3
001390r 1  A0 00          LDY #$00                                            ; $B5ED: A0 00
001392r 1  B1 00          LDA ($00),Y                                         ; $B5EF: B1 00
001394r 1  4A             LSR A                                               ; $B5F1: 4A
001395r 1  85 11          STA $0011                                           ; $B5F2: 8D 11 00
001397r 1  AC AA 04       LDY $04AA                                           ; $B5F5: AC AA 04
00139Ar 1  B9 B1 04       LDA $04B1,Y                                         ; $B5F8: B9 B1 04
00139Dr 1  C5 11          CMP $0011                                           ; $B5FB: CD 11 00
00139Fr 1  B0 1C          BCS LB61F                                           ; $B5FE: B0 1F
0013A1r 1  C5 10          CMP $0010                                           ; $B600: CD 10 00
0013A3r 1  B0 1B          BCS LB622                                           ; $B603: B0 1D
0013A5r 1  20 62 D2       JSR LD262                                           ; $B605: 20 62 D2
0013A8r 1  B0 16          BCS LB622                                           ; $B608: B0 18
0013AAr 1  20 rr rr       JSR LB7B3                                           ; $B60A: 20 B3 B7
0013ADr 1  C5 10          CMP $0010                                           ; $B60D: CD 10 00
0013AFr 1  B0 0F          BCS LB622                                           ; $B610: B0 10
0013B1r 1  A5 10          LDA $0010                                           ; $B612: AD 10 00
0013B3r 1  F0 0B          BEQ LB622                                           ; $B615: F0 0B
0013B5r 1  A9 03          LDA #$03                                            ; $B617: A9 03
0013B7r 1  8D BF 04       STA $04BF                                           ; $B619: 8D BF 04
0013BAr 1  4C rr rr       JMP LB7A8                                           ; $B61C: 4C A8 B7
0013BDr 1               LB61F:
0013BDr 1  EE A9 04       INC $04A9                                           ; $B61F: EE A9 04
0013C0r 1               LB622:
0013C0r 1  EE A9 04       INC $04A9                                           ; $B622: EE A9 04
0013C3r 1  60             RTS                                                 ; $B625: 60
0013C4r 1               LB626:
0013C4r 1  AD AA 04       LDA $04AA                                           ; $B626: AD AA 04
0013C7r 1  49 01          EOR #$01                                            ; $B629: 49 01
0013C9r 1  A8             TAY                                                 ; $B62B: A8
0013CAr 1  B9 B1 04       LDA $04B1,Y                                         ; $B62C: B9 B1 04
0013CDr 1  85 10          STA $0010                                           ; $B62F: 8D 10 00
0013CFr 1  AC AA 04       LDY $04AA                                           ; $B632: AC AA 04
0013D2r 1  B9 B1 04       LDA $04B1,Y                                         ; $B635: B9 B1 04
0013D5r 1  18             CLC                                                 ; $B638: 18
0013D6r 1  69 1E          ADC #$1E                                            ; $B639: 69 1E
0013D8r 1  C5 10          CMP $0010                                           ; $B63B: CD 10 00
0013DAr 1  B0 13          BCS LB655                                           ; $B63E: B0 15
0013DCr 1  20 rr rr       JSR LB7DD                                           ; $B640: 20 DD B7
0013DFr 1  C5 10          CMP $0010                                           ; $B643: CD 10 00
0013E1r 1  B0 0C          BCS LB655                                           ; $B646: B0 0D
0013E3r 1  A5 10          LDA $0010                                           ; $B648: AD 10 00
0013E5r 1  F0 08          BEQ LB655                                           ; $B64B: F0 08
0013E7r 1  A9 06          LDA #$06                                            ; $B64D: A9 06
0013E9r 1  8D BF 04       STA $04BF                                           ; $B64F: 8D BF 04
0013ECr 1  4C rr rr       JMP LB7A8                                           ; $B652: 4C A8 B7
0013EFr 1               LB655:
0013EFr 1  EE A9 04       INC $04A9                                           ; $B655: EE A9 04
0013F2r 1  60             RTS                                                 ; $B658: 60
0013F3r 1               LB659:
0013F3r 1  AC AA 04       LDY $04AA                                           ; $B659: AC AA 04
0013F6r 1  B9 B1 04       LDA $04B1,Y                                         ; $B65C: B9 B1 04
0013F9r 1  C9 1E          CMP #$1E                                            ; $B65F: C9 1E
0013FBr 1  B0 20          BCS LB685                                           ; $B661: B0 22
0013FDr 1  AC AA 04       LDY $04AA                                           ; $B663: AC AA 04
001400r 1  49 01          EOR #$01                                            ; $B666: 49 01
001402r 1  A8             TAY                                                 ; $B668: A8
001403r 1  B9 B1 04       LDA $04B1,Y                                         ; $B669: B9 B1 04
001406r 1  C9 32          CMP #$32                                            ; $B66C: C9 32
001408r 1  90 13          BCC LB685                                           ; $B66E: 90 15
00140Ar 1  20 rr rr       JSR LB816                                           ; $B670: 20 16 B8
00140Dr 1  C5 10          CMP $0010                                           ; $B673: CD 10 00
00140Fr 1  B0 0C          BCS LB685                                           ; $B676: B0 0D
001411r 1  A5 10          LDA $0010                                           ; $B678: AD 10 00
001413r 1  F0 08          BEQ LB685                                           ; $B67B: F0 08
001415r 1  A9 02          LDA #$02                                            ; $B67D: A9 02
001417r 1  8D BF 04       STA $04BF                                           ; $B67F: 8D BF 04
00141Ar 1  4C rr rr       JMP LB7A8                                           ; $B682: 4C A8 B7
00141Dr 1               LB685:
00141Dr 1  EE A9 04       INC $04A9                                           ; $B685: EE A9 04
001420r 1  60             RTS                                                 ; $B688: 60
001421r 1               LB689:
001421r 1  AC AA 04       LDY $04AA                                           ; $B689: AC AA 04
001424r 1  B9 B5 04       LDA $04B5,Y                                         ; $B68C: B9 B5 04
001427r 1  29 7F          AND #$7F                                            ; $B68F: 29 7F
001429r 1  F0 03          BEQ LB696                                           ; $B691: F0 03
00142Br 1  4C rr rr       JMP LB715                                           ; $B693: 4C 15 B7
00142Er 1               LB696:
00142Er 1  B9 AD 04       LDA $04AD,Y                                         ; $B696: B9 AD 04
001431r 1  20 D7 F2       JSR B1F_GetOfficerRecordAddr                        ; $B699: 20 D7 F2
001434r 1  A0 02          LDY #$02                                            ; $B69C: A0 02
001436r 1  B1 00          LDA ($00),Y                                         ; $B69E: B1 00
001438r 1  85 10          STA $0010                                           ; $B6A0: 8D 10 00
00143Ar 1  AD AA 04       LDA $04AA                                           ; $B6A3: AD AA 04
00143Dr 1  49 01          EOR #$01                                            ; $B6A6: 49 01
00143Fr 1  A8             TAY                                                 ; $B6A8: A8
001440r 1  B9 AD 04       LDA $04AD,Y                                         ; $B6A9: B9 AD 04
001443r 1  20 D7 F2       JSR B1F_GetOfficerRecordAddr                        ; $B6AC: 20 D7 F2
001446r 1  A0 02          LDY #$02                                            ; $B6AF: A0 02
001448r 1  B1 00          LDA ($00),Y                                         ; $B6B1: B1 00
00144Ar 1  C5 10          CMP $0010                                           ; $B6B3: CD 10 00
00144Cr 1  B0 13          BCS LB6CD                                           ; $B6B6: B0 15
00144Er 1  20 rr rr       JSR LB851                                           ; $B6B8: 20 51 B8
001451r 1  C5 10          CMP $0010                                           ; $B6BB: CD 10 00
001453r 1  B0 0C          BCS LB6CD                                           ; $B6BE: B0 0D
001455r 1  A5 10          LDA $0010                                           ; $B6C0: AD 10 00
001457r 1  F0 08          BEQ LB6CD                                           ; $B6C3: F0 08
001459r 1  A9 07          LDA #$07                                            ; $B6C5: A9 07
00145Br 1  8D BF 04       STA $04BF                                           ; $B6C7: 8D BF 04
00145Er 1  4C rr rr       JMP LB7A8                                           ; $B6CA: 4C A8 B7
001461r 1               LB6CD:
001461r 1  AC AA 04       LDY $04AA                                           ; $B6CD: AC AA 04
001464r 1  B9 AD 04       LDA $04AD,Y                                         ; $B6D0: B9 AD 04
001467r 1  20 D7 F2       JSR B1F_GetOfficerRecordAddr                        ; $B6D3: 20 D7 F2
00146Ar 1  A0 01          LDY #$01                                            ; $B6D6: A0 01
00146Cr 1  B1 00          LDA ($00),Y                                         ; $B6D8: B1 00
00146Er 1  85 10          STA $0010                                           ; $B6DA: 8D 10 00
001470r 1  AD AA 04       LDA $04AA                                           ; $B6DD: AD AA 04
001473r 1  49 01          EOR #$01                                            ; $B6E0: 49 01
001475r 1  A8             TAY                                                 ; $B6E2: A8
001476r 1  B9 AD 04       LDA $04AD,Y                                         ; $B6E3: B9 AD 04
001479r 1  20 D7 F2       JSR B1F_GetOfficerRecordAddr                        ; $B6E6: 20 D7 F2
00147Cr 1  A0 01          LDY #$01                                            ; $B6E9: A0 01
00147Er 1  B1 00          LDA ($00),Y                                         ; $B6EB: B1 00
001480r 1  C5 10          CMP $0010                                           ; $B6ED: CD 10 00
001482r 1  90 22          BCC LB715                                           ; $B6F0: 90 23
001484r 1  20 rr rr       JSR LB89B                                           ; $B6F2: 20 9B B8
001487r 1  C5 10          CMP $0010                                           ; $B6F5: CD 10 00
001489r 1  B0 1B          BCS LB715                                           ; $B6F8: B0 1B
00148Br 1  AC AA 04       LDY $04AA                                           ; $B6FA: AC AA 04
00148Er 1  B9 B5 04       LDA $04B5,Y                                         ; $B6FD: B9 B5 04
001491r 1  30 13          BMI LB715                                           ; $B700: 30 13
001493r 1  98             TYA                                                 ; $B702: 98
001494r 1  49 01          EOR #$01                                            ; $B703: 49 01
001496r 1  A8             TAY                                                 ; $B705: A8
001497r 1  B9 B5 04       LDA $04B5,Y                                         ; $B706: B9 B5 04
00149Ar 1  29 7F          AND #$7F                                            ; $B709: 29 7F
00149Cr 1  D0 08          BNE LB715                                           ; $B70B: D0 08
00149Er 1  A9 08          LDA #$08                                            ; $B70D: A9 08
0014A0r 1  8D BF 04       STA $04BF                                           ; $B70F: 8D BF 04
0014A3r 1  4C rr rr       JMP LB7A8                                           ; $B712: 4C A8 B7
0014A6r 1               LB715:
0014A6r 1  EE A9 04       INC $04A9                                           ; $B715: EE A9 04
0014A9r 1  60             RTS                                                 ; $B718: 60
0014AAr 1               LB719:
0014AAr 1  A2 00          LDX #$00                                            ; $B719: A2 00
0014ACr 1  AD AA 04       LDA $04AA                                           ; $B71B: AD AA 04
0014AFr 1  49 01          EOR #$01                                            ; $B71E: 49 01
0014B1r 1  A8             TAY                                                 ; $B720: A8
0014B2r 1  B9 B1 04       LDA $04B1,Y                                         ; $B721: B9 B1 04
0014B5r 1  C9 1F          CMP #$1F                                            ; $B724: C9 1F
0014B7r 1  90 08          BCC LB730                                           ; $B726: 90 08
0014B9r 1  A2 18          LDX #$18                                            ; $B728: A2 18
0014BBr 1  C9 3D          CMP #$3D                                            ; $B72A: C9 3D
0014BDr 1  90 02          BCC LB730                                           ; $B72C: 90 02
0014BFr 1  A2 30          LDX #$30                                            ; $B72E: A2 30
0014C1r 1               LB730:
0014C1r 1  AC AA 04       LDY $04AA                                           ; $B730: AC AA 04
0014C4r 1  B9 B1 04       LDA $04B1,Y                                         ; $B733: B9 B1 04
0014C7r 1  C9 1F          CMP #$1F                                            ; $B736: C9 1F
0014C9r 1  90 11          BCC LB74B                                           ; $B738: 90 11
0014CBr 1  8A             TXA                                                 ; $B73A: 8A
0014CCr 1  18             CLC                                                 ; $B73B: 18
0014CDr 1  69 08          ADC #$08                                            ; $B73C: 69 08
0014CFr 1  AA             TAX                                                 ; $B73E: AA
0014D0r 1  B9 B1 04       LDA $04B1,Y                                         ; $B73F: B9 B1 04
0014D3r 1  C9 3D          CMP #$3D                                            ; $B742: C9 3D
0014D5r 1  90 05          BCC LB74B                                           ; $B744: 90 05
0014D7r 1  8A             TXA                                                 ; $B746: 8A
0014D8r 1  18             CLC                                                 ; $B747: 18
0014D9r 1  69 08          ADC #$08                                            ; $B748: 69 08
0014DBr 1  AA             TAX                                                 ; $B74A: AA
0014DCr 1               LB74B:
0014DCr 1  20 56 E8       JSR B1F_RandomMod8                                  ; $B74B: 20 56 E8
0014DFr 1  85 00          STA $0000                                           ; $B74E: 8D 00 00
0014E1r 1  8A             TXA                                                 ; $B751: 8A
0014E2r 1  18             CLC                                                 ; $B752: 18
0014E3r 1  65 00          ADC $0000                                           ; $B753: 6D 00 00
0014E5r 1  AA             TAX                                                 ; $B756: AA
0014E6r 1  BD 60 B7       LDA $B760,X                                         ; $B757: BD 60 B7
0014E9r 1  8D BF 04       STA $04BF                                           ; $B75A: 8D BF 04
0014ECr 1  4C rr rr       JMP LB7A8                                           ; $B75D: 4C A8 B7
0014EFr 1  00 00 00 02    .byte $00,$00,$00,$02,$02,$02,$02,$02,$00,$00,$00,$00,$00,$02,$02,$02; $B760: 00 00 00 02 02 02 02 02 00 00 00 00 00 02 02 02
0014F3r 1  02 02 02 02  
0014F7r 1  00 00 00 00  
0014FFr 1  00 00 00 00    .byte $00,$00,$00,$00,$00,$00,$02,$02,$00,$00,$02,$02,$02,$02,$02,$02; $B770: 00 00 00 00 00 00 02 02 00 00 02 02 02 02 02 02
001503r 1  00 00 02 02  
001507r 1  00 00 02 02  
00150Fr 1  00 00 00 00    .byte $00,$00,$00,$00,$02,$02,$02,$02,$00,$00,$00,$00,$00,$02,$02,$02; $B780: 00 00 00 00 02 02 02 02 00 00 00 00 00 02 02 02
001513r 1  02 02 02 02  
001517r 1  00 00 00 00  
00151Fr 1  00 02 02 02    .byte $00,$02,$02,$02,$02,$02,$02,$02,$00,$00,$00,$02,$02,$02,$02,$02; $B790: 00 02 02 02 02 02 02 02 00 00 00 02 02 02 02 02
001523r 1  02 02 02 02  
001527r 1  00 00 00 02  
00152Fr 1  00 00 00 00    .byte $00,$00,$00,$00,$02,$02,$02,$02               ; $B7A0: 00 00 00 00 02 02 02 02
001533r 1  02 02 02 02  
001537r 1               LB7A8:
001537r 1  A9 01          LDA #$01                                            ; $B7A8: A9 01
001539r 1  8D A8 04       STA $04A8                                           ; $B7AA: 8D A8 04
00153Cr 1  A9 03          LDA #$03                                            ; $B7AD: A9 03
00153Er 1  8D A9 04       STA $04A9                                           ; $B7AF: 8D A9 04
001541r 1  60             RTS                                                 ; $B7B2: 60
001542r 1               LB7B3:
001542r 1  AC AA 04       LDY $04AA                                           ; $B7B3: AC AA 04
001545r 1  B9 B1 04       LDA $04B1,Y                                         ; $B7B6: B9 B1 04
001548r 1  85 10          STA $0010                                           ; $B7B9: 8D 10 00
00154Ar 1  B9 AD 04       LDA $04AD,Y                                         ; $B7BC: B9 AD 04
00154Dr 1  4C D7 F2       JMP B1F_GetOfficerRecordAddr                        ; $B7BF: 4C D7 F2
001550r 1  A0 03          LDY #$03                                            ; $B7C2: A0 03
001552r 1  B1 00          LDA ($00),Y                                         ; $B7C4: B1 00
001554r 1  18             CLC                                                 ; $B7C6: 18
001555r 1  65 10          ADC $0010                                           ; $B7C7: 6D 10 00
001557r 1  85 10          STA $0010                                           ; $B7CA: 8D 10 00
001559r 1  A9 8C          LDA #$8C                                            ; $B7CD: A9 8C
00155Br 1  38             SEC                                                 ; $B7CF: 38
00155Cr 1  E5 10          SBC $0010                                           ; $B7D0: ED 10 00
00155Er 1  10 02          BPL LB7D7                                           ; $B7D3: 10 02
001560r 1  A9 00          LDA #$00                                            ; $B7D5: A9 00
001562r 1               LB7D7:
001562r 1  85 10          STA $0010                                           ; $B7D7: 8D 10 00
001564r 1  4C 43 E8       JMP B1F_RandomBelow100                              ; $B7DA: 4C 43 E8
001567r 1               LB7DD:
001567r 1  AC AA 04       LDY $04AA                                           ; $B7DD: AC AA 04
00156Ar 1  B9 AD 04       LDA $04AD,Y                                         ; $B7E0: B9 AD 04
00156Dr 1  20 D7 F2       JSR B1F_GetOfficerRecordAddr                        ; $B7E3: 20 D7 F2
001570r 1  A0 01          LDY #$01                                            ; $B7E6: A0 01
001572r 1  B1 00          LDA ($00),Y                                         ; $B7E8: B1 00
001574r 1  85 10          STA $0010                                           ; $B7EA: 8D 10 00
001576r 1  A0 02          LDY #$02                                            ; $B7ED: A0 02
001578r 1  B1 00          LDA ($00),Y                                         ; $B7EF: B1 00
00157Ar 1  C5 10          CMP $0010                                           ; $B7F1: CD 10 00
00157Cr 1  90 02          BCC LB7F9                                           ; $B7F4: 90 03
00157Er 1  85 10          STA $0010                                           ; $B7F6: 8D 10 00
001580r 1               LB7F9:
001580r 1  AC AA 04       LDY $04AA                                           ; $B7F9: AC AA 04
001583r 1  B9 B1 04       LDA $04B1,Y                                         ; $B7FC: B9 B1 04
001586r 1  18             CLC                                                 ; $B7FF: 18
001587r 1  65 10          ADC $0010                                           ; $B800: 6D 10 00
001589r 1  85 10          STA $0010                                           ; $B803: 8D 10 00
00158Br 1  A9 7C          LDA #$7C                                            ; $B806: A9 7C
00158Dr 1  38             SEC                                                 ; $B808: 38
00158Er 1  E5 10          SBC $0010                                           ; $B809: ED 10 00
001590r 1  10 02          BPL LB810                                           ; $B80C: 10 02
001592r 1  A9 00          LDA #$00                                            ; $B80E: A9 00
001594r 1               LB810:
001594r 1  85 10          STA $0010                                           ; $B810: 8D 10 00
001596r 1  4C 43 E8       JMP B1F_RandomBelow100                              ; $B813: 4C 43 E8
001599r 1               LB816:
001599r 1  AD AA 04       LDA $04AA                                           ; $B816: AD AA 04
00159Cr 1  49 01          EOR #$01                                            ; $B819: 49 01
00159Er 1  A8             TAY                                                 ; $B81B: A8
00159Fr 1  B9 AD 04       LDA $04AD,Y                                         ; $B81C: B9 AD 04
0015A2r 1  20 D7 F2       JSR B1F_GetOfficerRecordAddr                        ; $B81F: 20 D7 F2
0015A5r 1  A0 01          LDY #$01                                            ; $B822: A0 01
0015A7r 1  B1 00          LDA ($00),Y                                         ; $B824: B1 00
0015A9r 1  85 10          STA $0010                                           ; $B826: 8D 10 00
0015ABr 1  AC AA 04       LDY $04AA                                           ; $B829: AC AA 04
0015AEr 1  B9 AD 04       LDA $04AD,Y                                         ; $B82C: B9 AD 04
0015B1r 1  20 D7 F2       JSR B1F_GetOfficerRecordAddr                        ; $B82F: 20 D7 F2
0015B4r 1  A0 01          LDY #$01                                            ; $B832: A0 01
0015B6r 1  B1 00          LDA ($00),Y                                         ; $B834: B1 00
0015B8r 1  38             SEC                                                 ; $B836: 38
0015B9r 1  E5 10          SBC $0010                                           ; $B837: ED 10 00
0015BBr 1  10 02          BPL LB83E                                           ; $B83A: 10 02
0015BDr 1  A9 00          LDA #$00                                            ; $B83C: A9 00
0015BFr 1               LB83E:
0015BFr 1  85 10          STA $0010                                           ; $B83E: 8D 10 00
0015C1r 1  A9 32          LDA #$32                                            ; $B841: A9 32
0015C3r 1  38             SEC                                                 ; $B843: 38
0015C4r 1  E5 10          SBC $0010                                           ; $B844: ED 10 00
0015C6r 1  10 02          BPL LB84B                                           ; $B847: 10 02
0015C8r 1  A9 00          LDA #$00                                            ; $B849: A9 00
0015CAr 1               LB84B:
0015CAr 1  85 10          STA $0010                                           ; $B84B: 8D 10 00
0015CCr 1  4C 43 E8       JMP B1F_RandomBelow100                              ; $B84E: 4C 43 E8
0015CFr 1               LB851:
0015CFr 1  AC AA 04       LDY $04AA                                           ; $B851: AC AA 04
0015D2r 1  B9 AD 04       LDA $04AD,Y                                         ; $B854: B9 AD 04
0015D5r 1  20 D7 F2       JSR B1F_GetOfficerRecordAddr                        ; $B857: 20 D7 F2
0015D8r 1  A0 02          LDY #$02                                            ; $B85A: A0 02
0015DAr 1  B1 00          LDA ($00),Y                                         ; $B85C: B1 00
0015DCr 1  85 10          STA $0010                                           ; $B85E: 8D 10 00
0015DEr 1  A0 04          LDY #$04                                            ; $B861: A0 04
0015E0r 1  B1 00          LDA ($00),Y                                         ; $B863: B1 00
0015E2r 1  18             CLC                                                 ; $B865: 18
0015E3r 1  65 10          ADC $0010                                           ; $B866: 6D 10 00
0015E5r 1  85 10          STA $0010                                           ; $B869: 8D 10 00
0015E7r 1  A0 01          LDY #$01                                            ; $B86C: A0 01
0015E9r 1  B1 00          LDA ($00),Y                                         ; $B86E: B1 00
0015EBr 1  85 11          STA $0011                                           ; $B870: 8D 11 00
0015EDr 1  AD AA 04       LDA $04AA                                           ; $B873: AD AA 04
0015F0r 1  49 01          EOR #$01                                            ; $B876: 49 01
0015F2r 1  A8             TAY                                                 ; $B878: A8
0015F3r 1  B9 AD 04       LDA $04AD,Y                                         ; $B879: B9 AD 04
0015F6r 1  20 D7 F2       JSR B1F_GetOfficerRecordAddr                        ; $B87C: 20 D7 F2
0015F9r 1  A0 03          LDY #$03                                            ; $B87F: A0 03
0015FBr 1  B1 00          LDA ($00),Y                                         ; $B881: B1 00
0015FDr 1  18             CLC                                                 ; $B883: 18
0015FEr 1  65 11          ADC $0011                                           ; $B884: 6D 11 00
001600r 1  85 11          STA $0011                                           ; $B887: 8D 11 00
001602r 1  A5 10          LDA $0010                                           ; $B88A: AD 10 00
001604r 1  38             SEC                                                 ; $B88D: 38
001605r 1  E5 11          SBC $0011                                           ; $B88E: ED 11 00
001607r 1  10 02          BPL LB895                                           ; $B891: 10 02
001609r 1  A9 00          LDA #$00                                            ; $B893: A9 00
00160Br 1               LB895:
00160Br 1  85 10          STA $0010                                           ; $B895: 8D 10 00
00160Dr 1  4C 43 E8       JMP B1F_RandomBelow100                              ; $B898: 4C 43 E8
001610r 1               LB89B:
001610r 1  AD AA 04       LDA $04AA                                           ; $B89B: AD AA 04
001613r 1  49 01          EOR #$01                                            ; $B89E: 49 01
001615r 1  A8             TAY                                                 ; $B8A0: A8
001616r 1  B9 AD 04       LDA $04AD,Y                                         ; $B8A1: B9 AD 04
001619r 1  20 D7 F2       JSR B1F_GetOfficerRecordAddr                        ; $B8A4: 20 D7 F2
00161Cr 1  A0 02          LDY #$02                                            ; $B8A7: A0 02
00161Er 1  B1 00          LDA ($00),Y                                         ; $B8A9: B1 00
001620r 1  85 10          STA $0010                                           ; $B8AB: 8D 10 00
001622r 1  A0 01          LDY #$01                                            ; $B8AE: A0 01
001624r 1  B1 00          LDA ($00),Y                                         ; $B8B0: B1 00
001626r 1  38             SEC                                                 ; $B8B2: 38
001627r 1  E5 10          SBC $0010                                           ; $B8B3: ED 10 00
001629r 1  B0 02          BCS LB8BA                                           ; $B8B6: B0 02
00162Br 1  A9 00          LDA #$00                                            ; $B8B8: A9 00
00162Dr 1               LB8BA:
00162Dr 1  18             CLC                                                 ; $B8BA: 18
00162Er 1  69 0A          ADC #$0A                                            ; $B8BB: 69 0A
001630r 1  10 02          BPL LB8C1                                           ; $B8BD: 10 02
001632r 1  A9 00          LDA #$00                                            ; $B8BF: A9 00
001634r 1               LB8C1:
001634r 1  85 10          STA $0010                                           ; $B8C1: 8D 10 00
001636r 1  4C 43 E8       JMP B1F_RandomBelow100                              ; $B8C4: 4C 43 E8
001639r 1               LB8C7:
001639r 1  AD A9 04       LDA $04A9                                           ; $B8C7: AD A9 04
00163Cr 1  20 DE EA       JSR B1F_CallbackDispatcher                          ; $B8CA: 20 DE EA
00163Fr 1               ; --- Inline pointer table (3 entries) ---
00163Fr 1  rr rr          .word LB8D3                                         ; $B8CD: D3 B8
001641r 1  rr rr          .word LB9A5                                         ; $B8CF: A5 B9
001643r 1  rr rr          .word LB9C8                                         ; $B8D1: C8 B9
001645r 1               LB8D3:
001645r 1  EE A9 04       INC $04A9                                           ; $B8D3: EE A9 04
001648r 1  20 rr rr       JSR LBA15                                           ; $B8D6: 20 15 BA
00164Br 1  AC AA 04       LDY $04AA                                           ; $B8D9: AC AA 04
00164Er 1  B9 B5 04       LDA $04B5,Y                                         ; $B8DC: B9 B5 04
001651r 1  29 7F          AND #$7F                                            ; $B8DF: 29 7F
001653r 1  F0 1E          BEQ LB909                                           ; $B8E1: F0 26
001655r 1  A5 10          LDA $0010                                           ; $B8E3: AD 10 00
001657r 1  18             CLC                                                 ; $B8E6: 18
001658r 1  69 14          ADC #$14                                            ; $B8E7: 69 14
00165Ar 1  85 10          STA $0010                                           ; $B8E9: 8D 10 00
00165Cr 1  A5 01          LDA $0001                                           ; $B8EC: AD 01 00
00165Er 1  0A             ASL A                                               ; $B8EF: 0A
00165Fr 1  18             CLC                                                 ; $B8F0: 18
001660r 1  65 01          ADC $0001                                           ; $B8F1: 6D 01 00
001662r 1  85 02          STA $0002                                           ; $B8F4: 8D 02 00
001664r 1               LB8F7:
001664r 1  A5 02          LDA $0002                                           ; $B8F7: AD 02 00
001666r 1  C9 0A          CMP #$0A                                            ; $B8FA: C9 0A
001668r 1  90 09          BCC LB909                                           ; $B8FC: 90 0B
00166Ar 1  E9 0A          SBC #$0A                                            ; $B8FE: E9 0A
00166Cr 1  85 02          STA $0002                                           ; $B900: 8D 02 00
00166Er 1  E6 01          INC $0001                                           ; $B903: EE 01 00
001670r 1  4C rr rr       JMP LB8F7                                           ; $B906: 4C F7 B8
001673r 1               LB909:
001673r 1  AD BF 04       LDA $04BF                                           ; $B909: AD BF 04
001676r 1  D0 19          BNE LB92B                                           ; $B90C: D0 1D
001678r 1  A5 10          LDA $0010                                           ; $B90E: AD 10 00
00167Ar 1  C9 64          CMP #$64                                            ; $B911: C9 64
00167Cr 1  90 03          BCC LB918                                           ; $B913: 90 03
00167Er 1  4C rr rr       JMP LB9A0                                           ; $B915: 4C A0 B9
001681r 1               LB918:
001681r 1  A9 03          LDA #$03                                            ; $B918: A9 03
001683r 1  85 03          STA $0003                                           ; $B91A: 8D 03 00
001685r 1  A9 00          LDA #$00                                            ; $B91D: A9 00
001687r 1  85 02          STA $0002                                           ; $B91F: 8D 02 00
001689r 1  85 04          STA $0004                                           ; $B922: 8D 04 00
00168Br 1  20 7C EA       JSR B1F_MathDiv16                                   ; $B925: 20 7C EA
00168Er 1  4C rr rr       JMP LB96D                                           ; $B928: 4C 6D B9
001691r 1               LB92B:
001691r 1  C9 06          CMP #$06                                            ; $B92B: C9 06
001693r 1  D0 2E          BNE LB962                                           ; $B92D: D0 33
001695r 1  A5 10          LDA $0010                                           ; $B92F: AD 10 00
001697r 1  C9 1E          CMP #$1E                                            ; $B932: C9 1E
001699r 1  B0 08          BCS LB940                                           ; $B934: B0 0A
00169Br 1  A5 01          LDA $0001                                           ; $B936: AD 01 00
00169Dr 1  0A             ASL A                                               ; $B939: 0A
00169Er 1  85 01          STA $0001                                           ; $B93A: 8D 01 00
0016A0r 1  4C rr rr       JMP LB96D                                           ; $B93D: 4C 6D B9
0016A3r 1               LB940:
0016A3r 1  20 7A E8       JSR B1F_RandomByte                                  ; $B940: 20 7A E8
0016A6r 1  29 1F          AND #$1F                                            ; $B943: 29 1F
0016A8r 1  C9 15          CMP #$15                                            ; $B945: C9 15
0016AAr 1  B0 C7          BCS LB909                                           ; $B947: B0 C0
0016ACr 1  69 0A          ADC #$0A                                            ; $B949: 69 0A
0016AEr 1  85 00          STA $0000                                           ; $B94B: 8D 00 00
0016B0r 1  AC AA 04       LDY $04AA                                           ; $B94E: AC AA 04
0016B3r 1  B9 B1 04       LDA $04B1,Y                                         ; $B951: B9 B1 04
0016B6r 1  38             SEC                                                 ; $B954: 38
0016B7r 1  E5 00          SBC $0000                                           ; $B955: ED 00 00
0016B9r 1  10 02          BPL LB95C                                           ; $B958: 10 02
0016BBr 1  A9 00          LDA #$00                                            ; $B95A: A9 00
0016BDr 1               LB95C:
0016BDr 1  99 B1 04       STA $04B1,Y                                         ; $B95C: 99 B1 04
0016C0r 1  4C rr rr       JMP LB9A0                                           ; $B95F: 4C A0 B9
0016C3r 1               LB962:
0016C3r 1  AC AA 04       LDY $04AA                                           ; $B962: AC AA 04
0016C6r 1  A5 10          LDA $0010                                           ; $B965: AD 10 00
0016C8r 1  D9 C5 04       CMP $04C5,Y                                         ; $B968: D9 C5 04
0016CBr 1  B0 30          BCS LB9A0                                           ; $B96B: B0 33
0016CDr 1               LB96D:
0016CDr 1  A5 01          LDA $0001                                           ; $B96D: AD 01 00
0016CFr 1  F0 27          BEQ LB99B                                           ; $B970: F0 29
0016D1r 1  30 25          BMI LB99B                                           ; $B972: 30 27
0016D3r 1  AD AA 04       LDA $04AA                                           ; $B974: AD AA 04
0016D6r 1  49 01          EOR #$01                                            ; $B977: 49 01
0016D8r 1  A8             TAY                                                 ; $B979: A8
0016D9r 1  B9 B1 04       LDA $04B1,Y                                         ; $B97A: B9 B1 04
0016DCr 1  38             SEC                                                 ; $B97D: 38
0016DDr 1  E5 01          SBC $0001                                           ; $B97E: ED 01 00
0016DFr 1  B0 02          BCS LB985                                           ; $B981: B0 02
0016E1r 1  A9 00          LDA #$00                                            ; $B983: A9 00
0016E3r 1               LB985:
0016E3r 1  99 B1 04       STA $04B1,Y                                         ; $B985: 99 B1 04
0016E6r 1  A5 01          LDA $0001                                           ; $B988: AD 01 00
0016E8r 1  8D 2C 04       STA $042C                                           ; $B98B: 8D 2C 04
0016EBr 1  A9 00          LDA #$00                                            ; $B98E: A9 00
0016EDr 1  8D 2D 04       STA $042D                                           ; $B990: 8D 2D 04
0016F0r 1  8D 2E 04       STA $042E                                           ; $B993: 8D 2E 04
0016F3r 1  A9 22          LDA #$22                                            ; $B996: A9 22
0016F5r 1  4C 8B F2       JMP B1F_SetUI4                                      ; $B998: 4C 8B F2
0016F8r 1               LB99B:
0016F8r 1  A9 39          LDA #$39                                            ; $B99B: A9 39
0016FAr 1  4C 8B F2       JMP B1F_SetUI4                                      ; $B99D: 4C 8B F2
0016FDr 1               LB9A0:
0016FDr 1  A9 25          LDA #$25                                            ; $B9A0: A9 25
0016FFr 1  4C 6D F2       JMP B1F_SetUI0                                      ; $B9A2: 4C 6D F2
001702r 1               LB9A5:
001702r 1  20 99 D2       JSR LD299                                           ; $B9A5: 20 99 D2
001705r 1  90 1A          BCC LB9C7                                           ; $B9A8: 90 1D
001707r 1  20 3D D1       JSR LD13D                                           ; $B9AA: 20 3D D1
00170Ar 1  A5 81          LDA $0081                                           ; $B9AD: AD 81 00
00170Cr 1  29 03          AND #$03                                            ; $B9B0: 29 03
00170Er 1  F0 11          BEQ LB9C7                                           ; $B9B2: F0 13
001710r 1  20 60 D0       JSR LD060                                           ; $B9B4: 20 60 D0
001713r 1  A9 FF          LDA #$FF                                            ; $B9B7: A9 FF
001715r 1  9D 80 03       STA $0380,X                                         ; $B9B9: 9D 80 03
001718r 1  EE A9 04       INC $04A9                                           ; $B9BC: EE A9 04
00171Br 1  A5 7E          LDA $007E                                           ; $B9BF: AD 7E 00
00171Dr 1  09 04          ORA #$04                                            ; $B9C2: 09 04
00171Fr 1  85 7E          STA $007E                                           ; $B9C4: 8D 7E 00
001721r 1               LB9C7:
001721r 1  60             RTS                                                 ; $B9C7: 60
001722r 1               LB9C8:
001722r 1  A5 7E          LDA $007E                                           ; $B9C8: AD 7E 00
001724r 1  29 04          AND #$04                                            ; $B9CB: 29 04
001726r 1  D0 1D          BNE LB9EC                                           ; $B9CD: D0 1D
001728r 1  AC AA 04       LDY $04AA                                           ; $B9CF: AC AA 04
00172Br 1  B9 B1 04       LDA $04B1,Y                                         ; $B9D2: B9 B1 04
00172Er 1  F0 16          BEQ LB9ED                                           ; $B9D5: F0 16
001730r 1  AD AA 04       LDA $04AA                                           ; $B9D7: AD AA 04
001733r 1  49 01          EOR #$01                                            ; $B9DA: 49 01
001735r 1  A8             TAY                                                 ; $B9DC: A8
001736r 1  B9 B1 04       LDA $04B1,Y                                         ; $B9DD: B9 B1 04
001739r 1  F0 0B          BEQ LB9ED                                           ; $B9E0: F0 0B
00173Br 1  A9 01          LDA #$01                                            ; $B9E2: A9 01
00173Dr 1  8D A8 04       STA $04A8                                           ; $B9E4: 8D A8 04
001740r 1  A9 00          LDA #$00                                            ; $B9E7: A9 00
001742r 1  8D A9 04       STA $04A9                                           ; $B9E9: 8D A9 04
001745r 1               LB9EC:
001745r 1  60             RTS                                                 ; $B9EC: 60
001746r 1               LB9ED:
001746r 1  8C AA 04       STY $04AA                                           ; $B9ED: 8C AA 04
001749r 1  B9 AD 04       LDA $04AD,Y                                         ; $B9F0: B9 AD 04
00174Cr 1  8D 2C 04       STA $042C                                           ; $B9F3: 8D 2C 04
00174Fr 1  C0 01          CPY #$01                                            ; $B9F6: C0 01
001751r 1  D0 02          BNE LB9FC                                           ; $B9F8: D0 02
001753r 1  A0 02          LDY #$02                                            ; $B9FA: A0 02
001755r 1               LB9FC:
001755r 1  A9 02          LDA #$02                                            ; $B9FC: A9 02
001757r 1  99 15 05       STA $0515,Y                                         ; $B9FE: 99 15 05
00175Ar 1  98             TYA                                                 ; $BA01: 98
00175Br 1  49 02          EOR #$02                                            ; $BA02: 49 02
00175Dr 1  A8             TAY                                                 ; $BA04: A8
00175Er 1  A9 00          LDA #$00                                            ; $BA05: A9 00
001760r 1  99 15 05       STA $0515,Y                                         ; $BA07: 99 15 05
001763r 1  A9 0D          LDA #$0D                                            ; $BA0A: A9 0D
001765r 1  8D A8 04       STA $04A8                                           ; $BA0C: 8D A8 04
001768r 1  A9 00          LDA #$00                                            ; $BA0F: A9 00
00176Ar 1  8D A9 04       STA $04A9                                           ; $BA11: 8D A9 04
00176Dr 1  60             RTS                                                 ; $BA14: 60
00176Er 1               LBA15:
00176Er 1  20 43 E8       JSR B1F_RandomBelow100                              ; $BA15: 20 43 E8
001771r 1  85 10          STA $0010                                           ; $BA18: 8D 10 00
001773r 1  A0 00          LDY #$00                                            ; $BA1B: A0 00
001775r 1  AE AA 04       LDX $04AA                                           ; $BA1D: AE AA 04
001778r 1  BD AD 04       LDA $04AD,X                                         ; $BA20: BD AD 04
00177Br 1  CD 60 05       CMP $0560                                           ; $BA23: CD 60 05
00177Er 1  F0 02          BEQ LBA2A                                           ; $BA26: F0 02
001780r 1  A0 01          LDY #$01                                            ; $BA28: A0 01
001782r 1               LBA2A:
001782r 1  B9 C1 04       LDA $04C1,Y                                         ; $BA2A: B9 C1 04
001785r 1  85 01          STA $0001                                           ; $BA2D: 8D 01 00
001787r 1  B9 70 05       LDA $0570,Y                                         ; $BA30: B9 70 05
00178Ar 1  18             CLC                                                 ; $BA33: 18
00178Br 1  65 01          ADC $0001                                           ; $BA34: 6D 01 00
00178Dr 1  4A             LSR A                                               ; $BA37: 4A
00178Er 1  85 01          STA $0001                                           ; $BA38: 8D 01 00
001790r 1  98             TYA                                                 ; $BA3B: 98
001791r 1  49 01          EOR #$01                                            ; $BA3C: 49 01
001793r 1  A8             TAY                                                 ; $BA3E: A8
001794r 1  B9 6E 05       LDA $056E,Y                                         ; $BA3F: B9 6E 05
001797r 1  85 02          STA $0002                                           ; $BA42: 8D 02 00
001799r 1  A5 01          LDA $0001                                           ; $BA45: AD 01 00
00179Br 1  38             SEC                                                 ; $BA48: 38
00179Cr 1  E5 02          SBC $0002                                           ; $BA49: ED 02 00
00179Er 1  85 01          STA $0001                                           ; $BA4C: 8D 01 00
0017A0r 1               LBA4F:
0017A0r 1  20 7A E8       JSR B1F_RandomByte                                  ; $BA4F: 20 7A E8
0017A3r 1  29 0F          AND #$0F                                            ; $BA52: 29 0F
0017A5r 1  C9 0B          CMP #$0B                                            ; $BA54: C9 0B
0017A7r 1  B0 F7          BCS LBA4F                                           ; $BA56: B0 F7
0017A9r 1  38             SEC                                                 ; $BA58: 38
0017AAr 1  E9 05          SBC #$05                                            ; $BA59: E9 05
0017ACr 1  85 02          STA $0002                                           ; $BA5B: 8D 02 00
0017AEr 1  A5 01          LDA $0001                                           ; $BA5E: AD 01 00
0017B0r 1  18             CLC                                                 ; $BA61: 18
0017B1r 1  65 02          ADC $0002                                           ; $BA62: 6D 02 00
0017B3r 1  10 02          BPL LBA69                                           ; $BA65: 10 02
0017B5r 1  A9 00          LDA #$00                                            ; $BA67: A9 00
0017B7r 1               LBA69:
0017B7r 1  85 01          STA $0001                                           ; $BA69: 8D 01 00
0017B9r 1  60             RTS                                                 ; $BA6C: 60
0017BAr 1               LBA6D:
0017BAr 1  AD A9 04       LDA $04A9                                           ; $BA6D: AD A9 04
0017BDr 1  20 DE EA       JSR B1F_CallbackDispatcher                          ; $BA70: 20 DE EA
0017C0r 1               ; --- Inline pointer table (10 entries) ---
0017C0r 1  rr rr          .word LBA87                                         ; $BA73: 87 BA
0017C2r 1  rr rr          .word LBAA5                                         ; $BA75: A5 BA
0017C4r 1  rr rr          .word LBAC0                                         ; $BA77: C0 BA
0017C6r 1  rr rr          .word LBADA                                         ; $BA79: DA BA
0017C8r 1  rr rr          .word LBB03                                         ; $BA7B: 03 BB
0017CAr 1  rr rr          .word LBB41                                         ; $BA7D: 41 BB
0017CCr 1  rr rr          .word LBB5B                                         ; $BA7F: 5B BB
0017CEr 1  rr rr          .word LBB93                                         ; $BA81: 93 BB
0017D0r 1  rr rr          .word LBBC0                                         ; $BA83: C0 BB
0017D2r 1  rr rr          .word LBC00                                         ; $BA85: 00 BC
0017D4r 1               LBA87:
0017D4r 1  20 99 D2       JSR LD299                                           ; $BA87: 20 99 D2
0017D7r 1  90 17          BCC LBAA4                                           ; $BA8A: 90 18
0017D9r 1  EE A9 04       INC $04A9                                           ; $BA8C: EE A9 04
0017DCr 1  AC AA 04       LDY $04AA                                           ; $BA8F: AC AA 04
0017DFr 1  B9 AD 04       LDA $04AD,Y                                         ; $BA92: B9 AD 04
0017E2r 1  85 00          STA $0000                                           ; $BA95: 8D 00 00
0017E4r 1  A0 3D          LDY #$3D                                            ; $BA98: A0 3D
0017E6r 1  20 07 EE       JSR B1F_BankedCallbackTrampoline                    ; $BA9A: 20 07 EE
0017E9r 1               ; --- BankedCallbackTrampoline target ---
0017E9r 1  30 A0          .word $A030                                         ; $BA9D: 30 A0
0017EBr 1  A9 29          LDA #$29                                            ; $BA9F: A9 29
0017EDr 1  4C 6D F2       JMP B1F_SetUI0                                      ; $BAA1: 4C 6D F2
0017F0r 1               LBAA4:
0017F0r 1  60             RTS                                                 ; $BAA4: 60
0017F1r 1               LBAA5:
0017F1r 1  20 66 D1       JSR LD166                                           ; $BAA5: 20 66 D1
0017F4r 1  20 99 D2       JSR LD299                                           ; $BAA8: 20 99 D2
0017F7r 1  90 11          BCC LBABF                                           ; $BAAB: 90 12
0017F9r 1  20 3D D1       JSR LD13D                                           ; $BAAD: 20 3D D1
0017FCr 1  A5 81          LDA $0081                                           ; $BAB0: AD 81 00
0017FEr 1  29 03          AND #$03                                            ; $BAB3: 29 03
001800r 1  F0 08          BEQ LBABF                                           ; $BAB5: F0 08
001802r 1  EE A9 04       INC $04A9                                           ; $BAB7: EE A9 04
001805r 1  A9 00          LDA #$00                                            ; $BABA: A9 00
001807r 1  4C 8B F2       JMP B1F_SetUI4                                      ; $BABC: 4C 8B F2
00180Ar 1               LBABF:
00180Ar 1  60             RTS                                                 ; $BABF: 60
00180Br 1               LBAC0:
00180Br 1  20 99 D2       JSR LD299                                           ; $BAC0: 20 99 D2
00180Er 1  90 14          BCC LBAD9                                           ; $BAC3: 90 14
001810r 1  A9 04          LDA #$04                                            ; $BAC5: A9 04
001812r 1  8D BD 04       STA $04BD                                           ; $BAC7: 8D BD 04
001815r 1  A9 03          LDA #$03                                            ; $BACA: A9 03
001817r 1  8D BE 04       STA $04BE                                           ; $BACC: 8D BE 04
00181Ar 1  A9 14          LDA #$14                                            ; $BACF: A9 14
00181Cr 1  8D A8 04       STA $04A8                                           ; $BAD1: 8D A8 04
00181Fr 1  A9 00          LDA #$00                                            ; $BAD4: A9 00
001821r 1  8D A9 04       STA $04A9                                           ; $BAD6: 8D A9 04
001824r 1               LBAD9:
001824r 1  60             RTS                                                 ; $BAD9: 60
001825r 1               LBADA:
001825r 1  20 99 D2       JSR LD299                                           ; $BADA: 20 99 D2
001828r 1  90 21          BCC LBB02                                           ; $BADD: 90 23
00182Ar 1  AD AA 04       LDA $04AA                                           ; $BADF: AD AA 04
00182Dr 1  49 01          EOR #$01                                            ; $BAE2: 49 01
00182Fr 1  8D AA 04       STA $04AA                                           ; $BAE4: 8D AA 04
001832r 1  A8             TAY                                                 ; $BAE7: A8
001833r 1  B9 AD 04       LDA $04AD,Y                                         ; $BAE8: B9 AD 04
001836r 1  85 00          STA $0000                                           ; $BAEB: 8D 00 00
001838r 1  A0 3D          LDY #$3D                                            ; $BAEE: A0 3D
00183Ar 1  20 07 EE       JSR B1F_BankedCallbackTrampoline                    ; $BAF0: 20 07 EE
00183Dr 1               ; --- BankedCallbackTrampoline target ---
00183Dr 1  30 A0          .word $A030                                         ; $BAF3: 30 A0
00183Fr 1  A9 02          LDA #$02                                            ; $BAF5: A9 02
001841r 1  85 A4          STA $00A4                                           ; $BAF7: 8D A4 00
001843r 1  EE A9 04       INC $04A9                                           ; $BAFA: EE A9 04
001846r 1  A9 2A          LDA #$2A                                            ; $BAFD: A9 2A
001848r 1  4C 6D F2       JMP B1F_SetUI0                                      ; $BAFF: 4C 6D F2
00184Br 1               LBB02:
00184Br 1  60             RTS                                                 ; $BB02: 60
00184Cr 1               LBB03:
00184Cr 1  AD AA 04       LDA $04AA                                           ; $BB03: AD AA 04
00184Fr 1  20 66 D1       JSR LD166                                           ; $BB06: 20 66 D1
001852r 1  20 99 D2       JSR LD299                                           ; $BB09: 20 99 D2
001855r 1  90 2F          BCC LBB40                                           ; $BB0C: 90 32
001857r 1  20 3D D1       JSR LD13D                                           ; $BB0E: 20 3D D1
00185Ar 1  A5 81          LDA $0081                                           ; $BB11: AD 81 00
00185Cr 1  29 03          AND #$03                                            ; $BB14: 29 03
00185Er 1  F0 26          BEQ LBB40                                           ; $BB16: F0 28
001860r 1  AD AA 04       LDA $04AA                                           ; $BB18: AD AA 04
001863r 1  49 01          EOR #$01                                            ; $BB1B: 49 01
001865r 1  A8             TAY                                                 ; $BB1D: A8
001866r 1  B9 B3 04       LDA $04B3,Y                                         ; $BB1E: B9 B3 04
001869r 1  0A             ASL A                                               ; $BB21: 0A
00186Ar 1  18             CLC                                                 ; $BB22: 18
00186Br 1  85 11          STA $0011                                           ; $BB23: 8D 11 00
00186Dr 1  20 43 E8       JSR B1F_RandomBelow100                              ; $BB26: 20 43 E8
001870r 1  C5 11          CMP $0011                                           ; $BB29: CD 11 00
001872r 1  B0 0A          BCS LBB38                                           ; $BB2C: B0 0A
001874r 1  A9 09          LDA #$09                                            ; $BB2E: A9 09
001876r 1  8D A9 04       STA $04A9                                           ; $BB30: 8D A9 04
001879r 1  A9 3C          LDA #$3C                                            ; $BB33: A9 3C
00187Br 1  4C 6D F2       JMP B1F_SetUI0                                      ; $BB35: 4C 6D F2
00187Er 1               LBB38:
00187Er 1  EE A9 04       INC $04A9                                           ; $BB38: EE A9 04
001881r 1  A9 00          LDA #$00                                            ; $BB3B: A9 00
001883r 1  4C 8B F2       JMP B1F_SetUI4                                      ; $BB3D: 4C 8B F2
001886r 1               LBB40:
001886r 1  60             RTS                                                 ; $BB40: 60
001887r 1               LBB41:
001887r 1  20 99 D2       JSR LD299                                           ; $BB41: 20 99 D2
00188Ar 1  90 14          BCC LBB5A                                           ; $BB44: 90 14
00188Cr 1  A9 04          LDA #$04                                            ; $BB46: A9 04
00188Er 1  8D BD 04       STA $04BD                                           ; $BB48: 8D BD 04
001891r 1  A9 06          LDA #$06                                            ; $BB4B: A9 06
001893r 1  8D BE 04       STA $04BE                                           ; $BB4D: 8D BE 04
001896r 1  A9 15          LDA #$15                                            ; $BB50: A9 15
001898r 1  8D A8 04       STA $04A8                                           ; $BB52: 8D A8 04
00189Br 1  A9 00          LDA #$00                                            ; $BB55: A9 00
00189Dr 1  8D A9 04       STA $04A9                                           ; $BB57: 8D A9 04
0018A0r 1               LBB5A:
0018A0r 1  60             RTS                                                 ; $BB5A: 60
0018A1r 1               LBB5B:
0018A1r 1  A9 0A          LDA #$0A                                            ; $BB5B: A9 0A
0018A3r 1  20 62 E8       JSR B1F_RandomBelowThreshold                        ; $BB5D: 20 62 E8
0018A6r 1  18             CLC                                                 ; $BB60: 18
0018A7r 1  69 05          ADC #$05                                            ; $BB61: 69 05
0018A9r 1  8D 2F 04       STA $042F                                           ; $BB63: 8D 2F 04
0018ACr 1  A9 00          LDA #$00                                            ; $BB66: A9 00
0018AEr 1  8D 30 04       STA $0430                                           ; $BB68: 8D 30 04
0018B1r 1  8D 31 04       STA $0431                                           ; $BB6B: 8D 31 04
0018B4r 1  AD AA 04       LDA $04AA                                           ; $BB6E: AD AA 04
0018B7r 1  49 01          EOR #$01                                            ; $BB71: 49 01
0018B9r 1  A8             TAY                                                 ; $BB73: A8
0018BAr 1  B9 AD 04       LDA $04AD,Y                                         ; $BB74: B9 AD 04
0018BDr 1  8D 2C 04       STA $042C                                           ; $BB77: 8D 2C 04
0018C0r 1  20 D7 F2       JSR B1F_GetOfficerRecordAddr                        ; $BB7A: 20 D7 F2
0018C3r 1  A0 00          LDY #$00                                            ; $BB7D: A0 00
0018C5r 1  B1 00          LDA ($00),Y                                         ; $BB7F: B1 00
0018C7r 1  38             SEC                                                 ; $BB81: 38
0018C8r 1  ED 2F 04       SBC $042F                                           ; $BB82: ED 2F 04
0018CBr 1  10 02          BPL LBB89                                           ; $BB85: 10 02
0018CDr 1  A9 00          LDA #$00                                            ; $BB87: A9 00
0018CFr 1               LBB89:
0018CFr 1  91 00          STA ($00),Y                                         ; $BB89: 91 00
0018D1r 1  EE A9 04       INC $04A9                                           ; $BB8B: EE A9 04
0018D4r 1  A9 3D          LDA #$3D                                            ; $BB8E: A9 3D
0018D6r 1  4C 8B F2       JMP B1F_SetUI4                                      ; $BB90: 4C 8B F2
0018D9r 1               LBB93:
0018D9r 1  20 99 D2       JSR LD299                                           ; $BB93: 20 99 D2
0018DCr 1  90 26          BCC LBBBF                                           ; $BB96: 90 27
0018DEr 1  20 3D D1       JSR LD13D                                           ; $BB98: 20 3D D1
0018E1r 1  A5 81          LDA $0081                                           ; $BB9B: AD 81 00
0018E3r 1  29 03          AND #$03                                            ; $BB9E: 29 03
0018E5r 1  F0 1D          BEQ LBBBF                                           ; $BBA0: F0 1D
0018E7r 1  AD AA 04       LDA $04AA                                           ; $BBA2: AD AA 04
0018EAr 1  49 01          EOR #$01                                            ; $BBA5: 49 01
0018ECr 1  A8             TAY                                                 ; $BBA7: A8
0018EDr 1  B9 AD 04       LDA $04AD,Y                                         ; $BBA8: B9 AD 04
0018F0r 1  20 D7 F2       JSR B1F_GetOfficerRecordAddr                        ; $BBAB: 20 D7 F2
0018F3r 1  A0 00          LDY #$00                                            ; $BBAE: A0 00
0018F5r 1  B1 00          LDA ($00),Y                                         ; $BBB0: B1 00
0018F7r 1  F0 03          BEQ LBBB7                                           ; $BBB2: F0 03
0018F9r 1  4C rr rr       JMP LBC16                                           ; $BBB4: 4C 16 BC
0018FCr 1               LBBB7:
0018FCr 1  EE A9 04       INC $04A9                                           ; $BBB7: EE A9 04
0018FFr 1  A9 26          LDA #$26                                            ; $BBBA: A9 26
001901r 1  4C 8B F2       JMP B1F_SetUI4                                      ; $BBBC: 4C 8B F2
001904r 1               LBBBF:
001904r 1  60             RTS                                                 ; $BBBF: 60
001905r 1               LBBC0:
001905r 1  20 99 D2       JSR LD299                                           ; $BBC0: 20 99 D2
001908r 1  90 09          BCC LBBCF                                           ; $BBC3: 90 0A
00190Ar 1  20 3D D1       JSR LD13D                                           ; $BBC5: 20 3D D1
00190Dr 1  A5 81          LDA $0081                                           ; $BBC8: AD 81 00
00190Fr 1  29 03          AND #$03                                            ; $BBCB: 29 03
001911r 1  D0 01          BNE LBBD0                                           ; $BBCD: D0 01
001913r 1               LBBCF:
001913r 1  60             RTS                                                 ; $BBCF: 60
001914r 1               LBBD0:
001914r 1  AD AA 04       LDA $04AA                                           ; $BBD0: AD AA 04
001917r 1  49 01          EOR #$01                                            ; $BBD3: 49 01
001919r 1  A8             TAY                                                 ; $BBD5: A8
00191Ar 1  B9 AD 04       LDA $04AD,Y                                         ; $BBD6: B9 AD 04
00191Dr 1  8D 2C 04       STA $042C                                           ; $BBD9: 8D 2C 04
001920r 1  C0 01          CPY #$01                                            ; $BBDC: C0 01
001922r 1  D0 02          BNE LBBE2                                           ; $BBDE: D0 02
001924r 1  A0 02          LDY #$02                                            ; $BBE0: A0 02
001926r 1               LBBE2:
001926r 1  A9 02          LDA #$02                                            ; $BBE2: A9 02
001928r 1  99 15 05       STA $0515,Y                                         ; $BBE4: 99 15 05
00192Br 1  98             TYA                                                 ; $BBE7: 98
00192Cr 1  49 02          EOR #$02                                            ; $BBE8: 49 02
00192Er 1  A8             TAY                                                 ; $BBEA: A8
00192Fr 1  A9 00          LDA #$00                                            ; $BBEB: A9 00
001931r 1  99 15 05       STA $0515,Y                                         ; $BBED: 99 15 05
001934r 1  A9 0E          LDA #$0E                                            ; $BBF0: A9 0E
001936r 1  8D A8 04       STA $04A8                                           ; $BBF2: 8D A8 04
001939r 1  A9 00          LDA #$00                                            ; $BBF5: A9 00
00193Br 1  8D A9 04       STA $04A9                                           ; $BBF7: 8D A9 04
00193Er 1  A9 FF          LDA #$FF                                            ; $BBFA: A9 FF
001940r 1  8D C0 04       STA $04C0                                           ; $BBFC: 8D C0 04
001943r 1  60             RTS                                                 ; $BBFF: 60
001944r 1               LBC00:
001944r 1  AD AA 04       LDA $04AA                                           ; $BC00: AD AA 04
001947r 1  20 66 D1       JSR LD166                                           ; $BC03: 20 66 D1
00194Ar 1  20 99 D2       JSR LD299                                           ; $BC06: 20 99 D2
00194Dr 1  90 09          BCC LBC15                                           ; $BC09: 90 0A
00194Fr 1  20 3D D1       JSR LD13D                                           ; $BC0B: 20 3D D1
001952r 1  A5 81          LDA $0081                                           ; $BC0E: AD 81 00
001954r 1  29 03          AND #$03                                            ; $BC11: 29 03
001956r 1  D0 01          BNE LBC16                                           ; $BC13: D0 01
001958r 1               LBC15:
001958r 1  60             RTS                                                 ; $BC15: 60
001959r 1               LBC16:
001959r 1  AD AA 04       LDA $04AA                                           ; $BC16: AD AA 04
00195Cr 1  49 01          EOR #$01                                            ; $BC19: 49 01
00195Er 1  8D AA 04       STA $04AA                                           ; $BC1B: 8D AA 04
001961r 1  F0 02          BEQ LBC22                                           ; $BC1E: F0 02
001963r 1  A0 02          LDY #$02                                            ; $BC20: A0 02
001965r 1               LBC22:
001965r 1  A9 01          LDA #$01                                            ; $BC22: A9 01
001967r 1  99 15 05       STA $0515,Y                                         ; $BC24: 99 15 05
00196Ar 1  98             TYA                                                 ; $BC27: 98
00196Br 1  49 02          EOR #$02                                            ; $BC28: 49 02
00196Dr 1  A8             TAY                                                 ; $BC2A: A8
00196Er 1  A9 00          LDA #$00                                            ; $BC2B: A9 00
001970r 1  99 15 05       STA $0515,Y                                         ; $BC2D: 99 15 05
001973r 1  A9 0F          LDA #$0F                                            ; $BC30: A9 0F
001975r 1  8D A8 04       STA $04A8                                           ; $BC32: 8D A8 04
001978r 1  A9 00          LDA #$00                                            ; $BC35: A9 00
00197Ar 1  8D A9 04       STA $04A9                                           ; $BC37: 8D A9 04
00197Dr 1  60             RTS                                                 ; $BC3A: 60
00197Er 1               LBC3B:
00197Er 1  AD A9 04       LDA $04A9                                           ; $BC3B: AD A9 04
001981r 1  20 DE EA       JSR B1F_CallbackDispatcher                          ; $BC3E: 20 DE EA
001984r 1               ; --- Inline pointer table (3 entries) ---
001984r 1  rr rr          .word LBC47                                         ; $BC41: 47 BC
001986r 1  rr rr          .word LBC5C                                         ; $BC43: 5C BC
001988r 1  rr rr          .word LBC8C                                         ; $BC45: 8C BC
00198Ar 1               LBC47:
00198Ar 1  EE A9 04       INC $04A9                                           ; $BC47: EE A9 04
00198Dr 1  A9 00          LDA #$00                                            ; $BC4A: A9 00
00198Fr 1  8D 0C 04       STA $040C                                           ; $BC4C: 8D 0C 04
001992r 1  8D 0D 04       STA $040D                                           ; $BC4F: 8D 0D 04
001995r 1  AC BE 04       LDY $04BE                                           ; $BC52: AC BE 04
001998r 1  B9 AD 04       LDA $04AD,Y                                         ; $BC55: B9 AD 04
00199Br 1  8D 10 04       STA $0410                                           ; $BC58: 8D 10 04
00199Er 1  60             RTS                                                 ; $BC5B: 60
00199Fr 1               LBC5C:
00199Fr 1  AD BE 04       LDA $04BE                                           ; $BC5C: AD BE 04
0019A2r 1  8D AA 04       STA $04AA                                           ; $BC5F: 8D AA 04
0019A5r 1  20 66 D1       JSR LD166                                           ; $BC62: 20 66 D1
0019A8r 1  AD BF 04       LDA $04BF                                           ; $BC65: AD BF 04
0019ABr 1  8D AA 04       STA $04AA                                           ; $BC68: 8D AA 04
0019AEr 1  A0 39          LDY #$39                                            ; $BC6B: A0 39
0019B0r 1  20 07 EE       JSR B1F_BankedCallbackTrampoline                    ; $BC6D: 20 07 EE
0019B3r 1               ; --- BankedCallbackTrampoline target ---
0019B3r 1  12 A0          .word $A012                                         ; $BC70: 12 A0
0019B5r 1  AD 0D 04       LDA $040D                                           ; $BC72: AD 0D 04
0019B8r 1  C9 FF          CMP #$FF                                            ; $BC75: C9 FF
0019BAr 1  D0 0F          BNE LBC8B                                           ; $BC77: D0 12
0019BCr 1  A9 06          LDA #$06                                            ; $BC79: A9 06
0019BEr 1  85 BB          STA $00BB                                           ; $BC7B: 8D BB 00
0019C0r 1  EE A9 04       INC $04A9                                           ; $BC7E: EE A9 04
0019C3r 1  A9 00          LDA #$00                                            ; $BC81: A9 00
0019C5r 1  85 98          STA $0098                                           ; $BC83: 8D 98 00
0019C7r 1  A9 01          LDA #$01                                            ; $BC86: A9 01
0019C9r 1  85 97          STA $0097                                           ; $BC88: 8D 97 00
0019CBr 1               LBC8B:
0019CBr 1  60             RTS                                                 ; $BC8B: 60
0019CCr 1               LBC8C:
0019CCr 1  AD BE 04       LDA $04BE                                           ; $BC8C: AD BE 04
0019CFr 1  8D AA 04       STA $04AA                                           ; $BC8F: 8D AA 04
0019D2r 1  20 66 D1       JSR LD166                                           ; $BC92: 20 66 D1
0019D5r 1  AD BF 04       LDA $04BF                                           ; $BC95: AD BF 04
0019D8r 1  8D AA 04       STA $04AA                                           ; $BC98: 8D AA 04
0019DBr 1  AD 0D 04       LDA $040D                                           ; $BC9B: AD 0D 04
0019DEr 1  10 1B          BPL LBCBE                                           ; $BC9E: 10 1E
0019E0r 1  A5 81          LDA $0081                                           ; $BCA0: AD 81 00
0019E2r 1  85 10          STA $0010                                           ; $BCA3: 8D 10 00
0019E4r 1  29 02          AND #$02                                            ; $BCA6: 29 02
0019E6r 1  D0 14          BNE LBCBF                                           ; $BCA8: D0 15
0019E8r 1  A5 10          LDA $0010                                           ; $BCAA: AD 10 00
0019EAr 1  29 30          AND #$30                                            ; $BCAD: 29 30
0019ECr 1  F0 0D          BEQ LBCBE                                           ; $BCAF: F0 0D
0019EEr 1  AD BE 04       LDA $04BE                                           ; $BCB1: AD BE 04
0019F1r 1  49 01          EOR #$01                                            ; $BCB4: 49 01
0019F3r 1  8D BE 04       STA $04BE                                           ; $BCB6: 8D BE 04
0019F6r 1  A9 00          LDA #$00                                            ; $BCB9: A9 00
0019F8r 1  8D A9 04       STA $04A9                                           ; $BCBB: 8D A9 04
0019FBr 1               LBCBE:
0019FBr 1  60             RTS                                                 ; $BCBE: 60
0019FCr 1               LBCBF:
0019FCr 1  A9 01          LDA #$01                                            ; $BCBF: A9 01
0019FEr 1  8D A8 04       STA $04A8                                           ; $BCC1: 8D A8 04
001A01r 1  A9 02          LDA #$02                                            ; $BCC4: A9 02
001A03r 1  8D A9 04       STA $04A9                                           ; $BCC6: 8D A9 04
001A06r 1  AD BF 04       LDA $04BF                                           ; $BCC9: AD BF 04
001A09r 1  8D AA 04       STA $04AA                                           ; $BCCC: 8D AA 04
001A0Cr 1  A9 09          LDA #$09                                            ; $BCCF: A9 09
001A0Er 1  85 BB          STA $00BB                                           ; $BCD1: 8D BB 00
001A10r 1  A9 06          LDA #$06                                            ; $BCD4: A9 06
001A12r 1  85 BC          STA $00BC                                           ; $BCD6: 8D BC 00
001A14r 1  A9 0C          LDA #$0C                                            ; $BCD9: A9 0C
001A16r 1  85 BD          STA $00BD                                           ; $BCDB: 8D BD 00
001A18r 1  A9 00          LDA #$00                                            ; $BCDE: A9 00
001A1Ar 1  85 97          STA $0097                                           ; $BCE0: 8D 97 00
001A1Cr 1  A9 A0          LDA #$A0                                            ; $BCE3: A9 A0
001A1Er 1  85 98          STA $0098                                           ; $BCE5: 8D 98 00
001A20r 1  60             RTS                                                 ; $BCE8: 60
001A21r 1               LBCE9:
001A21r 1  AD A9 04       LDA $04A9                                           ; $BCE9: AD A9 04
001A24r 1  20 DE EA       JSR B1F_CallbackDispatcher                          ; $BCEC: 20 DE EA
001A27r 1               ; --- Inline pointer table (6 entries) ---
001A27r 1  rr rr          .word LBCFB                                         ; $BCEF: FB BC
001A29r 1  rr rr          .word LBD1E                                         ; $BCF1: 1E BD
001A2Br 1  rr rr          .word LBD40                                         ; $BCF3: 40 BD
001A2Dr 1  rr rr          .word LBD5D                                         ; $BCF5: 5D BD
001A2Fr 1  rr rr          .word LBDA9                                         ; $BCF7: A9 BD
001A31r 1  rr rr          .word LBE3F                                         ; $BCF9: 3F BE
001A33r 1               LBCFB:
001A33r 1  20 99 D2       JSR LD299                                           ; $BCFB: 20 99 D2
001A36r 1  90 1B          BCC LBD1D                                           ; $BCFE: 90 1D
001A38r 1  EE A9 04       INC $04A9                                           ; $BD00: EE A9 04
001A3Br 1  AC AA 04       LDY $04AA                                           ; $BD03: AC AA 04
001A3Er 1  B9 AD 04       LDA $04AD,Y                                         ; $BD06: B9 AD 04
001A41r 1  85 00          STA $0000                                           ; $BD09: 8D 00 00
001A43r 1  A0 3D          LDY #$3D                                            ; $BD0C: A0 3D
001A45r 1  20 07 EE       JSR B1F_BankedCallbackTrampoline                    ; $BD0E: 20 07 EE
001A48r 1               ; --- BankedCallbackTrampoline target ---
001A48r 1  30 A0          .word $A030                                         ; $BD11: 30 A0
001A4Ar 1  A9 04          LDA #$04                                            ; $BD13: A9 04
001A4Cr 1  85 A4          STA $00A4                                           ; $BD15: 8D A4 00
001A4Er 1  A9 27          LDA #$27                                            ; $BD18: A9 27
001A50r 1  4C 6D F2       JMP B1F_SetUI0                                      ; $BD1A: 4C 6D F2
001A53r 1               LBD1D:
001A53r 1  60             RTS                                                 ; $BD1D: 60
001A54r 1               LBD1E:
001A54r 1  20 66 D1       JSR LD166                                           ; $BD1E: 20 66 D1
001A57r 1  20 99 D2       JSR LD299                                           ; $BD21: 20 99 D2
001A5Ar 1  90 33          BCC LBD5C                                           ; $BD24: 90 36
001A5Cr 1  20 3D D1       JSR LD13D                                           ; $BD26: 20 3D D1
001A5Fr 1  A5 81          LDA $0081                                           ; $BD29: AD 81 00
001A61r 1  29 03          AND #$03                                            ; $BD2C: 29 03
001A63r 1  F0 2A          BEQ LBD5C                                           ; $BD2E: F0 2C
001A65r 1  EE A9 04       INC $04A9                                           ; $BD30: EE A9 04
001A68r 1  20 7F E5       JSR B1F_BankPpuInit                                 ; $BD33: 20 7F E5
001A6Br 1  A9 6C          LDA #$6C                                            ; $BD36: A9 6C
001A6Dr 1  20 83 E6       JSR B1F_SoundWrapperC                               ; $BD38: 20 83 E6
001A70r 1  A9 00          LDA #$00                                            ; $BD3B: A9 00
001A72r 1  4C 8B F2       JMP B1F_SetUI4                                      ; $BD3D: 4C 8B F2
001A75r 1               LBD40:
001A75r 1  20 99 D2       JSR LD299                                           ; $BD40: 20 99 D2
001A78r 1  90 15          BCC LBD5C                                           ; $BD43: 90 17
001A7Ar 1  EE A9 04       INC $04A9                                           ; $BD45: EE A9 04
001A7Dr 1  A9 43          LDA #$43                                            ; $BD48: A9 43
001A7Fr 1  85 00          STA $0000                                           ; $BD4A: 8D 00 00
001A81r 1  AC AA 04       LDY $04AA                                           ; $BD4D: AC AA 04
001A84r 1  F0 04          BEQ LBD57                                           ; $BD50: F0 05
001A86r 1  A9 55          LDA #$55                                            ; $BD52: A9 55
001A88r 1  85 00          STA $0000                                           ; $BD54: 8D 00 00
001A8Ar 1               LBD57:
001A8Ar 1  A9 00          LDA #$00                                            ; $BD57: A9 00
001A8Cr 1  4C FD CD       JMP LCDFD                                           ; $BD59: 4C FD CD
001A8Fr 1               LBD5C:
001A8Fr 1  60             RTS                                                 ; $BD5C: 60
001A90r 1               LBD5D:
001A90r 1  A9 98          LDA #$98                                            ; $BD5D: A9 98
001A92r 1  85 C6          STA $00C6                                           ; $BD5F: 8D C6 00
001A94r 1  85 CE          STA $00CE                                           ; $BD62: 8D CE 00
001A96r 1  85 D6          STA $00D6                                           ; $BD65: 8D D6 00
001A98r 1  A9 99          LDA #$99                                            ; $BD68: A9 99
001A9Ar 1  85 C7          STA $00C7                                           ; $BD6A: 8D C7 00
001A9Cr 1  85 CF          STA $00CF                                           ; $BD6D: 8D CF 00
001A9Er 1  85 D7          STA $00D7                                           ; $BD70: 8D D7 00
001AA0r 1  A9 02          LDA #$02                                            ; $BD73: A9 02
001AA2r 1  85 C8          STA $00C8                                           ; $BD75: 8D C8 00
001AA4r 1  85 D0          STA $00D0                                           ; $BD78: 8D D0 00
001AA6r 1  85 D8          STA $00D8                                           ; $BD7B: 8D D8 00
001AA8r 1  A9 00          LDA #$00                                            ; $BD7E: A9 00
001AAAr 1  8D B8 04       STA $04B8                                           ; $BD80: 8D B8 04
001AADr 1  A9 5F          LDA #$5F                                            ; $BD83: A9 5F
001AAFr 1  8D BA 04       STA $04BA                                           ; $BD85: 8D BA 04
001AB2r 1  EE A9 04       INC $04A9                                           ; $BD88: EE A9 04
001AB5r 1  A9 18          LDA #$18                                            ; $BD8B: A9 18
001AB7r 1  8D BB 04       STA $04BB                                           ; $BD8D: 8D BB 04
001ABAr 1  A9 E3          LDA #$E3                                            ; $BD90: A9 E3
001ABCr 1  85 00          STA $0000                                           ; $BD92: 8D 00 00
001ABEr 1  AC AA 04       LDY $04AA                                           ; $BD95: AC AA 04
001AC1r 1  F0 09          BEQ LBDA4                                           ; $BD98: F0 0A
001AC3r 1  A9 A8          LDA #$A8                                            ; $BD9A: A9 A8
001AC5r 1  8D BB 04       STA $04BB                                           ; $BD9C: 8D BB 04
001AC8r 1  A9 F5          LDA #$F5                                            ; $BD9F: A9 F5
001ACAr 1  85 00          STA $0000                                           ; $BDA1: 8D 00 00
001ACCr 1               LBDA4:
001ACCr 1  A9 00          LDA #$00                                            ; $BDA4: A9 00
001ACEr 1  4C FD CD       JMP LCDFD                                           ; $BDA6: 4C FD CD
001AD1r 1               LBDA9:
001AD1r 1  EE B8 04       INC $04B8                                           ; $BDA9: EE B8 04
001AD4r 1  AD B8 04       LDA $04B8                                           ; $BDAC: AD B8 04
001AD7r 1  4A             LSR A                                               ; $BDAF: 4A
001AD8r 1  4A             LSR A                                               ; $BDB0: 4A
001AD9r 1  4A             LSR A                                               ; $BDB1: 4A
001ADAr 1  4A             LSR A                                               ; $BDB2: 4A
001ADBr 1  4A             LSR A                                               ; $BDB3: 4A
001ADCr 1  29 07          AND #$07                                            ; $BDB4: 29 07
001ADEr 1  C9 05          CMP #$05                                            ; $BDB6: C9 05
001AE0r 1  D0 11          BNE LBDCB                                           ; $BDB8: D0 11
001AE2r 1  EE A9 04       INC $04A9                                           ; $BDBA: EE A9 04
001AE5r 1  AC AA 04       LDY $04AA                                           ; $BDBD: AC AA 04
001AE8r 1  B9 AD 04       LDA $04AD,Y                                         ; $BDC0: B9 AD 04
001AEBr 1  8D 2C 04       STA $042C                                           ; $BDC3: 8D 2C 04
001AEEr 1  A9 28          LDA #$28                                            ; $BDC6: A9 28
001AF0r 1  4C 8B F2       JMP B1F_SetUI4                                      ; $BDC8: 4C 8B F2
001AF3r 1               LBDCB:
001AF3r 1  85 10          STA $0010                                           ; $BDCB: 8D 10 00
001AF5r 1  85 11          STA $0011                                           ; $BDCE: 8D 11 00
001AF7r 1  AD AA 04       LDA $04AA                                           ; $BDD1: AD AA 04
001AFAr 1  D0 07          BNE LBDDF                                           ; $BDD4: D0 09
001AFCr 1  A5 10          LDA $0010                                           ; $BDD6: AD 10 00
001AFEr 1  18             CLC                                                 ; $BDD9: 18
001AFFr 1  69 1A          ADC #$1A                                            ; $BDDA: 69 1A
001B01r 1  85 10          STA $0010                                           ; $BDDC: 8D 10 00
001B03r 1               LBDDF:
001B03r 1  A9 00          LDA #$00                                            ; $BDDF: A9 00
001B05r 1  85 02          STA $0002                                           ; $BDE1: 8D 02 00
001B07r 1  A5 10          LDA $0010                                           ; $BDE4: AD 10 00
001B09r 1  18             CLC                                                 ; $BDE7: 18
001B0Ar 1  69 A8          ADC #$A8                                            ; $BDE8: 69 A8
001B0Cr 1  20 A5 CE       JSR LCEA5                                           ; $BDEA: 20 A5 CE
001B0Fr 1  AD AA 04       LDA $04AA                                           ; $BDED: AD AA 04
001B12r 1  18             CLC                                                 ; $BDF0: 18
001B13r 1  69 01          ADC #$01                                            ; $BDF1: 69 01
001B15r 1  85 02          STA $0002                                           ; $BDF3: 8D 02 00
001B17r 1  AC AA 04       LDY $04AA                                           ; $BDF6: AC AA 04
001B1Ar 1  B9 AF 04       LDA $04AF,Y                                         ; $BDF9: B9 AF 04
001B1Dr 1  85 00          STA $0000                                           ; $BDFC: 8D 00 00
001B1Fr 1  0A             ASL A                                               ; $BDFF: 0A
001B20r 1  0A             ASL A                                               ; $BE00: 0A
001B21r 1  18             CLC                                                 ; $BE01: 18
001B22r 1  65 00          ADC $0000                                           ; $BE02: 6D 00 00
001B24r 1  65 10          ADC $0010                                           ; $BE05: 6D 10 00
001B26r 1  69 AD          ADC #$AD                                            ; $BE08: 69 AD
001B28r 1  20 A5 CE       JSR LCEA5                                           ; $BE0A: 20 A5 CE
001B2Br 1  A5 10          LDA $0010                                           ; $BE0D: AD 10 00
001B2Dr 1  38             SEC                                                 ; $BE10: 38
001B2Er 1  E5 11          SBC $0011                                           ; $BE11: ED 11 00
001B30r 1  85 10          STA $0010                                           ; $BE14: 8D 10 00
001B32r 1  A9 00          LDA #$00                                            ; $BE17: A9 00
001B34r 1  85 02          STA $0002                                           ; $BE19: 8D 02 00
001B36r 1  A5 11          LDA $0011                                           ; $BE1C: AD 11 00
001B38r 1  C9 02          CMP #$02                                            ; $BE1F: C9 02
001B3Ar 1  90 18          BCC LBE3E                                           ; $BE21: 90 1B
001B3Cr 1  A0 BC          LDY #$BC                                            ; $BE23: A0 BC
001B3Er 1  C9 02          CMP #$02                                            ; $BE25: C9 02
001B40r 1  F0 02          BEQ LBE2B                                           ; $BE27: F0 02
001B42r 1  A0 BF          LDY #$BF                                            ; $BE29: A0 BF
001B44r 1               LBE2B:
001B44r 1  84 00          STY $0000                                           ; $BE2B: 8C 00 00
001B46r 1  AC AA 04       LDY $04AA                                           ; $BE2E: AC AA 04
001B49r 1  B9 AF 04       LDA $04AF,Y                                         ; $BE31: B9 AF 04
001B4Cr 1  18             CLC                                                 ; $BE34: 18
001B4Dr 1  65 10          ADC $0010                                           ; $BE35: 6D 10 00
001B4Fr 1  65 00          ADC $0000                                           ; $BE38: 6D 00 00
001B51r 1  4C A5 CE       JMP LCEA5                                           ; $BE3B: 4C A5 CE
001B54r 1               LBE3E:
001B54r 1  60             RTS                                                 ; $BE3E: 60
001B55r 1               LBE3F:
001B55r 1  A9 04          LDA #$04                                            ; $BE3F: A9 04
001B57r 1  20 rr rr       JSR LBDCB                                           ; $BE41: 20 CB BD
001B5Ar 1  20 99 D2       JSR LD299                                           ; $BE44: 20 99 D2
001B5Dr 1  90 2D          BCC LBE77                                           ; $BE47: 90 2E
001B5Fr 1  20 3D D1       JSR LD13D                                           ; $BE49: 20 3D D1
001B62r 1  A5 81          LDA $0081                                           ; $BE4C: AD 81 00
001B64r 1  29 03          AND #$03                                            ; $BE4F: 29 03
001B66r 1  F0 24          BEQ LBE77                                           ; $BE51: F0 24
001B68r 1  AC AA 04       LDY $04AA                                           ; $BE53: AC AA 04
001B6Br 1  F0 02          BEQ LBE5A                                           ; $BE56: F0 02
001B6Dr 1  A0 02          LDY #$02                                            ; $BE58: A0 02
001B6Fr 1               LBE5A:
001B6Fr 1  A9 03          LDA #$03                                            ; $BE5A: A9 03
001B71r 1  99 15 05       STA $0515,Y                                         ; $BE5C: 99 15 05
001B74r 1  98             TYA                                                 ; $BE5F: 98
001B75r 1  49 02          EOR #$02                                            ; $BE60: 49 02
001B77r 1  A8             TAY                                                 ; $BE62: A8
001B78r 1  A9 00          LDA #$00                                            ; $BE63: A9 00
001B7Ar 1  99 15 05       STA $0515,Y                                         ; $BE65: 99 15 05
001B7Dr 1  A9 80          LDA #$80                                            ; $BE68: A9 80
001B7Fr 1  8D C0 04       STA $04C0                                           ; $BE6A: 8D C0 04
001B82r 1  A9 0E          LDA #$0E                                            ; $BE6D: A9 0E
001B84r 1  8D A8 04       STA $04A8                                           ; $BE6F: 8D A8 04
001B87r 1  A9 00          LDA #$00                                            ; $BE72: A9 00
001B89r 1  8D A9 04       STA $04A9                                           ; $BE74: 8D A9 04
001B8Cr 1               LBE77:
001B8Cr 1  60             RTS                                                 ; $BE77: 60
001B8Dr 1               LBE78:
001B8Dr 1  AD A9 04       LDA $04A9                                           ; $BE78: AD A9 04
001B90r 1  20 DE EA       JSR B1F_CallbackDispatcher                          ; $BE7B: 20 DE EA
001B93r 1               ; --- Inline pointer table (4 entries) ---
001B93r 1  rr rr          .word LBE86                                         ; $BE7E: 86 BE
001B95r 1  rr rr          .word LBF43                                         ; $BE80: 43 BF
001B97r 1  rr rr          .word LBF66                                         ; $BE82: 66 BF
001B99r 1  rr rr          .word LBF7E                                         ; $BE84: 7E BF
001B9Br 1               LBE86:
001B9Br 1  AD AA 04       LDA $04AA                                           ; $BE86: AD AA 04
001B9Er 1  49 01          EOR #$01                                            ; $BE89: 49 01
001BA0r 1  A8             TAY                                                 ; $BE8B: A8
001BA1r 1  B9 AD 04       LDA $04AD,Y                                         ; $BE8C: B9 AD 04
001BA4r 1  20 D7 F2       JSR B1F_GetOfficerRecordAddr                        ; $BE8F: 20 D7 F2
001BA7r 1  A0 03          LDY #$03                                            ; $BE92: A0 03
001BA9r 1  B1 00          LDA ($00),Y                                         ; $BE94: B1 00
001BABr 1  85 10          STA $0010                                           ; $BE96: 8D 10 00
001BADr 1  A0 00          LDY #$00                                            ; $BE99: A0 00
001BAFr 1  B1 00          LDA ($00),Y                                         ; $BE9B: B1 00
001BB1r 1  85 11          STA $0011                                           ; $BE9D: 8D 11 00
001BB3r 1  AC AA 04       LDY $04AA                                           ; $BEA0: AC AA 04
001BB6r 1  B9 AD 04       LDA $04AD,Y                                         ; $BEA3: B9 AD 04
001BB9r 1  20 D7 F2       JSR B1F_GetOfficerRecordAddr                        ; $BEA6: 20 D7 F2
001BBCr 1  A0 02          LDY #$02                                            ; $BEA9: A0 02
001BBEr 1  B1 00          LDA ($00),Y                                         ; $BEAB: B1 00
001BC0r 1  85 12          STA $0012                                           ; $BEAD: 8D 12 00
001BC2r 1  A0 04          LDY #$04                                            ; $BEB0: A0 04
001BC4r 1  B1 00          LDA ($00),Y                                         ; $BEB2: B1 00
001BC6r 1  18             CLC                                                 ; $BEB4: 18
001BC7r 1  65 12          ADC $0012                                           ; $BEB5: 6D 12 00
001BC9r 1  85 12          STA $0012                                           ; $BEB8: 8D 12 00
001BCBr 1  A2 00          LDX #$00                                            ; $BEBB: A2 00
001BCDr 1  A5 10          LDA $0010                                           ; $BEBD: AD 10 00
001BCFr 1  C9 50          CMP #$50                                            ; $BEC0: C9 50
001BD1r 1  B0 10          BCS LBED5                                           ; $BEC2: B0 11
001BD3r 1  8A             TXA                                                 ; $BEC4: 8A
001BD4r 1  18             CLC                                                 ; $BEC5: 18
001BD5r 1  69 18          ADC #$18                                            ; $BEC6: 69 18
001BD7r 1  AA             TAX                                                 ; $BEC8: AA
001BD8r 1  A5 10          LDA $0010                                           ; $BEC9: AD 10 00
001BDAr 1  C9 32          CMP #$32                                            ; $BECC: C9 32
001BDCr 1  B0 05          BCS LBED5                                           ; $BECE: B0 05
001BDEr 1  8A             TXA                                                 ; $BED0: 8A
001BDFr 1  18             CLC                                                 ; $BED1: 18
001BE0r 1  69 18          ADC #$18                                            ; $BED2: 69 18
001BE2r 1  AA             TAX                                                 ; $BED4: AA
001BE3r 1               LBED5:
001BE3r 1  A5 11          LDA $0011                                           ; $BED5: AD 11 00
001BE5r 1  C9 50          CMP #$50                                            ; $BED8: C9 50
001BE7r 1  B0 10          BCS LBEED                                           ; $BEDA: B0 11
001BE9r 1  8A             TXA                                                 ; $BEDC: 8A
001BEAr 1  18             CLC                                                 ; $BEDD: 18
001BEBr 1  69 08          ADC #$08                                            ; $BEDE: 69 08
001BEDr 1  AA             TAX                                                 ; $BEE0: AA
001BEEr 1  A5 11          LDA $0011                                           ; $BEE1: AD 11 00
001BF0r 1  C9 32          CMP #$32                                            ; $BEE4: C9 32
001BF2r 1  B0 05          BCS LBEED                                           ; $BEE6: B0 05
001BF4r 1  8A             TXA                                                 ; $BEE8: 8A
001BF5r 1  18             CLC                                                 ; $BEE9: 18
001BF6r 1  69 08          ADC #$08                                            ; $BEEA: 69 08
001BF8r 1  AA             TAX                                                 ; $BEEC: AA
001BF9r 1               LBEED:
001BF9r 1  A5 12          LDA $0012                                           ; $BEED: AD 12 00
001BFBr 1  C9 B4          CMP #$B4                                            ; $BEF0: C9 B4
001BFDr 1  B0 10          BCS LBF05                                           ; $BEF2: B0 11
001BFFr 1  8A             TXA                                                 ; $BEF4: 8A
001C00r 1  18             CLC                                                 ; $BEF5: 18
001C01r 1  69 48          ADC #$48                                            ; $BEF6: 69 48
001C03r 1  AA             TAX                                                 ; $BEF8: AA
001C04r 1  A5 12          LDA $0012                                           ; $BEF9: AD 12 00
001C06r 1  C9 82          CMP #$82                                            ; $BEFC: C9 82
001C08r 1  B0 05          BCS LBF05                                           ; $BEFE: B0 05
001C0Ar 1  8A             TXA                                                 ; $BF00: 8A
001C0Br 1  18             CLC                                                 ; $BF01: 18
001C0Cr 1  69 48          ADC #$48                                            ; $BF02: 69 48
001C0Er 1  AA             TAX                                                 ; $BF04: AA
001C0Fr 1               LBF05:
001C0Fr 1  20 56 E8       JSR B1F_RandomMod8                                  ; $BF05: 20 56 E8
001C12r 1  85 10          STA $0010                                           ; $BF08: 8D 10 00
001C14r 1  8A             TXA                                                 ; $BF0B: 8A
001C15r 1  18             CLC                                                 ; $BF0C: 18
001C16r 1  65 10          ADC $0010                                           ; $BF0D: 6D 10 00
001C18r 1  AA             TAX                                                 ; $BF10: AA
001C19r 1  BD B2 BF       LDA $BFB2,X                                         ; $BF11: BD B2 BF
001C1Cr 1  8D BF 04       STA $04BF                                           ; $BF14: 8D BF 04
001C1Fr 1  18             CLC                                                 ; $BF17: 18
001C20r 1  69 33          ADC #$33                                            ; $BF18: 69 33
001C22r 1  8D BE 04       STA $04BE                                           ; $BF1A: 8D BE 04
001C25r 1  AD BF 04       LDA $04BF                                           ; $BF1D: AD BF 04
001C28r 1  18             CLC                                                 ; $BF20: 18
001C29r 1  69 2F          ADC #$2F                                            ; $BF21: 69 2F
001C2Br 1  8D BD 04       STA $04BD                                           ; $BF23: 8D BD 04
001C2Er 1  AD BF 04       LDA $04BF                                           ; $BF26: AD BF 04
001C31r 1  C9 03          CMP #$03                                            ; $BF29: C9 03
001C33r 1  B0 0B          BCS LBF38                                           ; $BF2B: B0 0B
001C35r 1  AD AA 04       LDA $04AA                                           ; $BF2D: AD AA 04
001C38r 1  49 01          EOR #$01                                            ; $BF30: 49 01
001C3Ar 1  A8             TAY                                                 ; $BF32: A8
001C3Br 1  A9 02          LDA #$02                                            ; $BF33: A9 02
001C3Dr 1  99 C3 04       STA $04C3,Y                                         ; $BF35: 99 C3 04
001C40r 1               LBF38:
001C40r 1  A9 09          LDA #$09                                            ; $BF38: A9 09
001C42r 1  8D A8 04       STA $04A8                                           ; $BF3A: 8D A8 04
001C45r 1  A9 00          LDA #$00                                            ; $BF3D: A9 00
001C47r 1  8D A9 04       STA $04A9                                           ; $BF3F: 8D A9 04
001C4Ar 1  60             RTS                                                 ; $BF42: 60
001C4Br 1               LBF43:
001C4Br 1  AD AA 04       LDA $04AA                                           ; $BF43: AD AA 04
001C4Er 1  49 01          EOR #$01                                            ; $BF46: 49 01
001C50r 1  A8             TAY                                                 ; $BF48: A8
001C51r 1  F0 02          BEQ LBF4D                                           ; $BF49: F0 02
001C53r 1  A0 02          LDY #$02                                            ; $BF4B: A0 02
001C55r 1               LBF4D:
001C55r 1  A9 01          LDA #$01                                            ; $BF4D: A9 01
001C57r 1  99 15 05       STA $0515,Y                                         ; $BF4F: 99 15 05
001C5Ar 1  98             TYA                                                 ; $BF52: 98
001C5Br 1  49 02          EOR #$02                                            ; $BF53: 49 02
001C5Dr 1  A8             TAY                                                 ; $BF55: A8
001C5Er 1  A9 00          LDA #$00                                            ; $BF56: A9 00
001C60r 1  99 15 05       STA $0515,Y                                         ; $BF58: 99 15 05
001C63r 1  A9 0F          LDA #$0F                                            ; $BF5B: A9 0F
001C65r 1  8D A8 04       STA $04A8                                           ; $BF5D: 8D A8 04
001C68r 1  A9 00          LDA #$00                                            ; $BF60: A9 00
001C6Ar 1  8D A9 04       STA $04A9                                           ; $BF62: 8D A9 04
001C6Dr 1  60             RTS                                                 ; $BF65: 60
001C6Er 1               LBF66:
001C6Er 1  A9 00          LDA #$00                                            ; $BF66: A9 00
001C70r 1  8D 15 05       STA $0515                                           ; $BF68: 8D 15 05
001C73r 1  8D 17 05       STA $0517                                           ; $BF6B: 8D 17 05
001C76r 1  A9 0E          LDA #$0E                                            ; $BF6E: A9 0E
001C78r 1  8D A8 04       STA $04A8                                           ; $BF70: 8D A8 04
001C7Br 1  A9 00          LDA #$00                                            ; $BF73: A9 00
001C7Dr 1  8D A9 04       STA $04A9                                           ; $BF75: 8D A9 04
001C80r 1  A9 FF          LDA #$FF                                            ; $BF78: A9 FF
001C82r 1  8D C0 04       STA $04C0                                           ; $BF7A: 8D C0 04
001C85r 1  60             RTS                                                 ; $BF7D: 60
001C86r 1               LBF7E:
001C86r 1  20 99 D2       JSR LD299                                           ; $BF7E: 20 99 D2
001C89r 1  90 2D          BCC LBFB1                                           ; $BF81: 90 2E
001C8Br 1  20 3D D1       JSR LD13D                                           ; $BF83: 20 3D D1
001C8Er 1  A5 81          LDA $0081                                           ; $BF86: AD 81 00
001C90r 1  29 03          AND #$03                                            ; $BF89: 29 03
001C92r 1  F0 24          BEQ LBFB1                                           ; $BF8B: F0 24
001C94r 1  AC AA 04       LDY $04AA                                           ; $BF8D: AC AA 04
001C97r 1  F0 02          BEQ LBF94                                           ; $BF90: F0 02
001C99r 1  A0 02          LDY #$02                                            ; $BF92: A0 02
001C9Br 1               LBF94:
001C9Br 1  A9 00          LDA #$00                                            ; $BF94: A9 00
001C9Dr 1  99 15 05       STA $0515,Y                                         ; $BF96: 99 15 05
001CA0r 1  98             TYA                                                 ; $BF99: 98
001CA1r 1  49 02          EOR #$02                                            ; $BF9A: 49 02
001CA3r 1  A8             TAY                                                 ; $BF9C: A8
001CA4r 1  A9 04          LDA #$04                                            ; $BF9D: A9 04
001CA6r 1  99 15 05       STA $0515,Y                                         ; $BF9F: 99 15 05
001CA9r 1  A9 0E          LDA #$0E                                            ; $BFA2: A9 0E
001CABr 1  8D A8 04       STA $04A8                                           ; $BFA4: 8D A8 04
001CAEr 1  A9 00          LDA #$00                                            ; $BFA7: A9 00
001CB0r 1  8D A9 04       STA $04A9                                           ; $BFA9: 8D A9 04
001CB3r 1  A9 FF          LDA #$FF                                            ; $BFAC: A9 FF
001CB5r 1  8D C0 04       STA $04C0                                           ; $BFAE: 8D C0 04
001CB8r 1               LBFB1:
001CB8r 1  60             RTS                                                 ; $BFB1: 60
001CB9r 1  01 01 01 01    .byte $01,$01,$01,$01,$01,$01,$01,$01,$01,$01,$01,$01,$01,$01,$01,$01; $BFB2: 01 01 01 01 01 01 01 01 01 01 01 01 01 01 01 01
001CBDr 1  01 01 01 01  
001CC1r 1  01 01 01 01  
001CC9r 1  01 01 01 01    .byte $01,$01,$01,$01,$02,$02,$02,$02,$01,$01,$01,$01,$01,$01,$01,$02; $BFC2: 01 01 01 01 02 02 02 02 01 01 01 01 01 01 01 02
001CCDr 1  02 02 02 02  
001CD1r 1  01 01 01 01  
001CD9r 1  01 01 01 01    .byte $01,$01,$01,$01,$01,$01,$01,$01,$01,$01,$01,$01,$02,$02,$03,$03; $BFD2: 01 01 01 01 01 01 01 01 01 01 01 01 02 02 03 03
001CDDr 1  01 01 01 01  
001CE1r 1  01 01 01 01  
001CE9r 1  01 01 01 01    .byte $01,$01,$01,$01,$01,$01,$04,$04,$01,$01,$03,$03,$04,$04,$04,$04; $BFE2: 01 01 01 01 01 01 04 04 01 01 03 03 04 04 04 04
001CEDr 1  01 01 04 04  
001CF1r 1  01 01 03 03  
001CF9r 1  02 02 02 02    .byte $02,$02,$02,$02,$04,$04,$04,$04,$01,$01,$01,$01,$01,$01; $BFF2: 02 02 02 02 04 04 04 04 01 01 01 01 01 01
001CFDr 1  04 04 04 04  
001D01r 1  01 01 01 01  
001D06r 1               
