ca65 V2.19 - Git 7ff3dfd
Main file   : /home/zero/project/sango2dasm/asm/banks/prg_0a_0b.asm
Current file: /home/zero/project/sango2dasm/asm/banks/prg_0a_0b.asm

000000r 1               ;===============================================================================
000000r 1               ; PRG Banks $0A+$0B - Combined 16KB ($A000-$DFFF)
000000r 1               ; Sangokushi 2 - Haou no Tairiku (J)
000000r 1               ; Namco-163 Mapper 19
000000r 1               ;
000000r 1               ; Bank $0A at $A000-$BFFF, Bank $0B at $C000-$DFFF
000000r 1               ;===============================================================================
000000r 1               
000000r 1               .include "6502_registers.h"
000000r 2               ;===============================================================================
000000r 2               ; 6502 CPU Registers and Zero Page Definitions
000000r 2               ;===============================================================================
000000r 2               
000000r 2               ; PPU Registers
000000r 2               PPU_CTRL        = $2000
000000r 2               PPU_MASK        = $2001
000000r 2               PPU_STATUS      = $2002
000000r 2               PPU_OAM_ADDR    = $2003
000000r 2               PPU_OAM_DATA    = $2004
000000r 2               PPU_SCROLL      = $2005
000000r 2               PPU_ADDR        = $2006
000000r 2               PPU_DATA        = $2007
000000r 2               
000000r 2               ; APU and I/O Registers
000000r 2               APU_PULSE1_VOL  = $4000
000000r 2               APU_PULSE1_SWEEP = $4001
000000r 2               APU_PULSE1_LO   = $4002
000000r 2               APU_PULSE1_HI   = $4003
000000r 2               APU_PULSE2_VOL  = $4004
000000r 2               APU_PULSE2_SWEEP = $4005
000000r 2               APU_PULSE2_LO   = $4006
000000r 2               APU_PULSE2_HI   = $4007
000000r 2               APU_TRI_LINEAR  = $4008
000000r 2               APU_TRI_LO      = $400A
000000r 2               APU_TRI_HI      = $400B
000000r 2               APU_NOISE_VOL   = $400C
000000r 2               APU_NOISE_LO    = $400E
000000r 2               APU_NOISE_HI    = $400F
000000r 2               APU_DMC_FREQ    = $4010
000000r 2               APU_DMC_RAW     = $4011
000000r 2               APU_DMC_START   = $4012
000000r 2               APU_DMC_LEN     = $4013
000000r 2               APU_OAM_DMA     = $4014
000000r 2               APU_SND_CHN     = $4015
000000r 2               APU_JOY1        = $4016
000000r 2               APU_JOY2        = $4017
000000r 2               APU_FRAME       = $4017
000000r 2               
000000r 2               ; Namco-163 Registers
000000r 2               NAMCO_IRQ       = $4800
000000r 2               NAMCO_SOUND     = $4800
000000r 2               
000000r 2               ; Namco-163 PRG Bank Switching (mirrors defined in namco163.h)
000000r 2               ; Writing to these addresses switches 8KB PRG banks
000000r 2               PRG_BANK_8000   = $E000
000000r 2               PRG_BANK_A000   = $E800
000000r 2               PRG_BANK_C000   = $F000
000000r 2               
000000r 2               ;===============================================================================
000000r 2               ; PPU Control Bits
000000r 2               ;===============================================================================
000000r 2               PPU_CTRL_NMI        = %10000000  ; Enable NMI
000000r 2               PPU_CTRL_PPM        = %01000000  ; PPU master/slave
000000r 2               PPU_CTRL_SPR_8      = %00000000  ; 8x8 sprites
000000r 2               PPU_CTRL_SPR_16     = %00100000  ; 8x16 sprites
000000r 2               PPU_CTRL_BG_0       = %00000000  ; BG pattern table $0000
000000r 2               PPU_CTRL_BG_1       = %00001000  ; BG pattern table $1000
000000r 2               PPU_CTRL_SPR_0      = %00000000  ; SPR pattern table $0000
000000r 2               PPU_CTRL_SPR_1      = %00000100  ; SPR pattern table $1000
000000r 2               PPU_CTRL_INC_1      = %00000000  ; VRAM address +1
000000r 2               PPU_CTRL_INC_32     = %00000010  ; VRAM address +32
000000r 2               PPU_CTRL_NT_0       = %00000000  ; Nametable $2000
000000r 2               PPU_CTRL_NT_1       = %00000001  ; Nametable $2400
000000r 2               PPU_CTRL_NT_2       = %00000010  ; Nametable $2800
000000r 2               PPU_CTRL_NT_3       = %00000011  ; Nametable $2C00
000000r 2               
000000r 2               ;===============================================================================
000000r 2               ; PPU Mask Bits
000000r 2               ;===============================================================================
000000r 2               PPU_MASK_EMPHASIS_BLUE  = %00100000
000000r 2               PPU_MASK_EMPHASIS_GREEN = %00010000
000000r 2               PPU_MASK_EMPHASIS_RED   = %00001000
000000r 2               PPU_MASK_SPRITES_VISIBLE = %00000100
000000r 2               PPU_MASK_BG_VISIBLE     = %00000010
000000r 2               PPU_MASK_SPRITE_CLIP    = %00000001
000000r 2               PPU_MASK_BG_CLIP        = %00000010
000000r 2               
000000r 2               ;===============================================================================
000000r 2               ; PPU Status Bits
000000r 2               ;===============================================================================
000000r 2               PPU_STATUS_VBLANK     = %10000000
000000r 2               PPU_STATUS_SPRITE0    = %01000000
000000r 2               PPU_STATUS_OVERFLOW   = %00100000
000000r 2               PPU_STATUS_VRAM_WRITE = %00010000
000000r 2               
000000r 1               .include "namco163.h"
000000r 2               ;===============================================================================
000000r 2               ; Namco-163 Mapper Definitions
000000r 2               ; Sangokushi 2 - Haou no Tairiku uses Namco-163 (Mapper 19)
000000r 2               ;===============================================================================
000000r 2               
000000r 2               ; Namco-163 PRG ROM Configuration
000000r 2               ; Total PRG ROM: 32 banks x 8KB = 256KB
000000r 2               ; Banks are 8KB each, mapped to $8000-$FFFF
000000r 2               
000000r 2               ; Namco-163 CHR Bank Registers (1KB CHR windows for nametable tile banks)
000000r 2               NAMCO_CHR_BANK_0  = $C000  ; CHR bank 0 - NT slot 0
000000r 2               NAMCO_CHR_BANK_1  = $C800  ; CHR bank 1 - NT slot 1
000000r 2               NAMCO_CHR_BANK_2  = $D000  ; CHR bank 2 - NT slot 2
000000r 2               NAMCO_CHR_BANK_3  = $D800  ; CHR bank 3 - NT slot 3
000000r 2               
000000r 2               ; Namco-163 CHR Bank Registers - Primary Set (8 x 1KB pattern table slots)
000000r 2               NAMCO163_CHR_0    = $8000  ; CHR slot 0 -> PPU $0000-$03FF
000000r 2               NAMCO163_CHR_1    = $8800  ; CHR slot 1 -> PPU $0400-$07FF
000000r 2               NAMCO163_CHR_2    = $9000  ; CHR slot 2 -> PPU $0800-$0BFF
000000r 2               NAMCO163_CHR_3    = $9800  ; CHR slot 3 -> PPU $0C00-$0FFF
000000r 2               NAMCO163_CHR_4    = $A000  ; CHR slot 4 -> PPU $1000-$13FF
000000r 2               NAMCO163_CHR_5    = $A800  ; CHR slot 5 -> PPU $1400-$17FF
000000r 2               NAMCO163_CHR_6    = $B000  ; CHR slot 6 -> PPU $1800-$1BFF
000000r 2               NAMCO163_CHR_7    = $B800  ; CHR slot 7 -> PPU $1C00-$1FFF
000000r 2               
000000r 2               ; Namco-163 PRG Bank Switching Registers (8KB PRG windows)
000000r 2               NAMCO_PRG_8000    = $E000  ; Switch PRG bank at $8000-$9FFF
000000r 2               NAMCO_PRG_A000    = $E800  ; Switch PRG bank at $A000-$BFFF (ORA #$C0 to disable CHR-RAM)
000000r 2               NAMCO_PRG_C000    = $F000  ; Switch PRG bank at $C000-$DFFF
000000r 2               NAMCO_PRG_8000_ALT = $F800 ; Alternate/mirror for PRG $8000; also Namco control register
000000r 2               
000000r 2               ; Namco-163 Control Register
000000r 2               NAMCO_CTRL        = $F800  ; Sound/IRQ control (same address as PRG_8000_ALT)
000000r 2               
000000r 2               ; Namco-163 Address/Control Port ($4800)
000000r 2               ; Shared by sound and IRQ subsystems: write register index here first
000000r 2               NAMCO163_ADDR     = $4800  ; Namco-163 register address port
000000r 2               NAMCO_IRQ_COUNTER = $4800  ; IRQ counter (alias)
000000r 2               NAMCO_SOUND_ADDR  = $4800  ; Sound register address (alias)
000000r 2               
000000r 2               ; Namco-163 Data Ports ($5000/$5800)
000000r 2               ; After writing address to $4800, read/write data through these
000000r 2               NAMCO163_DATA_LO  = $5000  ; Data port low byte
000000r 2               NAMCO163_DATA_HI  = $5800  ; Data port high byte
000000r 2               ; Sound aliases
000000r 2               NAMCO_SOUND_DATA_LO = $5000  ; Sound data low byte
000000r 2               NAMCO_SOUND_DATA_HI = $5800  ; Sound data high byte
000000r 2               ; IRQ aliases
000000r 2               NAMCO_IRQ_LO      = $5000  ; IRQ counter low byte
000000r 2               NAMCO_IRQ_HI      = $5800  ; IRQ counter high byte
000000r 2               
000000r 2               ; Number of PRG banks
000000r 2               NUM_PRG_BANKS     = 32
000000r 2               
000000r 2               ; Bank indices
000000r 2               BANK_00           = $00
000000r 2               BANK_01           = $01
000000r 2               BANK_02           = $02
000000r 2               BANK_03           = $03
000000r 2               BANK_04           = $04
000000r 2               BANK_05           = $05
000000r 2               BANK_06           = $06
000000r 2               BANK_07           = $07
000000r 2               BANK_08           = $08
000000r 2               BANK_09           = $09
000000r 2               BANK_0A           = $0A
000000r 2               BANK_0B           = $0B
000000r 2               BANK_0C           = $0C
000000r 2               BANK_0D           = $0D
000000r 2               BANK_0E           = $0E
000000r 2               BANK_0F           = $0F
000000r 2               BANK_10           = $10
000000r 2               BANK_11           = $11
000000r 2               BANK_12           = $12
000000r 2               BANK_13           = $13
000000r 2               BANK_14           = $14
000000r 2               BANK_15           = $15
000000r 2               BANK_16           = $16
000000r 2               BANK_17           = $17
000000r 2               BANK_18           = $18
000000r 2               BANK_19           = $19
000000r 2               BANK_1A           = $1A
000000r 2               BANK_1B           = $1B
000000r 2               BANK_1C           = $1C
000000r 2               BANK_1D           = $1D
000000r 2               BANK_1E           = $1E
000000r 2               BANK_1F           = $1F
000000r 2               
000000r 2               ;===============================================================================
000000r 2               ; Bank Switching Macros
000000r 2               ;===============================================================================
000000r 2               
000000r 2               .macro switch_bank_8000 bank
000000r 2                   LDA #bank
000000r 2                   STA NAMCO_PRG_8000
000000r 2               .endmacro
000000r 2               
000000r 2               .macro switch_bank_A000 bank
000000r 2                   LDA #bank
000000r 2                   STA NAMCO_PRG_A000
000000r 2               .endmacro
000000r 2               
000000r 2               .macro switch_bank_C000 bank
000000r 2                   LDA #bank
000000r 2                   STA NAMCO_PRG_C000
000000r 2               .endmacro
000000r 2               
000000r 2               
000000r 1               .include "functions.h"
000000r 2               ;===============================================================================
000000r 2               ; functions.h - Symbolic Function and Data Label Definitions
000000r 2               ; Sangokushi 2 - Haou no Tairiku (J) / Namco-163 (Mapper 19)
000000r 2               ;
000000r 2               ; Defines symbolic names for all known functions and data labels.
000000r 2               ; Include from any .asm file:  .include "functions.h"
000000r 2               ;
000000r 2               ; Naming Convention: BXX_FunctionName
000000r 2               ;   XX = PRG bank number (hex, $00-$1F)
000000r 2               ;   Bank $1F symbols are at fixed addresses $E000-$FFFF
000000r 2               ;   Banked symbols ($8000-$DFFF) share CPU addresses across banks
000000r 2               ;
000000r 2               ; ca65 allows multiple symbols with the same value:
000000r 2               ;   B04_Init = $A000 and B08_Init = $A000 are both valid
000000r 2               ;===============================================================================
000000r 2               
000000r 2               ;===============================================================================
000000r 2               ; SECTION 1: Bank $1F - Fixed Code ($E000-$FFFF)
000000r 2               ; Always mapped to $E000-$FFFF (PRG slot 3)
000000r 2               ;===============================================================================
000000r 2               
000000r 2               ;-------------------------------------------------------------------------------
000000r 2               ; 1A: Reset and State Machine
000000r 2               ;-------------------------------------------------------------------------------
000000r 2               B1F_Reset                 = $E000   ; Reset handler: SEI, CLD, RAM clear, init
000000r 2               B1F_StateDispatch         = $E066   ; Jump to handler via VectorTable[game_state]
000000r 2               B1F_VectorTable           = $E07C   ; State dispatch table (15 entries, 2 bytes each)
000000r 2               B1F_State_SystemInit      = $E09A   ; State 0: System init, PPU setup, -> state 9
000000r 2               B1F_State_NewGameInit     = $E0DA   ; State 1: New game init, SRAM, music $81
000000r 2               B1F_State_RandomDisplay2A = $E17D   ; State 2: Random + display (Y=$2A)
000000r 2               B1F_State_KingdomSelect   = $E18B   ; State 3: Kingdom select, scenario/normal
000000r 2               B1F_State_RandomDisplay28 = $E221   ; State 4: Random + display (Y=$28)
000000r 2               B1F_State_DomesticAffairs = $E22F   ; State 5: Domestic affairs, action select
000000r 2               B1F_DomesticActionLookup  = $E29C   ; Domestic action display by $0544
000000r 2               B1F_DomesticGraphicPtrs   = $E2C2   ; 7 graphic pointers for domestic actions
000000r 2               B1F_DomesticBaseDataPtrs  = $E2D0   ; Base data pointers for domestic display
000000r 2               B1F_DomesticSpriteYPos    = $E2DE   ; Sprite Y position table (4 bytes)
000000r 2               B1F_State_RandomAdvance1  = $E2E2   ; State 6: Pure RNG advance
000000r 2               B1F_State_BattlePhase     = $E2E8   ; State 7: Battle phase, army status
000000r 2               B1F_State_RandomAdvance2  = $E36A   ; State 8: Pure RNG advance
000000r 2               B1F_DisplayInit           = $E370   ; Display init: window clear + bank display
000000r 2               B1F_State_TerritoryView   = $E37C   ; State 9: Territory/map view
000000r 2               B1F_State_IdleWait        = $E3EB   ; State 10/12/14: Idle wait, JMP dispatch
000000r 2               B1F_State_AdvisorCouncil  = $E3EE   ; State 11: Advisor/council dialogue
000000r 2               B1F_State_TurnSummary     = $E46A   ; State 13: Turn summary/report
000000r 2               B1F_FrameInit             = $E4DA   ; Per-frame setup: PPU, bank, clear RAM
000000r 2               
000000r 2               ;-------------------------------------------------------------------------------
000000r 2               ; 1B: Bank Switching
000000r 2               ;-------------------------------------------------------------------------------
000000r 2               B1F_BankSwitch            = $E51F   ; 8-byte config bank switch (CHR + ext)
000000r 2               B1F_BankSwitchTable       = $E567   ; Bank switch config table (3 x 8 bytes)
000000r 2               B1F_BankPpuInit           = $E57F   ; Bank + PPU init + JMP patch
000000r 2               
000000r 2               ;-------------------------------------------------------------------------------
000000r 2               ; 1C: Sound Engine
000000r 2               ;-------------------------------------------------------------------------------
000000r 2               B1F_SoundInit             = $E590   ; Sound init: APU, RAM clear, wavetable
000000r 2               B1F_WavetableWriteEntry   = $E5F3   ; Wavetable write entry point
000000r 2               B1F_WavetableWriteDelay   = $E5FA   ; Wavetable write timing delay
000000r 2               B1F_SoundNotePlayer       = $E609   ; Sound note player from banked ROM
000000r 2               B1F_SoundChannelTable     = $E667   ; Sound channel table (4 bytes)
000000r 2               B1F_SoundWrapper0         = $E66B   ; Sound wrapper variant 0
000000r 2               B1F_SoundWrapperA         = $E673   ; Sound wrapper variant A
000000r 2               B1F_SoundWrapperB         = $E67B   ; Sound wrapper variant B
000000r 2               B1F_SoundWrapperC         = $E683   ; Sound wrapper variant C
000000r 2               B1F_SoundWrapperD         = $E68B   ; Sound wrapper variant D
000000r 2               B1F_SoundWrapperE         = $E693   ; Sound wrapper variant E
000000r 2               B1F_SoundWrapperF         = $E69B   ; Sound wrapper variant F
000000r 2               B1F_WavetableInitData     = $E6A6   ; Namco-163 wavetable init data (32 bytes)
000000r 2               
000000r 2               ;-------------------------------------------------------------------------------
000000r 2               ; 1D: Controller I/O
000000r 2               ;-------------------------------------------------------------------------------
000000r 2               B1F_ControllerRead        = $E6C6   ; Controller read from $4016/$4017
000000r 2               
000000r 2               ;-------------------------------------------------------------------------------
000000r 2               ; 1E: PPU Utilities
000000r 2               ;-------------------------------------------------------------------------------
000000r 2               B1F_PaletteUpload         = $E70E   ; Upload palette $0100-$011F to PPU
000000r 2               B1F_PpuMaskEnable         = $E749   ; PPU mask: enable rendering ($1E)
000000r 2               B1F_PpuMaskDisable        = $E74D   ; PPU mask: disable rendering ($00)
000000r 2               B1F_NmiEnable             = $E753   ; Enable NMI (set bit 7 of PPU_CTRL)
000000r 2               B1F_NmiDisable            = $E768   ; Disable NMI (clear bit 7 of PPU_CTRL)
000000r 2               B1F_NametableFill1        = $E774   ; Nametable fill mode 1 (3 nametables)
000000r 2               B1F_NametableFillSub      = $E7B5   ; Fill one nametable (1024 bytes)
000000r 2               B1F_NametableFill2        = $E7DF   ; Nametable fill mode 2
000000r 2               B1F_SpriteBufferInit      = $E823   ; Init sprite buffer from index
000000r 2               B1F_SpriteBufferInitAll   = $E825   ; Fill $0200-$02FF with $F0
000000r 2               B1F_SpriteClearFromIndex  = $E830   ; Clear sprites from X index
000000r 2               
000000r 2               ;-------------------------------------------------------------------------------
000000r 2               ; 1F: Random Number Generator
000000r 2               ;-------------------------------------------------------------------------------
000000r 2               B1F_RandomBelow100        = $E843   ; Random byte < 100
000000r 2               B1F_RandomDiv2            = $E84B   ; Random byte / 2
000000r 2               B1F_RandomModPow2         = $E850   ; Random mod 4/8/16 (entry point)
000000r 2               B1F_RandomMod4            = $E850   ; Random mod 4
000000r 2               B1F_RandomMod8            = $E856   ; Random mod 8
000000r 2               B1F_RandomMod16           = $E85C   ; Random mod 16
000000r 2               B1F_RandomBelowThreshold  = $E862   ; Random below threshold
000000r 2               B1F_RandomByte            = $E87A   ; RNG core: table lookup at $E8BA
000000r 2               B1F_RandomVariants        = $E88A   ; RNG variants (entry point)
000000r 2               B1F_RandomByte2           = $E88A   ; RNG variant 2 ($0052 index)
000000r 2               B1F_RandomByte3           = $E89A   ; RNG variant 3 ($0054 index)
000000r 2               B1F_RandomByte4           = $E8AA   ; RNG variant 4 ($0055 index)
000000r 2               B1F_RandomTable           = $E8BA   ; Pre-computed random data (256 bytes)
000000r 2               
000000r 2               ;-------------------------------------------------------------------------------
000000r 2               ; 1G: Math Routines
000000r 2               ;-------------------------------------------------------------------------------
000000r 2               B1F_MathBinToBcd          = $E9BA   ; 24-bit binary to 6-digit packed BCD
000000r 2               B1F_MathDiv16             = $EA7C   ; 16-bit unsigned division (16 iterations)
000000r 2               B1F_MathDiv24             = $EAA5   ; 24-bit unsigned division (24 iterations)
000000r 2               B1F_CallbackDispatcher    = $EADE   ; Inline pointer table callback dispatcher
000000r 2               B1F_ScrollSet             = $EAF7   ; PPU scroll register write
000000r 2               B1F_WindowReset           = $EB1A   ; Window/reset PPU helper ($0250)
000000r 2               B1F_MathBcdToBin          = $EB2D   ; 6-digit packed BCD to 24-bit binary
000000r 2               B1F_MathExtractUpperNibble = $EBB1  ; Extract upper nibble (4x LSR)
000000r 2               B1F_MathAccumulate24      = $EBB6   ; 24-bit accumulate add
000000r 2               B1F_MathMulDiv100         = $EBCA   ; 16-bit * 8-bit / 100
000000r 2               B1F_MathMul24x8           = $EBE9   ; 24x8 multiply (32-bit result)
000000r 2               B1F_MathMul24x16          = $EC22   ; 24x16 multiply (40-bit result)
000000r 2               
000000r 2               ;-------------------------------------------------------------------------------
000000r 2               ; 1H: Palette Animation
000000r 2               ;-------------------------------------------------------------------------------
000000r 2               B1F_PaletteAnimation      = $EC67   ; Palette color rotation/animation
000000r 2               B1F_PaletteFadeInit       = $ECBF   ; Palette fade initialization
000000r 2               B1F_PaletteCopyBuffer     = $ECEE   ; Palette copy to buffer
000000r 2               
000000r 2               ;-------------------------------------------------------------------------------
000000r 2               ; 1I: Menu System
000000r 2               ;-------------------------------------------------------------------------------
000000r 2               B1F_MenuCursorSystem      = $ED19   ; Menu cursor engine (entry point)
000000r 2               B1F_MenuStep1             = $ED19   ; Menu entry: step size 1
000000r 2               B1F_MenuStep2             = $ED1E   ; Menu entry: step size 2
000000r 2               B1F_MenuStep3             = $ED23   ; Menu entry: step size 3
000000r 2               B1F_MenuStep4             = $ED28   ; Menu entry: step size 4
000000r 2               B1F_MenuStep5             = $ED2D   ; Menu entry: step size 5
000000r 2               B1F_MenuStep6             = $ED32   ; Menu entry: step size 6
000000r 2               B1F_MenuStep7             = $ED37   ; Menu entry: step size 7
000000r 2               B1F_MenuStep8             = $ED3C   ; Menu entry: step size 8
000000r 2               B1F_MenuMain              = $ED41   ; Menu main processing
000000r 2               B1F_MenuItemLookup        = $EDDD   ; Menu item lookup by page*step+column
000000r 2               B1F_PointerTableLookup    = $EDF5   ; Pointer table lookup + sprite write
000000r 2               
000000r 2               ;-------------------------------------------------------------------------------
000000r 2               ; 1J: Callback and Trampoline
000000r 2               ;-------------------------------------------------------------------------------
000000r 2               B1F_BankedCallbackTrampoline = $EE07 ; Banked call with stack manipulation
000000r 2               B1F_BankedCallbackReturn  = $EE4D   ; Return stub: restore bank, return
000000r 2               
000000r 2               ;-------------------------------------------------------------------------------
000000r 2               ; 1K: NMI Sub-Dispatch
000000r 2               ;-------------------------------------------------------------------------------
000000r 2               B1F_NmiSubDispatch        = $EE53   ; NMI sub-dispatch by $007E flags
000000r 2               B1F_NmiPaletteUpload      = $EE72   ; NMI palette upload trampoline
000000r 2               B1F_NmiSubDispatchAlt     = $EEE6   ; NMI sub-dispatch alternate
000000r 2               
000000r 2               ;-------------------------------------------------------------------------------
000000r 2               ; 1L: PPU Tile Writers
000000r 2               ;-------------------------------------------------------------------------------
000000r 2               B1F_PpuBgTileWrite        = $EF0B   ; PPU BG tile write from buffer
000000r 2               B1F_PpuSpriteTileWrite    = $EF71   ; PPU sprite tile write from buffer
000000r 2               B1F_PpuAttrTileWrite      = $EFC0   ; PPU attribute tile write
000000r 2               B1F_PpuAttrTileWriteAlt   = $F028   ; PPU attribute tile write (alt)
000000r 2               
000000r 2               ;-------------------------------------------------------------------------------
000000r 2               ; 1M: Namco Sound Register Access
000000r 2               ;-------------------------------------------------------------------------------
000000r 2               B1F_NamcoSoundRegRead     = $F077   ; Namco-163 sound register read
000000r 2               
000000r 2               ;-------------------------------------------------------------------------------
000000r 2               ; 1N: Sprite OAM Writers
000000r 2               ;-------------------------------------------------------------------------------
000000r 2               B1F_SpriteOamWriterScroll = $F092   ; Sprite OAM writer with scroll offset
000000r 2               B1F_SpriteOamWriterSimple = $F1AD   ; Sprite OAM writer direct placement
000000r 2               
000000r 2               ;-------------------------------------------------------------------------------
000000r 2               ; 1O: CHR Bank Switching
000000r 2               ;-------------------------------------------------------------------------------
000000r 2               B1F_ChrBankSwitch         = $F206   ; CHR bank switch (8 registers)
000000r 2               
000000r 2               ;-------------------------------------------------------------------------------
000000r 2               ; 1P: PRG Bank Switching Helpers
000000r 2               ;-------------------------------------------------------------------------------
000000r 2               B1F_SwitchBankAC_B        = $F237   ; Switch $A000+$C000 pair (slot B: $00E2/$00E3)
000000r 2               B1F_SwitchBankAC_A        = $F24B   ; Switch $A000+$C000 pair (slot A: $00DF/$00E0)
000000r 2               B1F_SwitchBank8_B         = $F25F   ; Switch $8000 bank (slot B: $00E1)
000000r 2               B1F_SwitchBank8_A         = $F266   ; Switch $8000 bank (slot A: $00DE)
000000r 2               
000000r 2               ;-------------------------------------------------------------------------------
000000r 2               ; 1Q: UI Mode Helpers
000000r 2               ;-------------------------------------------------------------------------------
000000r 2               B1F_SetUI0                = $F26D   ; Set UI mode 0
000000r 2               B1F_SetUI2                = $F283   ; Set UI mode 2
000000r 2               B1F_SetUI4                = $F28B   ; Set UI mode 4
000000r 2               B1F_SetUI5                = $F293   ; Set UI mode 5
000000r 2               B1F_ClearUI               = $F29B   ; Clear UI state
000000r 2               
000000r 2               ;-------------------------------------------------------------------------------
000000r 2               ; 1R: Data Record Accessors
000000r 2               ;-------------------------------------------------------------------------------
000000r 2               B1F_GetProvinceRecordAddr = $F2AF   ; Province: id*32+$6000
000000r 2               B1F_GetOfficerRecordAddr  = $F2D7   ; Officer: id*12+$63C0
000000r 2               B1F_GetNameDisplayScale   = $F308   ; Hero kata name: id*10+$901A + width
000000r 2               B1F_NameScaleTable        = $F35F   ; Kata name character width table
000000r 2               B1F_GetRulerDataPtr       = $F368   ; Ruler data from pointer table
000000r 2               B1F_RulerDataPtrTable     = $F379   ; 7 kingdom SRAM pointers
000000r 2               B1F_GetOfficerRomRecordAddr = $F387 ; Officer ROM: id*12+$8000
000000r 2               
000000r 2               ;-------------------------------------------------------------------------------
000000r 2               ; 1S: Copy Protection / RAM Integrity
000000r 2               ;-------------------------------------------------------------------------------
000000r 2               B1F_CopyProtectionCheck   = $F3BD   ; Mapper init + controller validation
000000r 2               B1F_VerifyRamPattern      = $F422   ; RAM integrity test ($AA write/verify)
000000r 2               B1F_WriteRamPattern       = $F43F   ; Write RAM test pattern
000000r 2               B1F_InitRamTestParams     = $F458   ; Init RAM test parameters
000000r 2               B1F_AdvanceHashPattern    = $F468   ; Advance hash/pattern value
000000r 2               
000000r 2               ;-------------------------------------------------------------------------------
000000r 2               ; 1T: Data Tables
000000r 2               ;-------------------------------------------------------------------------------
000000r 2               B1F_MetaTileData          = $F477   ; Metatile data / sound+music data
000000r 2               
000000r 2               ;-------------------------------------------------------------------------------
000000r 2               ; 1U: NMI Handler and Sub-States
000000r 2               ;-------------------------------------------------------------------------------
000000r 2               B1F_NmiHandler            = $F800   ; NMI handler (8 sub-states)
000000r 2               B1F_NmiDispatchTable      = $F87B   ; NMI game state dispatch table (9 entries)
000000r 2               B1F_NmiEpilogue           = $F88D   ; Restore PRG banks, tick counters, RTI
000000r 2               B1F_NmiState2_MapScreen   = $F8B5   ; NMI state 2: Map screen rendering
000000r 2               B1F_NmiState3_Battle      = $F8FE   ; NMI state 3: Battle rendering
000000r 2               B1F_NmiState4_Menu        = $F96A   ; NMI state 4: Menu rendering
000000r 2               B1F_NmiState5_Diplomacy   = $F9A0   ; NMI state 5: Diplomacy rendering
000000r 2               B1F_NmiState6_Event       = $F9E4   ; NMI state 6: Event rendering
000000r 2               B1F_NmiState7_Strategy    = $FA13   ; NMI state 7: Strategy rendering
000000r 2               B1F_NmiState8_Officer     = $FA53   ; NMI state 8: Officer rendering
000000r 2               B1F_NmiState0_Idle        = $FA97   ; NMI state 0: Idle/wait
000000r 2               B1F_SwapPlayerPointers    = $FAA9   ; Palette swap (if $6F44!=0)
000000r 2               B1F_RestorePlayerPointers = $FABF   ; Palette swap reverse
000000r 2               B1F_NmiHandler_Busy       = $FAD5   ; NMI busy: scroll mode + CHR restore
000000r 2               B1F_SetupChrBanksAndWait  = $FB0B   ; Setup CHR banks + wait for VBlank
000000r 2               B1F_WaitVBlank            = $FB28   ; Wait for VBlank
000000r 2               
000000r 2               ;-------------------------------------------------------------------------------
000000r 2               ; 1V: IRQ Handler and Sub-Modes
000000r 2               ;-------------------------------------------------------------------------------
000000r 2               B1F_IrqHandler            = $FB2D   ; IRQ handler (14+ sub-states for raster)
000000r 2               B1F_IrqExit               = $FB9E   ; IRQ exit: restore regs, RTI
000000r 2               B1F_IrqMode1_SoundAndChr  = $FBA4   ; IRQ mode 1: Sound regs + CHR dispatch
000000r 2               B1F_IrqChrUpdate_Block1   = $FBCE   ; CHR update block 1
000000r 2               B1F_IrqChrUpdate_Block2   = $FBFC   ; CHR update block 2
000000r 2               B1F_IrqChrUpdate_Block3   = $FC2A   ; CHR update block 3
000000r 2               B1F_IrqChrUpdate_Block4   = $FC58   ; CHR update block 4
000000r 2               B1F_IrqMode2_FullSetup    = $FC8B   ; IRQ mode 2: Full CHR + sound setup
000000r 2               B1F_ScanlineDelayTable    = $FD1A   ; Scanline delay values
000000r 2               B1F_IrqMode4_SimpleChr    = $FD2A   ; IRQ mode 4: Simple CHR update
000000r 2               B1F_IrqMode5_PpuAddrChr   = $FD95   ; IRQ mode 5: PPU addr + CHR update
000000r 2               B1F_IrqMode6_Minimal      = $FDF4   ; IRQ mode 6: Minimal update
000000r 2               B1F_IrqMode7_SoundChr     = $FE03   ; IRQ mode 7: Sound + CHR update
000000r 2               B1F_IrqMode8_SoundChr     = $FE69   ; IRQ mode 8: Sound + CHR update
000000r 2               B1F_IrqMode9_BasicChr     = $FE96   ; IRQ mode 9: Basic CHR update
000000r 2               B1F_IrqMode10_PpuScroll   = $FECD   ; IRQ mode 10: PPU scroll update
000000r 2               B1F_IrqMode11_ScrollFwd   = $FF31   ; IRQ mode 11: Scroll forward
000000r 2               B1F_IrqMode12_ScrollBack  = $FF48   ; IRQ mode 12: Scroll back
000000r 2               
000000r 2               ;-------------------------------------------------------------------------------
000000r 2               ; 1W: Scroll Calculation
000000r 2               ;-------------------------------------------------------------------------------
000000r 2               B1F_CalcScrollAddr        = $FF62   ; Scroll calc: $009A/$009B from $0098
000000r 2               B1F_CalcScrollAddrAlt     = $FF9B   ; Scroll calc variant B
000000r 2               
000000r 2               ;===============================================================================
000000r 2               ; SECTION 2: Banked Entry Points ($A000-$BFFF)
000000r 2               ;
000000r 2               ; These addresses are called after PRG bank switching via SwitchBankAC_B/A.
000000r 2               ; The same CPU address maps to different code depending on the active PRG bank.
000000r 2               ; The $A000 slot maps to Namco-163 PRG bank Y; $C000 maps to bank Y+1.
000000r 2               ;
000000r 2               ; Bank numbers below are the Y register values passed to SwitchBankAC_B
000000r 2               ; before each call.
000000r 2               ;===============================================================================
000000r 2               
000000r 2               ;-------------------------------------------------------------------------------
000000r 2               ; Bank $3D - Primary display/gameplay bank
000000r 2               ; Called from state handlers (default) and NMI sub-dispatch
000000r 2               ;-------------------------------------------------------------------------------
000000r 2               B3D_RenderScene           = $A000   ; Scene rendering (generic display)
000000r 2               B3D_RenderMap             = $A003   ; Map/battle/UI rendering (most common)
000000r 2               B3D_ScenarioAction        = $A006   ; Scenario/action display
000000r 2               B3D_InputAndRender        = $A009   ; Input handling + render pass
000000r 2               B3D_WeatherEffects        = $A00C   ; Weather/battle effects (NMI dispatch)
000000r 2               B3D_BattleEffects         = $A00F   ; Battle effects processing (NMI dispatch)
000000r 2               B3D_BattleDispatch        = $A012   ; Battle dispatch (NMI dispatch)
000000r 2               B3D_OverlayDisplay        = $A015   ; Overlay/window display
000000r 2               B3D_AdvisorDialogue       = $A018   ; Advisor dialogue rendering
000000r 2               B3D_DisplayAndChrSetup    = $A01B   ; Display + CHR setup (from DisplayInit)
000000r 2               B3D_OfficerManagement     = $A01E   ; Officer management display
000000r 2               B3D_DomesticDisplay       = $A024   ; Domestic affairs display
000000r 2               B3D_KingdomDisplay        = $A027   ; Kingdom select display
000000r 2               B3D_TurnSummaryExtra      = $A03F   ; Turn summary extra rendering
000000r 2               B3D_BankedPaletteUpload   = $A045   ; Banked palette upload variant
000000r 2               
000000r 2               ;-------------------------------------------------------------------------------
000000r 2               ; Bank $3B - NMI rendering
000000r 2               ;-------------------------------------------------------------------------------
000000r 2               B3B_RenderScene           = $A000   ; Scene rendering (NMI context)
000000r 2               
000000r 2               ;-------------------------------------------------------------------------------
000000r 2               ; Bank $39 - NMI battle
000000r 2               ;-------------------------------------------------------------------------------
000000r 2               B39_BattleEffects         = $A00F   ; Battle effects (NMI context)
000000r 2               
000000r 2               ;-------------------------------------------------------------------------------
000000r 2               ; Banks $17+$18 - Domestic/Kingdom display (combined 16KB $A000-$DFFF)
000000r 2               ; Loaded via SwitchBankAC with Y=$37
000000r 2               ;
000000r 2               ; Jump table entry points ($A000-$A029)
000000r 2               ;-------------------------------------------------------------------------------
000000r 2               B17_18_PpuWriteRle        = $A000   ; Entry00: RLE-encoded PPU data writer
000000r 2               B17_18_PpuCopyRaw         = $A003   ; Entry01: Raw 1KB PPU data copy
000000r 2               B17_18_PpuWriteTileOffset = $A006   ; Entry02: PPU tile data write with offset
000000r 2               B17_18_DisplayScrollLoop  = $A009   ; Entry03: Display scroll and render loop
000000r 2               B17_18_DisplayAndChrSetup = $A00C   ; Entry04: Display coordinate check + CHR setup
000000r 2               B17_18_BattleEffects      = $A00F   ; Entry05: Battle visual effects
000000r 2               B17_18_BattleDispatch     = $A012   ; Entry06: Battle dispatch
000000r 2               B17_18_OverlayWindow      = $A015   ; Entry07: Overlay/window rendering
000000r 2               B17_18_SetupAdvisorTiles  = $A018   ; Entry08: Setup advisor/council tiles
000000r 2               B17_18_MainGameDispatch   = $A01B   ; Entry09: Main game mode dispatcher
000000r 2               B17_18_DomesticActionDispatch = $A01E ; Entry0A: Domestic action dispatcher
000000r 2               B17_18_AnimationDispatch  = $A021   ; Entry0B: Animation dispatch
000000r 2               B17_18_DomesticDisplay    = $A024   ; Entry0C: Domestic affairs display
000000r 2               B17_18_DataRecordLoader   = $A027   ; Entry0D: Data record loader
000000r 2               
000000r 2               ;-------------------------------------------------------------------------------
000000r 2               ; Internal procs - Bank $17 ($A02A-$BFFF)
000000r 2               ;-------------------------------------------------------------------------------
000000r 2               B17_18_SetupDisplayPtrs   = $A04A
000000r 2               B17_18_AdvanceSrcPtr      = $A0D2
000000r 2               B17_18_PpuWriteRawRows    = $A0E4
000000r 2               B17_18_RleDecompressHelper = $A169
000000r 2               B17_18_ReadRleByte        = $A1A5
000000r 2               B17_18_AdvanceSrcPtr2     = $A209
000000r 2               B17_18_AdvanceTilePtr     = $A2E4
000000r 2               B17_18_RewindTilePtr16    = $A2ED
000000r 2               B17_18_DisplayUpdateScroll = $A3B1
000000r 2               B17_18_SceneRenderDispatch = $A3BC
000000r 2               B17_18_RenderSceneHoriz   = $A3C9
000000r 2               B17_18_RenderSceneVert    = $A485
000000r 2               B17_18_CopyTileRowHoriz   = $A545
000000r 2               B17_18_CopyTileRowVert    = $A5A5
000000r 2               B17_18_BankPtrLookup      = $A604
000000r 2               B17_18_BankPtrLookupAlt   = $A610
000000r 2               B17_18_BattleAttrAndHelpers = $A89A
000000r 2               B17_18_ComputeAttributeByte = $A8D3
000000r 2               B17_18_DispatchTileRowHoriz = $A8FD
000000r 2               B17_18_DispatchTileRowVert = $A91E
000000r 2               B17_18_InitTileGridHoriz  = $A93F
000000r 2               B17_18_InitTileGridVert   = $A961
000000r 2               B17_18_CalcTileGridOrigin = $AB26
000000r 2               B17_18_BattleOverlayRender = $AB94
000000r 2               B17_18_WriteBattleAttribute = $AC80
000000r 2               B17_18_BattleOverlayCopy  = $AD69
000000r 2               B17_18_SetScrollWorkOffset4 = $AD9F
000000r 2               B17_18_LoadBattleOverlay  = $ADBC
000000r 2               B17_18_LoadBattleOverlayWithOffset = $AEB5
000000r 2               B17_18_LoadOverlaySecondary = $AF0C
000000r 2               B17_18_PatchAttrAdjacency = $AF1B
000000r 2               B17_18_PatchPrimaryAdjacency = $AF30
000000r 2               B17_18_PatchSecondaryAdjacency = $AF71
000000r 2               B17_18_PatchSingleAdjacency = $AFB5
000000r 2               B17_18_BuildAdjacencyMap  = $AFF9
000000r 2               B17_18_PopulateAdjacencyEntries = $B00F
000000r 2               B17_18_BuildAdjacencyMapSmall = $B055
000000r 2               B17_18_PopulateAdjacencyEntriesSmall = $B06B
000000r 2               B17_18_PrepareAdjacencyPtrs = $B08F
000000r 2               B17_18_DomesticAffairsDispatch = $B144
000000r 2               B17_18_DomesticAffairs_InitOfficers = $B15A
000000r 2               B17_18_DomesticAffairs_StoreOfficerSlot = $B1A2
000000r 2               B17_18_DomesticAffairs_ShowMessage = $B1A6
000000r 2               B17_18_DomesticAffairs_ShowDialog = $B1BB
000000r 2               B17_18_DomesticAffairs_LoadPortrait = $B1D4
000000r 2               B17_18_DomesticAffairs_BuildSpriteData = $B1EE
000000r 2               B17_18_DomesticAffairs_FinalizeSprites = $B21C
000000r 2               B17_18_DomesticAffairs_CalcTroopStats = $B230
000000r 2               B17_18_DomesticAffairs_SetupDisplay = $B2E0
000000r 2               B17_18_TroopAssignmentDispatch = $B34F
000000r 2               B17_18_TroopAssign_SelectTarget = $B361
000000r 2               B17_18_TroopAssign_Execute = $B3F0
000000r 2               B17_18_TroopAssign_ShowMenu = $B407
000000r 2               B17_18_TroopAssign_HandleResult = $B47E
000000r 2               B17_18_TroopAssign_Confirm = $B552
000000r 2               B17_18_TroopAssign_ShowSummary = $B569
000000r 2               B17_18_CombatCalcDispatch = $B5C8
000000r 2               B17_18_CombatCalc_CompareForces = $B5D8
000000r 2               B17_18_CombatCalc_MoraleCheck = $B626
000000r 2               B17_18_CombatCalc_DefenseCheck = $B659
000000r 2               B17_18_CombatCalc_OfficerDuel = $B689
000000r 2               B17_18_CombatCalc_DetermineOutcome = $B719
000000r 2               B17_18_CombatCalc_SetActionResult = $B7A8
000000r 2               B17_18_CombatCalc_MoraleCalc = $B7B3
000000r 2               B17_18_CombatCalc_DefenseCalc = $B7DD
000000r 2               B17_18_CombatCalc_LeadershipCheck = $B816
000000r 2               B17_18_CombatCalc_DuelCheck = $B851
000000r 2               B17_18_CombatCalc_FinalCalc = $B89B
000000r 2               B17_18_BattleResultDispatch = $B8C7
000000r 2               B17_18_BattleResult_Calculate = $B8D3
000000r 2               B17_18_BattleResult_ApplyTroopLoss = $B96D
000000r 2               B17_18_BattleResult_ShowVictory = $B9A0
000000r 2               B17_18_BattleResult_CheckContinue = $B9A5
000000r 2               B17_18_BattleResult_Finalize = $B9C8
000000r 2               B17_18_SingleCombatDispatch = $BA6D
000000r 2               B17_18_SingleCombat_Init  = $BA87
000000r 2               B17_18_SingleCombat_CheckContinue = $BAA5
000000r 2               B17_18_SingleCombat_ShowMenu = $BAC0
000000r 2               B17_18_SingleCombat_PlayerAction = $BADA
000000r 2               B17_18_SingleCombat_RandomEvent = $BB03
000000r 2               B17_18_SingleCombat_ShowMenu2 = $BB41
000000r 2               B17_18_SingleCombat_ApplyDamage = $BB5B
000000r 2               B17_18_SingleCombat_CheckFlee = $BB93
000000r 2               B17_18_SingleCombat_NextRound = $BBC0
000000r 2               B17_18_SingleCombat_CheckEnd = $BC00
000000r 2               B17_18_SingleCombat_SwapActive = $BC16
000000r 2               B17_18_DiplomacyDispatch  = $BC3B
000000r 2               B17_18_Diplomacy_Init     = $BC47
000000r 2               B17_18_Diplomacy_ShowMenu = $BC5C
000000r 2               B17_18_Diplomacy_HandleAction = $BC8C
000000r 2               B17_18_EventCutsceneDispatch = $BCE9
000000r 2               B17_18_EventCutscene_Init = $BCFB
000000r 2               B17_18_EventCutscene_ShowText = $BD1E
000000r 2               B17_18_EventCutscene_Display = $BD40
000000r 2               B17_18_EventCutscene_NoOp = $BD5C
000000r 2               B17_18_EventCutscene_NoEvent = $BD5D
000000r 2               B17_18_EventCutscene_Execute = $BDA9
000000r 2               B17_18_EventCutscene_Cleanup = $BE3F
000000r 2               B17_18_BattleInitDispatch = $BE78
000000r 2               B17_18_BattleInit_Setup   = $BE86
000000r 2               B17_18_BattleInit_Position = $BF43
000000r 2               B17_18_BattleInit_Configure = $BF66
000000r 2               B17_18_BattleInit_Finalize = $BF7E
000000r 2               
000000r 2               ;-------------------------------------------------------------------------------
000000r 2               ; Internal procs - Bank $18 ($C000-$DFFF)
000000r 2               ;-------------------------------------------------------------------------------
000000r 2               B17_18_BattleSetup_Exec   = $C08A
000000r 2               B17_18_EventCutsceneDispatch2 = $C116
000000r 2               B17_18_EventCutscene2_Init = $C124
000000r 2               B17_18_EventCutscene2_LoadData = $C13A
000000r 2               B17_18_EventCutscene2_Show = $C14A
000000r 2               B17_18_EventCutscene2_Execute = $C187
000000r 2               B17_18_EventCutscene_LoadOverlay = $C1E2
000000r 2               B17_18_MapFadeDispatch    = $C21C
000000r 2               B17_18_MapFade_Init       = $C22A
000000r 2               B17_18_MapFade_FadeIn     = $C256
000000r 2               B17_18_MapFade_Draw       = $C28E
000000r 2               B17_18_MapFade_Complete   = $C2AA
000000r 2               B17_18_MapFade_DrawColumn = $C2CC
000000r 2               B17_18_TerritoryEventDispatch = $C2F6
000000r 2               B17_18_TerritoryEvent_Init = $C30E
000000r 2               B17_18_TerritoryEvent_Check = $C33B
000000r 2               B17_18_TerritoryEvent_Execute = $C35D
000000r 2               B17_18_TerritoryEvent_ApplyResult = $C40B
000000r 2               B17_18_TerritoryEvent_CaptureOfficer = $C42E
000000r 2               B17_18_TerritoryEvent_Finalize = $C44F
000000r 2               B17_18_PaletteTransitionDispatch = $C464
000000r 2               B17_18_PaletteTransition_Copy = $C46E
000000r 2               B17_18_PaletteTransition_Fade = $C480
000000r 2               B17_18_MapScrollDispatch_A = $C498
000000r 2               B17_18_MapScrollA_Init    = $C4AC
000000r 2               B17_18_MapScrollA_Scroll  = $C4C3
000000r 2               B17_18_MapScrollA_Draw    = $C4E9
000000r 2               B17_18_MapScrollA_Update  = $C55A
000000r 2               B17_18_MapScrollA_Animate = $C598
000000r 2               B17_18_MapScrollA_Finalize = $C5D2
000000r 2               B17_18_MapScrollA_Complete = $C66B
000000r 2               B17_18_MapScrollDispatch_B = $C689
000000r 2               B17_18_MapScrollB_Init    = $C69F
000000r 2               B17_18_MapScrollB_Scroll  = $C6B6
000000r 2               B17_18_MapScrollB_Draw    = $C6DC
000000r 2               B17_18_MapScrollB_Update  = $C72D
000000r 2               B17_18_MapScrollB_Animate = $C773
000000r 2               B17_18_MapScrollB_Finalize = $C809
000000r 2               B17_18_MapScrollB_Complete = $C84A
000000r 2               B17_18_MapScrollB_Extra   = $C884
000000r 2               B17_18_MapScrollDispatch_C = $C949
000000r 2               B17_18_MapScrollC_Init    = $C95F
000000r 2               B17_18_MapScrollC_Scroll  = $C976
000000r 2               B17_18_MapScrollC_Draw    = $C99C
000000r 2               B17_18_MapScrollC_Update  = $C9ED
000000r 2               B17_18_MapScrollC_Animate = $CA50
000000r 2               B17_18_MapScrollC_Finalize = $CAB8
000000r 2               B17_18_MapScrollC_Complete = $CAD4
000000r 2               B17_18_MapScrollC_Extra   = $CB0E
000000r 2               B17_18_MapSlideDispatch_A = $CB9E
000000r 2               B17_18_MapSlideA_Init     = $CBAA
000000r 2               B17_18_MapSlideA_Slide    = $CC0A
000000r 2               B17_18_MapSlideA_Complete = $CC62
000000r 2               B17_18_MapSlideDispatch_B = $CC87
000000r 2               B17_18_MapSlideB_Init     = $CC93
000000r 2               B17_18_MapSlideB_Slide    = $CCAA
000000r 2               B17_18_MapSlideB_Complete = $CCD0
000000r 2               B17_18_MapSlideDispatch_C = $CD3C
000000r 2               B17_18_MapSlideC_Init     = $CD48
000000r 2               B17_18_MapSlideC_Slide    = $CD5F
000000r 2               B17_18_MapSlideC_Complete = $CD85
000000r 2               B17_18_BuildPPUTileBuffer = $CDFD
000000r 2               B17_18_DrawSpriteFromBank = $CEA5
000000r 2               B17_18_MapScroll_UpdatePosition = $CEE1
000000r 2               B17_18_ExpandMetatileToSprites = $CFA3
000000r 2               B17_18_FinalizeSpriteBuffer = $D060
000000r 2               B17_18_ReadMenuSelection  = $D13D
000000r 2               B17_18_SetupMenuPtr       = $D166
000000r 2               B17_18_TroopAssign_NextState = $D17C
000000r 2               B17_18_DrawCompletionSprite = $D235
000000r 2               B17_18_CheckPlayerIsRuler = $D262
000000r 2               B17_18_SetDisplayPointer  = $D283
000000r 2               B17_18_CheckButtonConfirm = $D299
000000r 2               B17_18_DomAction_InitOfficerScroll = $D6AA
000000r 2               B17_18_DomAction_ScrollIntroPanel = $D79B
000000r 2               B17_18_DomAction_ScrollTextPhase2 = $D83A
000000r 2               B17_18_DomAction_ScrollAndWait = $D8C9
000000r 2               B17_18_DomAction_FinalizeCleanup = $D920
000000r 2               B17_18_Finalize_Init      = $D932
000000r 2               B17_18_Finalize_SetupUI   = $D950
000000r 2               B17_18_Finalize_WaitConfirm = $D95A
000000r 2               B17_18_Finalize_ScrollTimer = $D976
000000r 2               B17_18_Finalize_PaletteCopy = $D9B4
000000r 2               B17_18_Finalize_NoOp      = $D9C1
000000r 2               B17_18_Finalize_ExitTransition = $D9C2
000000r 2               B17_18_DomAction_MainInteractive = $D9CA
000000r 2               B17_18_DomAction_BuildOfficerList = $D9DE
000000r 2               B17_18_DomAction_InitOfficerDisplay = $DA41
000000r 2               B17_18_DomAction_RenderOfficerEntry = $DA87
000000r 2               B17_18_DomAction_UpdateOfficerDisplay = $DAB6
000000r 2               B17_18_DomAction_ScrollOfficerList = $DAE0
000000r 2               B17_18_DomAction_FinalizeDisplayBuffer = $DB90
000000r 2               B17_18_DomAction_CheckConfirmInput = $DBDA
000000r 2               B17_18_RenderDispatchSprite = $DBF3
000000r 2               B17_18_ScrollPanel_LoadRow = $DC13
000000r 2               B17_18_ScrollPanel_PrepareRowData = $DCE1
000000r 2               B17_18_AnimSeq_Init       = $DE44
000000r 2               B17_18_AnimSeq_PlayFrames = $DE66
000000r 2               B17_18_AnimSeq_HoldFinalFrame = $DEB9
000000r 2               B17_18_AnimSeq_PrepareTransition = $DEC7
000000r 2               B17_18_AnimSeq_ResetScene = $DED6
000000r 2               B17_18_SpriteFromTable    = $DEFA
000000r 2               
000000r 2               ;-------------------------------------------------------------------------------
000000r 2               ; Bank $2E - NMI rendering
000000r 2               ;-------------------------------------------------------------------------------
000000r 2               B2E_RenderScene           = $A000   ; Scene rendering (NMI context)
000000r 2               B2E_RenderMap             = $A003   ; Map rendering (NMI context)
000000r 2               
000000r 2               ;-------------------------------------------------------------------------------
000000r 2               ; Bank $2C - NMI rendering
000000r 2               ;-------------------------------------------------------------------------------
000000r 2               B2C_RenderScene           = $A000   ; Scene rendering (NMI context)
000000r 2               
000000r 2               ;-------------------------------------------------------------------------------
000000r 2               ; Bank $2A - NMI rendering
000000r 2               ;-------------------------------------------------------------------------------
000000r 2               B2A_RenderMap             = $A003   ; Map rendering (NMI context)
000000r 2               
000000r 2               ;-------------------------------------------------------------------------------
000000r 2               ; Bank $28 - NMI domestic
000000r 2               ;-------------------------------------------------------------------------------
000000r 2               B28_DomesticDisplay       = $A024   ; Domestic display (NMI context)
000000r 2               
000000r 2               ;-------------------------------------------------------------------------------
000000r 2               ; Banks $1D+$1E - Combined 16KB ($A000-$DFFF)
000000r 2               ; Jump table entry points ($A000-$A047) - 24 entries
000000r 2               ;-------------------------------------------------------------------------------
000000r 2               B1D_1E_PPUTileRender      = $A000   ; Entry00: PPU tile render
000000r 2               B1D_1E_MenuUpdate         = $A003   ; Entry01: Menu update
000000r 2               B1D_1E_VRAMBufferWrite    = $A006   ; Entry02: VRAM buffer write
000000r 2               B1D_1E_StateHandler       = $A009   ; Entry03: State handler
000000r 2               B1D_1E_MapDisplaySetup    = $A00C   ; Entry04: Map display setup
000000r 2               B1D_1E_OfficerListHandler = $A00F   ; Entry05: Officer list handler
000000r 2               B1D_1E_FlushTileBuffer    = $A012   ; Entry06: Upload 64-byte tile buffer to VRAM
000000r 2               B1D_1E_LoadScenarioData   = $A015   ; Entry07: Copy 32 bytes from scenario table
000000r 2               B1D_1E_SramInit           = $A018   ; Entry08: SRAM initialization
000000r 2               B1D_1E_OfficerParamDisp   = $A01B   ; Entry09: Officer parameter display
000000r 2               B1D_1E_YearDisplaySetup   = $A01E   ; Entry10: Year display setup
000000r 2               B1D_1E_SlowPeriodic       = $A021   ; Entry11: Slow periodic overlay refresh
000000r 2               B1D_1E_ImmediateOverlay   = $A024   ; Entry12: Immediate overlay refresh
000000r 2               B1D_1E_ProvinceDataHandler = $A027  ; Entry13: Province data handler
000000r 2               B1D_1E_OfficerDisplay_Lookup = $A02A ; Entry14: Officer display lookup
000000r 2               B1D_1E_FastPeriodic       = $A02D   ; Entry15: Fast periodic overlay refresh
000000r 2               B1D_1E_OfficerDisplay_Render = $A030 ; Entry16: Officer display render
000000r 2               B1D_1E_OfficerNameDisplay = $A033   ; Entry17: Officer name display
000000r 2               B1D_1E_ClearWorkBuffer    = $A036   ; Entry18: Clear work buffer
000000r 2               B1D_1E_SceneRenderer      = $A039   ; Entry19: Scene renderer
000000r 2               B1D_1E_DataFormatter      = $A03C   ; Entry20: Data formatter
000000r 2               B1D_1E_MenuRenderer       = $A03F   ; Entry21: Menu renderer
000000r 2               B1D_1E_BankedDataHandler  = $A042   ; Entry22: Banked data handler
000000r 2               B1D_1E_OfficerRecLookup   = $A045   ; Entry23: Officer record lookup
000000r 2               
000000r 2               ;-------------------------------------------------------------------------------
000000r 2               ; Internal procs - Bank $1D code ($A048-$BFFF)
000000r 2               ;-------------------------------------------------------------------------------
000000r 2               B1D_1E_PPUTileRender_Proc = $A048   ; PPU tile render procedure
000000r 2               B1D_1E_VRAMBufferWrite_Proc = $A11B ; VRAM buffer write procedure
000000r 2               B1D_1E_MenuUpdate_Proc    = $A154   ; Menu update procedure
000000r 2               B1D_1E_CheckInputAndProcess = $A158 ; Input check and process
000000r 2               B1D_1E_MenuDispatchTable  = $A208   ; Menu command dispatch table
000000r 2               B1D_1E_CmdEndMenu         = $A248   ; Cmd: end menu
000000r 2               B1D_1E_CmdAdvanceRow      = $A281   ; Cmd: advance row
000000r 2               B1D_1E_CmdPushPosition    = $A2A3   ; Cmd: push position
000000r 2               B1D_1E_CmdPopPosition     = $A2C2   ; Cmd: pop position
000000r 2               B1D_1E_CmdSetOverlayMode  = $A2DD   ; Cmd: set overlay mode
000000r 2               B1D_1E_CmdClearOverlayMode = $A2E5  ; Cmd: clear overlay mode
000000r 2               B1D_1E_CmdSetVramPos      = $A2ED   ; Cmd: set VRAM position
000000r 2               B1D_1E_CmdEnableIndirect  = $A310   ; Cmd: enable indirect tiles
000000r 2               B1D_1E_CmdDisableIndirect = $A318   ; Cmd: disable indirect tiles
000000r 2               B1D_1E_CmdSetTileOffset   = $A320   ; Cmd: set tile offset
000000r 2               B1D_1E_CmdDrawName        = $A32D   ; Cmd: draw name
000000r 2               B1D_1E_CmdDrawNameFromParam = $A397 ; Cmd: draw name from param
000000r 2               B1D_1E_CmdDrawNumber      = $A3B1   ; Cmd: draw number
000000r 2               B1D_1E_CmdDrawNameFromData = $A426  ; Cmd: draw name from data
000000r 2               B1D_1E_CmdDrawNameFixed7  = $A4B0   ; Cmd: draw name fixed 7
000000r 2               B1D_1E_CmdDrawFormattedNumber = $A53E ; Cmd: draw formatted number
000000r 2               B1D_1E_DigitTileOffsetTable = $A607 ; Digit tile offset table (8 bytes)
000000r 2               B1D_1E_ClearTileBuffers   = $A60F   ; Clear tile row buffers
000000r 2               B1D_1E_CalcMenuDataPtr    = $A61D   ; Calculate menu data pointer
000000r 2               B1D_1E_BankPageOffsetTable = $A672  ; Bank page offset table (15 words)
000000r 2               B1D_1E_SelectDataBankByPos = $A690  ; Select data bank by position
000000r 2               B1D_1E_PosDataBankTable   = $A6A7   ; Position data bank table (15 bytes)
000000r 2               B1D_1E_YearDisplaySetup_Proc = $A6B6 ; Year display setup procedure
000000r 2               B1D_1E_ProvinceDataHandler_Proc = $A830 ; Province data handler procedure
000000r 2               B1D_1E_ProvinceDisplayTilemap = $A856 ; Province display tilemap
000000r 2               B1D_1E_OfficerDisplay_LookupProc = $A890 ; Officer display lookup procedure
000000r 2               B1D_1E_OfficerDisplayTilemap = $A8C3 ; Officer display tilemap
000000r 2               B1D_1E_OfficerNameDisplay_Proc = $A8FD ; Officer name display procedure
000000r 2               B1D_1E_OfficerNameTilemap = $A91D   ; Officer name tilemap
000000r 2               B1D_1E_DisplayScaledName  = $A957   ; Display scaled katakana name
000000r 2               B1D_1E_FormatNumberPair   = $A96F   ; Format number pair
000000r 2               B1D_1E_DisplayScaledNumber = $A976  ; Display scaled number
000000r 2               B1D_1E_DataFormatter_Proc = $A991   ; Data formatter procedure
000000r 2               B1D_1E_DisplayData_Table  = $AB08   ; Display data table
000000r 2               B1D_1E_DataFormatter_Table1 = $AA37 ; Data formatter table 1
000000r 2               B1D_1E_DataFormatter_Table2 = $AA88 ; Data formatter table 2
000000r 2               B1D_1E_BankedDataHandler_Proc = $AA37 ; Banked data handler procedure
000000r 2               B1D_1E_SetupBankedData    = $AB38   ; Setup banked data
000000r 2               B1D_1E_StateHandler_Proc  = $ABD2   ; State handler procedure
000000r 2               B1D_1E_KingdomTemplatePtrs = $AD84  ; Kingdom template pointers (4 entries)
000000r 2               B1D_1E_DrawOfficerName    = $B0AB   ; Draw officer name
000000r 2               B1D_1E_RenderSubState     = $B14C   ; Render sub-state
000000r 2               B1D_1E_SubStateChrTiles   = $B222   ; Sub-state CHR tiles (4 bytes)
000000r 2               B1D_1E_LoadOfficerNameInfo = $B23A  ; Load officer name info
000000r 2               B1D_1E_MapDisplaySetup_Proc = $B29F ; Map display setup procedure
000000r 2               B1D_1E_ProvinceDetailTilemap = $B305 ; Province detail tilemap
000000r 2               B1D_1E_OfficerListHandler_Proc = $B989 ; Officer list handler procedure
000000r 2               B1D_1E_InitOfficerListState = $B9CF ; Init officer list state
000000r 2               B1D_1E_ProcessOfficerListScroll = $BA0E ; Process officer list scroll
000000r 2               B1D_1E_DrawOfficerRecord  = $BB28   ; Draw officer record
000000r 2               B1D_1E_FlushTileBuffer_Proc = $BC41 ; Flush tile buffer procedure
000000r 2               B1D_1E_ClearWorkBuffer_Proc = $BC66 ; Clear work buffer procedure
000000r 2               B1D_1E_SceneRenderer_Proc = $BC71   ; Scene renderer procedure
000000r 2               B1D_1E_MenuRenderer_Proc  = $BE36   ; Menu renderer procedure
000000r 2               B1D_1E_MenuAction00_InitialSetup = $BEBB ; Menu action 00: initial setup
000000r 2               B1D_1E_MenuAction01_DisplaySetup = $BEEB ; Menu action 01: display setup
000000r 2               B1D_1E_MenuAction02_LandDevelop = $BF2F ; Menu action 02: land development
000000r 2               B1D_1E_MenuAction03_FloodControlSetup = $BF70 ; Menu action 03: flood control setup
000000r 2               B1D_1E_MenuAction04_FloodControl = $BFBF ; Menu action 04: flood control
000000r 2               B1D_1E_MenuAction05_CastleRepairSetup = $BFF3 ; Menu action 05: castle repair setup
000000r 2               B1D_1E_MenuAction06_CastleRepair = $C046 ; Menu action 06: castle repair
000000r 2               B1D_1E_MenuAction07_TaxRate = $C090 ; Menu action 07: tax rate
000000r 2               B1D_1E_MenuAction08_GoldDistribution = $C0C8 ; Menu action 08: gold distribution
000000r 2               B1D_1E_MenuAction09_FoodDistribution = $C123 ; Menu action 09: food distribution
000000r 2               B1D_1E_MenuAction0A_RecruitSoldiers = $C168 ; Menu action 0A: recruit soldiers
000000r 2               B1D_1E_MenuAction0B_HireOfficer = $C1AC ; Menu action 0B: hire officer
000000r 2               B1D_1E_MenuAction0C_TransferOfficer = $C1FA ; Menu action 0C: transfer officer
000000r 2               B1D_1E_MenuAction0D_ExecuteOfficer = $C25D ; Menu action 0D: execute officer
000000r 2               B1D_1E_MenuAction0E_ExileOfficer = $C2DD ; Menu action 0E: exile officer
000000r 2               B1D_1E_MenuAction0F_GiveItem = $C33D ; Menu action 0F: give item
000000r 2               B1D_1E_MenuAction10_MoveCapital = $C3A2 ; Menu action 10: move capital
000000r 2               B1D_1E_MenuAction11_Diplomacy = $C3F6 ; Menu action 11: diplomacy
000000r 2               B1D_1E_MenuAction12_War   = $C43E   ; Menu action 12: war
000000r 2               B1D_1E_MenuAction13_Spy   = $C4E1   ; Menu action 13: spy
000000r 2               B1D_1E_MenuAction14_Accounting = $C511 ; Menu action 14: accounting
000000r 2               B1D_1E_MenuAction15_Exchange = $C556 ; Menu action 15: exchange
000000r 2               B1D_1E_MenuAction16_Trade = $C5B1   ; Menu action 16: trade
000000r 2               B1D_1E_MenuAction17_SearchOfficer = $C5F7 ; Menu action 17: search officer
000000r 2               B1D_1E_MenuAction18_SearchItem = $C636 ; Menu action 18: search item
000000r 2               B1D_1E_MenuAction19_InspectLand = $C67D ; Menu action 19: inspect land
000000r 2               B1D_1E_MenuAction1A_PersonalAffairs = $C6C6 ; Menu action 1A: personal affairs
000000r 2               B1D_1E_MenuAction1B_DomesticDispatch = $C75F ; Menu action 1B: domestic dispatch
000000r 2               B1D_1E_MenuAction1C_CopyTileData = $C7D1 ; Menu action 1C: copy tile data
000000r 2               B1D_1E_MenuAction1D_SetupActionDisplay = $C800 ; Menu action 1D: setup action display
000000r 2               B1D_1E_MenuAction1E_CalcParams = $C830 ; Menu action 1E: calc params
000000r 2               B1D_1E_MenuAction1F_CalcParams2 = $C87D ; Menu action 1F: calc params 2
000000r 2               B1D_1E_MenuAction20_CalcParams3 = $C8B4 ; Menu action 20: calc params 3
000000r 2               B1D_1E_MenuAction21_Finalize = $C8F1 ; Menu action 21: finalize
000000r 2               B1D_1E_MenuAction22_Cleanup = $C926 ; Menu action 22: cleanup
000000r 2               
000000r 2               ;-------------------------------------------------------------------------------
000000r 2               ; Internal procs - Bank $1E ($C000-$DFFF)
000000r 2               ;-------------------------------------------------------------------------------
000000r 2               B1D_1E_DomesticMenu_Return = $C934  ; Domestic menu return / shared return
000000r 2               B1D_1E_SetupDisplayPtrs   = $C96D   ; Setup display pointers
000000r 2               B1D_1E_ResetDispatchState = $C98A   ; Reset dispatch state
000000r 2               B1D_1E_DisplayTileData    = $C994   ; Tile data display engine
000000r 2               B1D_1E_MenuRenderer_SecondaryDispatch = $C9C2 ; Menu renderer secondary dispatch
000000r 2               B1D_1E_SramSaveBlock      = $C9E8   ; SRAM save block
000000r 2               B1D_1E_SramLoadBlock      = $CA4E   ; SRAM load block
000000r 2               B1D_1E_VerifyChecksum     = $CAC5   ; Verify SRAM checksum
000000r 2               B1D_1E_OfficerRecCalc     = $CB52   ; Officer record address calculator
000000r 2               B1D_1E_ProvinceRecCalc    = $CC09   ; Province record address calculator
000000r 2               B1D_1E_MenuTilemapStream  = $CC40   ; Menu tilemap data stream (large)
000000r 2               B1D_1E_LoadScenarioData_Proc = $DBB1 ; Load scenario data procedure
000000r 2               B1D_1E_ScenarioDataTable  = $DBCF   ; Scenario data pointer table
000000r 2               B1D_1E_SramInit_Proc      = $DD8B   ; SRAM init procedure
000000r 2               B1D_1E_OfficerParamDisp_Proc = $DE7E ; Officer parameter display procedure
000000r 2               B1D_1E_OfficerRecLookup_Proc = $DEB9 ; Officer record lookup procedure
000000r 2               
000000r 2               ;===============================================================================
000000r 2               ; SECTION 3: Banked Code at $8000-$9FFF (Slot 0)
000000r 2               ; Banks switched via SwitchBank8_B ($F25F) or SwitchBank8_A ($F266)
000000r 2               ; TODO: No banked JSR/JMP calls to $8000-$9FFF found in bank $1F yet
000000r 2               ;===============================================================================
000000r 2               ; Template for future use:
000000r 2               ; B00_FunctionName        = $8000
000000r 2               
000000r 2               ;===============================================================================
000000r 2               ; SECTION 4: Banked Code at $C000-$DFFF (Slot 2)
000000r 2               ; Banks paired with $A000 slot via SwitchBankAC_B/SwitchBankAC_A
000000r 2               ; (bank at $C000 is always Y+1 when $A000 is Y)
000000r 2               ;===============================================================================
000000r 2               ; (Bank $18 entries removed - now internal to combined prg_17_18.asm)
000000r 2               
000000r 2               ;===============================================================================
000000r 2               ; SECTION 5: Combined Banks $0A+$0B ($A000-$DFFF)
000000r 2               ; Bank $0A at $A000-$BFFF paired with Bank $0B at $C000-$DFFF
000000r 2               ; Entry points via jump table at $A000-$A00E
000000r 2               ; Labels are defined in prg_0a_0b.asm and available globally.
000000r 2               ;===============================================================================
000000r 2               ; Jump Table Entry Points:
000000r 2               ;   B0A_Entry00 ($A000) -> B0A_MainDispatch
000000r 2               ;   B0A_Entry01 ($A003) -> B0B_SubStateDispatch
000000r 2               ;   B0A_Entry02 ($A006) -> B0B_ArmyValueCalc
000000r 2               ;   B0A_Entry03 ($A009) -> B0B_DataRecordLookup
000000r 2               ;   B0A_Entry04 ($A00C) -> B0B_DistanceClamp
000000r 2               ;
000000r 2               
000000r 1               
000000r 1               ; Global label declarations (ca65 .proc creates local scope)
000000r 1               .global B0A_ArmyDispatch
000000r 1               .global B0A_ArmyLoop
000000r 1               .global B0A_AttrTable
000000r 1               .global B0A_BitMaskLookup
000000r 1               .global B0A_ColLoop
000000r 1               .global B0A_CompareValues
000000r 1               .global B0A_DisplaySetup
000000r 1               .global B0A_Entry00
000000r 1               .global B0A_Entry02
000000r 1               .global B0A_Entry03
000000r 1               .global B0A_Entry04
000000r 1               .global B0A_InitWorkAreas
000000r 1               .global B0A_MathHelper
000000r 1               .global B0A_NameTable
000000r 1               .global B0A_PaletteSetup
000000r 1               .global B0A_ProvinceSearch
000000r 1               .global B0A_RowProcess
000000r 1               .global B0A_ScanMatchData
000000r 1               .global B0A_ScrollInit
000000r 1               .global B0A_SumAndCompare
000000r 1               .global B0A_TileAttr
000000r 1               .global B0A_TileRender
000000r 1               .global B0A_WindowSetup
000000r 1               .global B0B_ArmyValueCalc
000000r 1               .global B0B_CallDomesticDisplay
000000r 1               .global B0B_ClearOverlay
000000r 1               .global B0B_DataRecordLookup
000000r 1               .global B0B_DistanceClamp
000000r 1               .global B0B_FillStackLoop
000000r 1               .global B0B_Init
000000r 1               .global B0B_JumpToBEC7
000000r 1               .global B0B_LoadRecord
000000r 1               .global B0B_PaletteCheck
000000r 1               .global B0B_RenderOverlay
000000r 1               .global B0B_SoundDispatch
000000r 1               .global B0B_SpriteSetup2
000000r 1               .global B0B_StackFill
000000r 1               .global B0B_StateMachine
000000r 1               .global B0B_SubStateDispatch
000000r 1               .global LA01E
000000r 1               .global LA021
000000r 1               .global LA042
000000r 1               .global LA0A7
000000r 1               .global LA0E3
000000r 1               .global LA0EF
000000r 1               .global LA106
000000r 1               .global LA128
000000r 1               .global LA1B9
000000r 1               .global LA298
000000r 1               .global LA2C3
000000r 1               .global LA31A
000000r 1               .global LA35B
000000r 1               .global LA373
000000r 1               .global LA390
000000r 1               .global LA428
000000r 1               .global LA6F3
000000r 1               .global LA702
000000r 1               .global LA705
000000r 1               .global LA78C
000000r 1               .global LA7CA
000000r 1               .global LA7DA
000000r 1               .global LA8CC
000000r 1               .global LA9AD
000000r 1               .global LA9D0
000000r 1               .global LA9D8
000000r 1               .global LA9E4
000000r 1               .global LA9EC
000000r 1               .global LAA04
000000r 1               .global LAA10
000000r 1               .global LAA20
000000r 1               .global LAA2C
000000r 1               .global LAA39
000000r 1               .global LAAC2
000000r 1               .global LAAD5
000000r 1               .global LAB04
000000r 1               .global LAB55
000000r 1               .global LAB68
000000r 1               .global LAB97
000000r 1               .global LABD0
000000r 1               .global LABEE
000000r 1               .global LAC21
000000r 1               .global LAC33
000000r 1               .global LAC47
000000r 1               .global LACF2
000000r 1               .global LAD30
000000r 1               .global LADA7
000000r 1               .global LADE5
000000r 1               .global LAEB9
000000r 1               .global LB01B
000000r 1               .global LB043
000000r 1               .global LB09F
000000r 1               .global LB0BB
000000r 1               .global LB0CA
000000r 1               .global LB105
000000r 1               .global LB10D
000000r 1               .global LB144
000000r 1               .global LB150
000000r 1               .global LB156
000000r 1               .global LB174
000000r 1               .global LB1E9
000000r 1               .global LB242
000000r 1               .global LB2FF
000000r 1               .global LB367
000000r 1               .global LB388
000000r 1               .global LB3A9
000000r 1               .global LB421
000000r 1               .global LB49B
000000r 1               .global LB5C8
000000r 1               .global LB613
000000r 1               .global LB639
000000r 1               .global LB648
000000r 1               .global LB656
000000r 1               .global LB68A
000000r 1               .global LB6A8
000000r 1               .global LB73A
000000r 1               .global LB78B
000000r 1               .global LB7BF
000000r 1               .global LB7F1
000000r 1               .global LB854
000000r 1               .global LB86A
000000r 1               .global LB89F
000000r 1               .global LB8AF
000000r 1               .global LB8C6
000000r 1               .global LB8E1
000000r 1               .global LB8FE
000000r 1               .global LB904
000000r 1               .global LB943
000000r 1               .global LB94C
000000r 1               .global LB964
000000r 1               .global LB97A
000000r 1               .global LB97F
000000r 1               .global LB99B
000000r 1               .global LB9C1
000000r 1               .global LB9E5
000000r 1               .global LB9F3
000000r 1               .global LBA47
000000r 1               .global LBA70
000000r 1               .global LBA8D
000000r 1               .global LBB40
000000r 1               .global LBB45
000000r 1               .global LBB53
000000r 1               .global LBB77
000000r 1               .global LBB8D
000000r 1               .global LBBE6
000000r 1               .global LBC10
000000r 1               .global LBC28
000000r 1               .global LBC3E
000000r 1               .global LBC5C
000000r 1               .global LBC62
000000r 1               .global LBC96
000000r 1               .global LBCDE
000000r 1               .global LBD36
000000r 1               .global LBD4D
000000r 1               .global LBF07
000000r 1               .global LBF16
000000r 1               .global LBF22
000000r 1               .global LBF41
000000r 1               .global LC1AE
000000r 1               .global LC1BD
000000r 1               .global LC1CE
000000r 1               .global LC1DD
000000r 1               .global LC1E4
000000r 1               .global LC1F6
000000r 1               .global LC202
000000r 1               .global LC252
000000r 1               .global LC27C
000000r 1               .global LC297
000000r 1               .global LC2F5
000000r 1               .global LC31B
000000r 1               .global LC336
000000r 1               .global LC346
000000r 1               .global LC37E
000000r 1               .global LC446
000000r 1               .global LC469
000000r 1               .global LC4C7
000000r 1               .global LC520
000000r 1               .global LC5BE
000000r 1               .global LC5EE
000000r 1               .global LC616
000000r 1               .global LC646
000000r 1               .global LC68D
000000r 1               .global LC690
000000r 1               .global LC6DA
000000r 1               .global LC6FF
000000r 1               .global LC70E
000000r 1               .global LC724
000000r 1               .global LC732
000000r 1               .global LC748
000000r 1               .global LC765
000000r 1               .global LC79F
000000r 1               .global LC7AA
000000r 1               .global LC7BB
000000r 1               .global LC7C1
000000r 1               .global LC7FE
000000r 1               .global LC7FF
000000r 1               .global LC80E
000000r 1               .global LC840
000000r 1               .global LC865
000000r 1               .global LC869
000000r 1               .global LC883
000000r 1               .global LC889
000000r 1               .global LC897
000000r 1               .global LC8B4
000000r 1               .global LC8B6
000000r 1               .global LC8E5
000000r 1               .global LC92B
000000r 1               .global LC949
000000r 1               .global LC997
000000r 1               .global LC9A4
000000r 1               .global LC9C1
000000r 1               .global LC9EF
000000r 1               .global LCA1E
000000r 1               .global LCA52
000000r 1               .global LCA7F
000000r 1               .global LCAAC
000000r 1               .global LCAB1
000000r 1               .global LCAD1
000000r 1               .global LCB0F
000000r 1               .global LCB36
000000r 1               .global LCB3E
000000r 1               .global LCB51
000000r 1               .global LCB79
000000r 1               .global LCB8A
000000r 1               .global LCB98
000000r 1               .global LCBA8
000000r 1               .global LCBEB
000000r 1               .global LCC17
000000r 1               .global LCC22
000000r 1               .global LCC82
000000r 1               .global LCDB7
000000r 1               .global LCF6E
000000r 1               .global LCF74
000000r 1               .global LCF8C
000000r 1               .global LCF98
000000r 1               .global LCFDC
000000r 1               .global LCFF8
000000r 1               .global LCFFE
000000r 1               .global LD004
000000r 1               .global LD02C
000000r 1               .global LD032
000000r 1               .global LD09F
000000r 1               .global LD0D6
000000r 1               .global LD0FE
000000r 1               .global LD161
000000r 1               .global LD1B2
000000r 1               .global LD1C5
000000r 1               .global LD1E4
000000r 1               .global LD1F1
000000r 1               .global LD202
000000r 1               .global LD216
000000r 1               .global LD239
000000r 1               .global LD257
000000r 1               .global LD270
000000r 1               .global LD317
000000r 1               .global LD340
000000r 1               .global LD385
000000r 1               .global LD39E
000000r 1               .global LD3BF
000000r 1               .global LD3D5
000000r 1               .global LD3E4
000000r 1               .global LD3F0
000000r 1               .global LD3FA
000000r 1               .global LD403
000000r 1               .global LD417
000000r 1               .global LD47B
000000r 1               .global LD48C
000000r 1               .global LD4B0
000000r 1               .global LD4C2
000000r 1               .global LD4CF
000000r 1               .global LD4DF
000000r 1               .global LD524
000000r 1               .global LD52D
000000r 1               .global LD5B8
000000r 1               .global LD5F6
000000r 1               .global LD603
000000r 1               .global LD610
000000r 1               .global LD61D
000000r 1               .global LD62D
000000r 1               .global LD63A
000000r 1               .global LD647
000000r 1               .global LD654
000000r 1               .global LD66E
000000r 1               .global LD687
000000r 1               .global LD69C
000000r 1               .global LD6E4
000000r 1               .global LD6EB
000000r 1               .global LD706
000000r 1               .global LD707
000000r 1               .global LD740
000000r 1               .global LD757
000000r 1               .global LD770
000000r 1               .global LD7A4
000000r 1               .global LD820
000000r 1               .global LD82A
000000r 1               .global LD861
000000r 1               .global LD8C3
000000r 1               .global LD8E7
000000r 1               .global LD904
000000r 1               .global LD91E
000000r 1               .global LD9AC
000000r 1               .global LDC08
000000r 1               .global LDC2E
000000r 1               .global LDC4F
000000r 1               .global LDC6D
000000r 1               .global LDC95
000000r 1               .global LDCB3
000000r 1               .global LDCE1
000000r 1               .global LDCFD
000000r 1               .global LDD0E
000000r 1               .global LDD1A
000000r 1               .global LDD1F
000000r 1               .global LDD29
000000r 1               .global LDD41
000000r 1               .global LDD8B
000000r 1               .global LDD9C
000000r 1               .global LDDB7
000000r 1               .global LDDC7
000000r 1               .global LDF62
000000r 1               .global LDF73
000000r 1               .global Proc_A133
000000r 1               .global Proc_A45C
000000r 1               .global Proc_A6BC
000000r 1               .global Proc_A6C0
000000r 1               .global Proc_A6C9
000000r 1               .global Proc_A79C
000000r 1               .global Proc_A8D7
000000r 1               .global Proc_A938
000000r 1               .global Proc_A9BE
000000r 1               .global Proc_A9CC
000000r 1               .global Proc_AA2D
000000r 1               .global Proc_AA80
000000r 1               .global Proc_AADE
000000r 1               .global Proc_AB10
000000r 1               .global Proc_ABA3
000000r 1               .global Proc_AC67
000000r 1               .global Proc_AEBF
000000r 1               .global Proc_B0BC
000000r 1               .global Proc_B10E
000000r 1               .global Proc_B136
000000r 1               .global Proc_B1F9
000000r 1               .global Proc_B1FD
000000r 1               .global Proc_B357
000000r 1               .global Proc_B49C
000000r 1               .global Proc_B4BF
000000r 1               .global Proc_B504
000000r 1               .global Proc_B5FC
000000r 1               .global Proc_B7CE
000000r 1               .global Proc_B85F
000000r 1               .global Proc_B898
000000r 1               .global Proc_B90A
000000r 1               .global Proc_B955
000000r 1               .global Proc_B98B
000000r 1               .global Proc_BA75
000000r 1               .global Proc_BA7E
000000r 1               .global Proc_BB82
000000r 1               .global Proc_BBB2
000000r 1               .global Proc_BD40
000000r 1               .global Proc_BD7A
000000r 1               .global Proc_BDD1
000000r 1               .global Proc_BEE6
000000r 1               .global Proc_BF44
000000r 1               .global Proc_C04E
000000r 1               .global Proc_C298
000000r 1               .global Proc_C337
000000r 1               .global Proc_C3A4
000000r 1               .global Proc_C3FF
000000r 1               .global Proc_C498
000000r 1               .global Proc_C4D0
000000r 1               .global Proc_C50E
000000r 1               .global Proc_C5B9
000000r 1               .global Proc_C5D2
000000r 1               .global Proc_C68A
000000r 1               .global Proc_C795
000000r 1               .global Proc_C79A
000000r 1               .global Proc_C80A
000000r 1               .global Proc_C84D
000000r 1               .global Proc_C86A
000000r 1               .global Proc_C885
000000r 1               .global Proc_C8C3
000000r 1               .global Proc_C8E6
000000r 1               .global Proc_C917
000000r 1               .global Proc_C97A
000000r 1               .global Proc_C98F
000000r 1               .global Proc_C9A5
000000r 1               .global Proc_C9F9
000000r 1               .global Proc_CAAD
000000r 1               .global Proc_CAD8
000000r 1               .global Proc_CB05
000000r 1               .global Proc_CB52
000000r 1               .global Proc_CBA3
000000r 1               .global Proc_CD68
000000r 1               .global Proc_CDB9
000000r 1               .global Proc_CEDD
000000r 1               .global Proc_CFF1
000000r 1               .global Proc_D05D
000000r 1               .global Proc_D080
000000r 1               .global Proc_D0AA
000000r 1               .global Proc_D0E1
000000r 1               .global Proc_D0E9
000000r 1               .global Proc_D105
000000r 1               .global Proc_D12D
000000r 1               .global Proc_D152
000000r 1               .global Proc_D165
000000r 1               .global Proc_D178
000000r 1               .global Proc_D18D
000000r 1               .global Proc_D1A4
000000r 1               .global Proc_D1F4
000000r 1               .global Proc_D249
000000r 1               .global Proc_D283
000000r 1               .global Proc_D2D3
000000r 1               .global Proc_D304
000000r 1               .global Proc_D319
000000r 1               .global Proc_D336
000000r 1               .global Proc_D36F
000000r 1               .global Proc_D3A9
000000r 1               .global Proc_D3DD
000000r 1               .global Proc_D40F
000000r 1               .global Proc_D438
000000r 1               .global Proc_D471
000000r 1               .global Proc_D494
000000r 1               .global Proc_D4AD
000000r 1               .global Proc_D4BB
000000r 1               .global Proc_D4CB
000000r 1               .global Proc_D53E
000000r 1               .global Proc_D583
000000r 1               .global Proc_D5BF
000000r 1               .global Proc_D5E7
000000r 1               .global Proc_D5E8
000000r 1               .global Proc_D61E
000000r 1               .global Proc_D61F
000000r 1               .global Proc_D655
000000r 1               .global Proc_D688
000000r 1               .global Proc_D69D
000000r 1               .global Proc_D6E5
000000r 1               .global Proc_D6E6
000000r 1               .global Proc_D74C
000000r 1               .global Proc_D799
000000r 1               .global Proc_D7BD
000000r 1               .global Proc_D7EC
000000r 1               .global Proc_D83B
000000r 1               .global Proc_D856
000000r 1               .global Proc_D890
000000r 1               .global Proc_D8AD
000000r 1               .global Proc_D8B7
000000r 1               .global Proc_D8D9
000000r 1               .global Proc_D8DB
000000r 1               .global Proc_D8F8
000000r 1               .global Proc_D90D
000000r 1               .global Proc_D9A8
000000r 1               .global Proc_D9D0
000000r 1               .global Proc_DA1B
000000r 1               .global Proc_DA1D
000000r 1               .global Proc_DA3F
000000r 1               .global Proc_DA95
000000r 1               .global Proc_DAA6
000000r 1               .global Proc_DAFD
000000r 1               .global Proc_DB2B
000000r 1               .global Proc_DB2D
000000r 1               .global Proc_DB7B
000000r 1               .global Proc_DBBB
000000r 1               .global Proc_DBC1
000000r 1               .global Proc_DBD4
000000r 1               .global Proc_DBF1
000000r 1               .global Proc_DC2F
000000r 1               .global Proc_DC97
000000r 1               .global Proc_DD0F
000000r 1               .global Proc_DD34
000000r 1               .global Proc_DD53
000000r 1               .global Proc_DD79
000000r 1               
000000r 1               ;===============================================================================
000000r 1               ; Global RAM Address Definitions
000000r 1               ;===============================================================================
000000r 1               ; These addresses have consistent meaning across the bank pair.
000000r 1               
000000r 1               ; --- Battery SRAM ($6Fxx) ---
000000r 1               sram_kingdom_index     = $6F02  ; Kingdom/region index
000000r 1               sram_player_id         = $6F03  ; Current player ID / slot
000000r 1               sram_game_start_flag   = $6F8B  ; Game start flag ($FF = new game)
000000r 1               sram_work_0            = $6F5F  ; Computed work value 0
000000r 1               sram_work_1            = $6F60  ; Computed work value 1
000000r 1               sram_work_2            = $6F61  ; Computed work value 2
000000r 1               sram_counter           = $6F5B  ; Iteration counter
000000r 1               
000000r 1               ; --- Work Area ($0036-$0045) ---
000000r 1               work_outer_idx         = $0036  ; Outer loop index
000000r 1               work_inner_idx         = $0037  ; Inner loop index
000000r 1               work_inner_idx2        = $0038  ; Inner loop index 2
000000r 1               work_sub_idx           = $0039  ; Sub-loop index
000000r 1               work_limit_a           = $003A  ; Comparison limit A
000000r 1               work_limit_b           = $003B  ; Comparison limit B
000000r 1               work_temp_0            = $003C  ; Temporary storage 0
000000r 1               work_temp_1            = $003D  ; Temporary storage 1
000000r 1               work_temp_2            = $003E  ; Temporary storage 2
000000r 1               work_record_idx        = $003F  ; Record index
000000r 1               work_record_val        = $0040  ; Record value
000000r 1               work_search_result     = $0041  ; Search/comparison result
000000r 1               work_search_max        = $0045  ; Search max value
000000r 1               
000000r 1               ; --- Math Workspace ($20-$27) ---
000000r 1               math_acc_lo            = $20    ; Accumulator low byte
000000r 1               math_acc_mlo           = $21    ; Accumulator mid-low
000000r 1               math_acc_mhi           = $22    ; Accumulator mid-high
000000r 1               math_acc_hi            = $23    ; Accumulator high byte
000000r 1               math_ext               = $24    ; Extension byte
000000r 1               math_temp1             = $25    ; Math temporary 1
000000r 1               math_temp2             = $26    ; Math temporary 2
000000r 1               math_temp3             = $27    ; Math temporary 3
000000r 1               
000000r 1               ; --- Game State ($05xx) ---
000000r 1               state_sub_dispatch     = $0540  ; Sub-state dispatch index
000000r 1               state_display_idx      = $0541  ; Display state index
000000r 1               state_overlay_param    = $0545  ; Overlay/menu parameter
000000r 1               state_palette_mode     = $0547  ; Palette animation mode
000000r 1               
000000r 1               .segment "CODE_BANK0A"
000000r 1               
000000r 1               ;===============================================================================
000000r 1               ; Jump Table - Public entry points ($A000-$A00E)
000000r 1               ;===============================================================================
000000r 1               B0A_Entry00:
000000r 1  4C 0F A0       JMP $A00F                                           ; $A000: 4C 0F A0
000003r 1  4C rr rr       JMP B0B_SubStateDispatch                            ; $A003: 4C 17 D7
000006r 1               B0A_Entry02:
000006r 1  4C rr rr       JMP B0B_ArmyValueCalc                               ; $A006: 4C 3F CF
000009r 1               B0A_Entry03:
000009r 1  4C rr rr       JMP B0B_DataRecordLookup                            ; $A009: 4C 7C CF
00000Cr 1               B0A_Entry04:
00000Cr 1  4C rr rr       JMP B0B_DistanceClamp                               ; $A00C: 4C 0C D0
00000Fr 1  AD 8B 6F       LDA $6F8B                                           ; $A00F: AD 8B 6F
000012r 1  30 2E          BMI LA042                                           ; $A012: 30 2E
000014r 1  C9 01          CMP #$01                                            ; $A014: C9 01
000016r 1  D0 06          BNE LA01E                                           ; $A016: D0 06
000018r 1  20 rr rr       JSR Proc_D4CB                                       ; $A018: 20 CB D4
00001Br 1  4C rr rr       JMP Proc_A8D7                                       ; $A01B: 4C D7 A8
00001Er 1               LA01E:
00001Er 1  20 rr rr       JSR Proc_D4CB                                       ; $A01E: 20 CB D4
000021r 1               LA021:
000021r 1  20 rr rr       JSR Proc_C50E                                       ; $A021: 20 0E C5
000024r 1  20 rr rr       JSR Proc_C5B9                                       ; $A024: 20 B9 C5
000027r 1  20 rr rr       JSR Proc_C79A                                       ; $A027: 20 9A C7
00002Ar 1  AD 03 6F       LDA $6F03                                           ; $A02A: AD 03 6F
00002Dr 1  20 rr rr       JSR Proc_C98F                                       ; $A02D: 20 8F C9
000030r 1  20 rr rr       JSR Proc_D249                                       ; $A030: 20 49 D2
000033r 1  20 12 CC       JSR $CC12                                           ; $A033: 20 12 CC
000036r 1  AD 5B 6F       LDA $6F5B                                           ; $A036: AD 5B 6F
000039r 1  20 rr rr       JSR Proc_D494                                       ; $A039: 20 94 D4
00003Cr 1  43 A0 9C A1    .byte $43,$A0,$9C,$A1,$42,$A0                       ; $A03C: 43 A0 9C A1 42 A0
000040r 1  42 A0        
000042r 1               LA042:
000042r 1  60             RTS                                                 ; $A042: 60
000043r 1               ;===============================================================================
000043r 1               ; $A043: B0A_InitWorkAreas
000043r 1               ;===============================================================================
000043r 1               .proc B0A_InitWorkAreas
000043r 1               
000043r 1  A9 00          LDA #$00                                            ; $A043: A9 00
000045r 1  8D 39 00       STA a:$0039                                         ; $A045: 8D 39 00
000048r 1  8D 3A 00       STA a:$003A                                         ; $A048: 8D 3A 00
00004Br 1  8D 3B 00       STA a:$003B                                         ; $A04B: 8D 3B 00
00004Er 1  8D 3C 00       STA a:$003C                                         ; $A04E: 8D 3C 00
000051r 1  8D 3D 00       STA a:$003D                                         ; $A051: 8D 3D 00
000054r 1  AD 02 6F       LDA $6F02                                           ; $A054: AD 02 6F
000057r 1  0A             ASL A                                               ; $A057: 0A
000058r 1  0A             ASL A                                               ; $A058: 0A
000059r 1  0A             ASL A                                               ; $A059: 0A
00005Ar 1  0D 03 6F       ORA $6F03                                           ; $A05A: 0D 03 6F
00005Dr 1  A8             TAY                                                 ; $A05D: A8
00005Er 1  B9 33 A1       LDA $A133,Y                                         ; $A05E: B9 33 A1
000061r 1  8D 5F 6F       STA $6F5F                                           ; $A061: 8D 5F 6F
000064r 1  B9 4B A1       LDA $A14B,Y                                         ; $A064: B9 4B A1
000067r 1  8D 60 6F       STA $6F60                                           ; $A067: 8D 60 6F
00006Ar 1  B9 63 A1       LDA $A163,Y                                         ; $A06A: B9 63 A1
00006Dr 1  8D 61 6F       STA $6F61                                           ; $A06D: 8D 61 6F
000070r 1  20 rr rr       JSR B0A_ScanMatchData                               ; $A070: 20 D3 A0
000073r 1  AD 38 00       LDA a:$0038                                         ; $A073: AD 38 00
000076r 1  85 20          STA $20                                             ; $A076: 85 20
000078r 1  A9 00          LDA #$00                                            ; $A078: A9 00
00007Ar 1  85 21          STA $21                                             ; $A07A: 85 21
00007Cr 1  85 22          STA $22                                             ; $A07C: 85 22
00007Er 1  A9 64          LDA #$64                                            ; $A07E: A9 64
000080r 1  85 23          STA $23                                             ; $A080: 85 23
000082r 1  20 rr rr       JSR Proc_D438                                       ; $A082: 20 38 D4
000085r 1  A5 26          LDA $26                                             ; $A085: A5 26
000087r 1  85 21          STA $21                                             ; $A087: 85 21
000089r 1  A5 27          LDA $27                                             ; $A089: A5 27
00008Br 1  85 22          STA $22                                             ; $A08B: 85 22
00008Dr 1  AD 37 00       LDA a:$0037                                         ; $A08D: AD 37 00
000090r 1  85 23          STA $23                                             ; $A090: 85 23
000092r 1  A9 00          LDA #$00                                            ; $A092: A9 00
000094r 1  85 24          STA $24                                             ; $A094: 85 24
000096r 1  20 rr rr       JSR Proc_D40F                                       ; $A096: 20 0F D4
000099r 1  A5 21          LDA $21                                             ; $A099: A5 21
00009Br 1  A0 00          LDY #$00                                            ; $A09B: A0 00
00009Dr 1  C9 1F          CMP #$1F                                            ; $A09D: C9 1F
00009Fr 1  90 06          BCC LA0A7                                           ; $A09F: 90 06
0000A1r 1  C8             INY                                                 ; $A0A1: C8
0000A2r 1  C9 47          CMP #$47                                            ; $A0A2: C9 47
0000A4r 1  90 01          BCC LA0A7                                           ; $A0A4: 90 01
0000A6r 1  C8             INY                                                 ; $A0A6: C8
0000A7r 1               LA0A7:
0000A7r 1  84 20          STY $20                                             ; $A0A7: 84 20
0000A9r 1  AD 02 6F       LDA $6F02                                           ; $A0A9: AD 02 6F
0000ACr 1  0A             ASL A                                               ; $A0AC: 0A
0000ADr 1  0A             ASL A                                               ; $A0AD: 0A
0000AEr 1  05 20          ORA $20                                             ; $A0AE: 05 20
0000B0r 1  A8             TAY                                                 ; $A0B0: A8
0000B1r 1  B9 7B A1       LDA $A17B,Y                                         ; $A0B1: B9 7B A1
0000B4r 1  18             CLC                                                 ; $A0B4: 18
0000B5r 1  6D 5F 6F       ADC $6F5F                                           ; $A0B5: 6D 5F 6F
0000B8r 1  8D 5F 6F       STA $6F5F                                           ; $A0B8: 8D 5F 6F
0000BBr 1  B9 86 A1       LDA $A186,Y                                         ; $A0BB: B9 86 A1
0000BEr 1  18             CLC                                                 ; $A0BE: 18
0000BFr 1  6D 60 6F       ADC $6F60                                           ; $A0BF: 6D 60 6F
0000C2r 1  8D 60 6F       STA $6F60                                           ; $A0C2: 8D 60 6F
0000C5r 1  B9 91 A1       LDA $A191,Y                                         ; $A0C5: B9 91 A1
0000C8r 1  18             CLC                                                 ; $A0C8: 18
0000C9r 1  6D 61 6F       ADC $6F61                                           ; $A0C9: 6D 61 6F
0000CCr 1  8D 61 6F       STA $6F61                                           ; $A0CC: 8D 61 6F
0000CFr 1  EE 5B 6F       INC $6F5B                                           ; $A0CF: EE 5B 6F
0000D2r 1  60             RTS                                                 ; $A0D2: 60
0000D3r 1               .endproc
0000D3r 1               LA0A7 = $A0A7
0000D3r 1               
0000D3r 1               
0000D3r 1               ;===============================================================================
0000D3r 1               ; $A0D3: B0A_ScanMatchData
0000D3r 1               ;===============================================================================
0000D3r 1               .proc B0A_ScanMatchData
0000D3r 1               
0000D3r 1  A0 30          LDY #$30                                            ; $A0D3: A0 30
0000D5r 1  20 66 F2       JSR B1F_SwitchBank8_A                               ; $A0D5: 20 66 F2
0000D8r 1  A9 00          LDA #$00                                            ; $A0D8: A9 00
0000DAr 1  8D 36 00       STA a:$0036                                         ; $A0DA: 8D 36 00
0000DDr 1  8D 37 00       STA a:$0037                                         ; $A0DD: 8D 37 00
0000E0r 1  8D 38 00       STA a:$0038                                         ; $A0E0: 8D 38 00
0000E3r 1               LA0E3:
0000E3r 1  A9 00          LDA #$00                                            ; $A0E3: A9 00
0000E5r 1  8D 39 00       STA a:$0039                                         ; $A0E5: 8D 39 00
0000E8r 1  AD 36 00       LDA a:$0036                                         ; $A0E8: AD 36 00
0000EBr 1  0A             ASL A                                               ; $A0EB: 0A
0000ECr 1  0A             ASL A                                               ; $A0EC: 0A
0000EDr 1  0A             ASL A                                               ; $A0ED: 0A
0000EEr 1  A8             TAY                                                 ; $A0EE: A8
0000EFr 1               LA0EF:
0000EFr 1  B9 72 9D       LDA $9D72,Y                                         ; $A0EF: B9 72 9D
0000F2r 1  30 34          BMI LA128                                           ; $A0F2: 30 34
0000F4r 1  85 23          STA $23                                             ; $A0F4: 85 23
0000F6r 1  84 24          STY $24                                             ; $A0F6: 84 24
0000F8r 1  20 rr rr       JSR Proc_D105                                       ; $A0F8: 20 05 D1
0000FBr 1  29 07          AND #$07                                            ; $A0FB: 29 07
0000FDr 1  C9 07          CMP #$07                                            ; $A0FD: C9 07
0000FFr 1  F0 05          BEQ LA106                                           ; $A0FF: F0 05
000101r 1  CD 03 6F       CMP $6F03                                           ; $A101: CD 03 6F
000104r 1  D0 13          .byte $D0,$13                                       ; $A104: D0 13 (BNE mid-instruction target)
000106r 1               LA106:
000106r 1  EE 37 00       INC a:$0037                                         ; $A106: EE 37 00
000109r 1  AD 36 00       LDA a:$0036                                         ; $A109: AD 36 00
00010Cr 1  20 rr rr       JSR Proc_D304                                       ; $A10C: 20 04 D3
00010Fr 1  C9 04          CMP #$04                                            ; $A10F: C9 04
000111r 1  B0 06          .byte $B0,$06                                       ; $A111: B0 06 (BCS mid-instruction target)
000113r 1  EE 38 00       INC a:$0038                                         ; $A113: EE 38 00
000116r 1  4C rr rr       JMP LA128                                           ; $A116: 4C 28 A1
000119r 1  A5 23          LDA $23                                             ; $A119: A5 23
00011Br 1  A4 24          LDY $24                                             ; $A11B: A4 24
00011Dr 1  C8             INY                                                 ; $A11D: C8
00011Er 1  EE 39 00       INC a:$0039                                         ; $A11E: EE 39 00
000121r 1  AE 39 00       LDX a:$0039                                         ; $A121: AE 39 00
000124r 1  E0 08          CPX #$08                                            ; $A124: E0 08
000126r 1  90 C7          BCC LA0EF                                           ; $A126: 90 C7
000128r 1               LA128:
000128r 1  EE 36 00       INC a:$0036                                         ; $A128: EE 36 00
00012Br 1  AD 36 00       LDA a:$0036                                         ; $A12B: AD 36 00
00012Er 1  C9 1E          CMP #$1E                                            ; $A12E: C9 1E
000130r 1  90 B1          BCC LA0E3                                           ; $A130: 90 B1
000132r 1  60             RTS                                                 ; $A132: 60
000133r 1               .endproc
000133r 1               LA0E3 = $A0E3
000133r 1               LA0EF = $A0EF
000133r 1               LA106 = $A106
000133r 1               LA128 = $A128
000133r 1               
000133r 1               
000133r 1               ;===============================================================================
000133r 1               ; $A133: Proc_A133
000133r 1               ;===============================================================================
000133r 1               .proc Proc_A133
000133r 1               
000133r 1  0D 08 0A       ORA $0A08                                           ; $A133: 0D 08 0A
000136r 1  0A             ASL A                                               ; $A136: 0A
000137r 1  04 06 07 00    .byte $04,$06,$07,$00,$0C,$07,$06,$08,$04,$02,$04,$00,$09,$08,$08,$08; $A137: 04 06 07 00 0C 07 06 08 04 02 04 00 09 08 08 08
00013Br 1  0C 07 06 08  
00013Fr 1  04 02 04 00  
000147r 1  05 02 06 00    .byte $05,$02,$06,$00,$03,$05,$04,$04,$04,$06,$05,$00,$04,$06,$08,$06; $A147: 05 02 06 00 03 05 04 04 04 06 05 00 04 06 08 06
00014Br 1  03 05 04 04  
00014Fr 1  04 06 05 00  
000157r 1  06 0A 08 00    .byte $06,$0A,$08,$00,$06,$06,$06,$07,$08,$0B,$08,$00,$04,$07,$06,$06; $A157: 06 0A 08 00 06 06 06 07 08 0B 08 00 04 07 06 06
00015Br 1  06 06 06 07  
00015Fr 1  08 0B 08 00  
000167r 1  0C 08 08 00    .byte $0C,$08,$08,$00,$04,$07,$06,$06,$0A,$08,$08,$00,$05,$06,$06,$05; $A167: 0C 08 08 00 04 07 06 06 0A 08 08 00 05 06 06 05
00016Br 1  04 07 06 06  
00016Fr 1  0A 08 08 00  
000177r 1  07 07 06 00    .byte $07,$07,$06,$00,$02,$04,$05,$00,$00,$03,$05,$00,$01,$02,$04,$02; $A177: 07 07 06 00 02 04 05 00 00 03 05 00 01 02 04 02
00017Br 1  02 04 05 00  
00017Fr 1  00 03 05 00  
000187r 1  02 00 00 04    .byte $02,$00,$00,$04,$03,$00,$00,$03,$02,$01,$02,$00,$01,$00,$02,$00; $A187: 02 00 00 04 03 00 00 03 02 01 02 00 01 00 02 00
00018Br 1  03 00 00 03  
00018Fr 1  02 01 02 00  
000197r 1  01 00 02 02    .byte $01,$00,$02,$02,$01                           ; $A197: 01 00 02 02 01
00019Br 1  01           
00019Cr 1               .endproc
00019Cr 1               
00019Cr 1               ;===============================================================================
00019Cr 1               ; $A19C: B0A_SumAndCompare
00019Cr 1               ;===============================================================================
00019Cr 1               .proc B0A_SumAndCompare
00019Cr 1               
00019Cr 1  AD 5F 6F       LDA $6F5F                                           ; $A19C: AD 5F 6F
00019Fr 1  18             CLC                                                 ; $A19F: 18
0001A0r 1  6D 60 6F       ADC $6F60                                           ; $A1A0: 6D 60 6F
0001A3r 1  85 21          STA $21                                             ; $A1A3: 85 21
0001A5r 1  18             CLC                                                 ; $A1A5: 18
0001A6r 1  6D 61 6F       ADC $6F61                                           ; $A1A6: 6D 61 6F
0001A9r 1  20 rr rr       JSR Proc_D4AD                                       ; $A1A9: 20 AD D4
0001ACr 1  A0 00          LDY #$00                                            ; $A1AC: A0 00
0001AEr 1  CD 5F 6F       CMP $6F5F                                           ; $A1AE: CD 5F 6F
0001B1r 1  90 06          BCC LA1B9                                           ; $A1B1: 90 06
0001B3r 1  C8             INY                                                 ; $A1B3: C8
0001B4r 1  C5 21          CMP $21                                             ; $A1B4: C5 21
0001B6r 1  90 01          BCC LA1B9                                           ; $A1B6: 90 01
0001B8r 1  C8             INY                                                 ; $A1B8: C8
0001B9r 1               LA1B9:
0001B9r 1  98             TYA                                                 ; $A1B9: 98
0001BAr 1  29 03          AND #$03                                            ; $A1BA: 29 03
0001BCr 1  20 rr rr       JSR Proc_D494                                       ; $A1BC: 20 94 D4
0001BFr 1  C5 A1          CMP $A1                                             ; $A1BF: C5 A1
0001C1r 1               B0B_StateMachine:
0001C1r 1  9C B4 C7 BE    .byte $9C,$B4,$C7,$BE,$AD,$02,$6F,$C9,$02,$F0,$0C,$A9,$64,$20,$BB,$D4; $A1C1: 9C B4 C7 BE AD 02 6F C9 02 F0 0C A9 64 20 BB D4
0001C5r 1  AD 02 6F C9  
0001C9r 1  02 F0 0C A9  
0001D1r 1  C9 14 B0 0F    .byte $C9,$14,$B0,$0F,$4C,$0E,$B1,$A9,$64,$20,$BB,$D4,$C9,$1E,$B0,$03; $A1D1: C9 14 B0 0F 4C 0E B1 A9 64 20 BB D4 C9 1E B0 03
0001D5r 1  4C 0E B1 A9  
0001D9r 1  64 20 BB D4  
0001E1r 1  4C 0E B1 AD    .byte $4C,$0E,$B1,$AD,$02,$6F,$F0,$15,$C9,$02,$F0,$1B,$AD,$00,$6F,$C9; $A1E1: 4C 0E B1 AD 02 6F F0 15 C9 02 F0 1B AD 00 6F C9
0001E5r 1  02 6F F0 15  
0001E9r 1  C9 02 F0 1B  
0001F1r 1  5A B0 14 AD    .byte $5A,$B0,$14,$AD,$01,$6F,$C9,$06,$B0,$0D,$4C,$3D,$A2,$AD,$00,$6F; $A1F1: 5A B0 14 AD 01 6F C9 06 B0 0D 4C 3D A2 AD 00 6F
0001F5r 1  01 6F C9 06  
0001F9r 1  B0 0D 4C 3D  
000201r 1  C9 5A B0 03    .byte $C9,$5A,$B0,$03,$4C,$3D,$A2,$A9,$00,$8D,$44,$00,$20,$40,$A2,$EE; $A201: C9 5A B0 03 4C 3D A2 A9 00 8D 44 00 20 40 A2 EE
000205r 1  4C 3D A2 A9  
000209r 1  00 8D 44 00  
000211r 1  37 00 EE 37    .byte $37,$00,$EE,$37,$00,$EE,$37,$00,$AD,$37,$00,$C9,$0A,$90,$05,$A9; $A211: 37 00 EE 37 00 EE 37 00 AD 37 00 C9 0A 90 05 A9
000215r 1  00 EE 37 00  
000219r 1  AD 37 00 C9  
000221r 1  0A 8D 37 00    .byte $0A,$8D,$37,$00,$AD,$3A,$00,$20,$04,$D3,$CD,$37,$00,$B0,$03,$20; $A221: 0A 8D 37 00 AD 3A 00 20 04 D3 CD 37 00 B0 03 20
000225r 1  AD 3A 00 20  
000229r 1  04 D3 CD 37  
000231r 1  03 A3 20 5C    .byte $03,$A3,$20,$5C,$A4,$20,$BC,$A6,$20,$9C,$A7,$60; $A231: 03 A3 20 5C A4 20 BC A6 20 9C A7 60
000235r 1  A4 20 BC A6  
000239r 1  20 9C A7 60  
00023Dr 1               .endproc
00023Dr 1               LA1B9 = $A1B9
00023Dr 1               B0B_StateMachine = $A1C1
00023Dr 1               
00023Dr 1               
00023Dr 1               ;===============================================================================
00023Dr 1               ; $A23D: B0B_JumpToBEC7
00023Dr 1               ;===============================================================================
00023Dr 1               .proc B0B_JumpToBEC7
00023Dr 1               
00023Dr 1  4C C7 BE       JMP $BEC7                                           ; $A23D: 4C C7 BE
000240r 1  A0 30          LDY #$30                                            ; $A240: A0 30
000242r 1  20 66 F2       JSR B1F_SwitchBank8_A                               ; $A242: 20 66 F2
000245r 1  A9 00          LDA #$00                                            ; $A245: A9 00
000247r 1  8D 36 00       STA a:$0036                                         ; $A247: 8D 36 00
00024Ar 1  A9 FF          LDA #$FF                                            ; $A24A: A9 FF
00024Cr 1  8D 37 00       STA a:$0037                                         ; $A24C: 8D 37 00
00024Fr 1  8D 38 00       STA a:$0038                                         ; $A24F: 8D 38 00
000252r 1  8D 3A 00       STA a:$003A                                         ; $A252: 8D 3A 00
000255r 1  A9 00          LDA #$00                                            ; $A255: A9 00
000257r 1  8D 39 00       STA a:$0039                                         ; $A257: 8D 39 00
00025Ar 1  AD 36 00       LDA a:$0036                                         ; $A25A: AD 36 00
00025Dr 1  20 rr rr       JSR Proc_D105                                       ; $A25D: 20 05 D1
000260r 1  CD 03 6F       CMP $6F03                                           ; $A260: CD 03 6F
000263r 1  D0 63          .byte $D0,$63                                       ; $A263: D0 63 (BNE mid-instruction target)
000265r 1  20 07 D3       JSR $D307                                           ; $A265: 20 07 D3
000268r 1  85 26          STA $26                                             ; $A268: 85 26
00026Ar 1  AD 36 00       LDA a:$0036                                         ; $A26A: AD 36 00
00026Dr 1  0A             ASL A                                               ; $A26D: 0A
00026Er 1  0A             ASL A                                               ; $A26E: 0A
00026Fr 1  0A             ASL A                                               ; $A26F: 0A
000270r 1  85 24          STA $24                                             ; $A270: 85 24
000272r 1  A4 24          LDY $24                                             ; $A272: A4 24
000274r 1  B9 72 9D       LDA $9D72,Y                                         ; $A274: B9 72 9D
000277r 1  30 4F          .byte $30,$4F                                       ; $A277: 30 4F (BMI mid-instruction target)
000279r 1  85 25          STA $25                                             ; $A279: 85 25
00027Br 1  20 rr rr       JSR Proc_D105                                       ; $A27B: 20 05 D1
00027Er 1  29 07          AND #$07                                            ; $A27E: 29 07
000280r 1  C9 07          CMP #$07                                            ; $A280: C9 07
000282r 1  F0 3F          BEQ LA2C3                                           ; $A282: F0 3F
000284r 1  CD 03 6F       CMP $6F03                                           ; $A284: CD 03 6F
000287r 1  F0 3A          BEQ LA2C3                                           ; $A287: F0 3A
000289r 1  20 rr rr       JSR B0A_BitMaskLookup                               ; $A289: 20 D3 A2
00028Cr 1  D0 35          BNE LA2C3                                           ; $A28C: D0 35
00028Er 1  20 07 D3       JSR $D307                                           ; $A28E: 20 07 D3
000291r 1  CD 37 00       CMP a:$0037                                         ; $A291: CD 37 00
000294r 1  F0 02          BEQ LA298                                           ; $A294: F0 02
000296r 1  B0 2B          BCS LA2C3                                           ; $A296: B0 2B
000298r 1               LA298:
000298r 1  8D 37 00       STA a:$0037                                         ; $A298: 8D 37 00
00029Br 1  A5 25          LDA $25                                             ; $A29B: A5 25
00029Dr 1  CD 38 00       CMP a:$0038                                         ; $A29D: CD 38 00
0002A0r 1  D0 13          .byte $D0,$13                                       ; $A2A0: D0 13 (BNE mid-instruction target)
0002A2r 1  A5 26          LDA $26                                             ; $A2A2: A5 26
0002A4r 1  CD 39 00       CMP a:$0039                                         ; $A2A4: CD 39 00
0002A7r 1  90 1A          BCC LA2C3                                           ; $A2A7: 90 1A
0002A9r 1  8D 39 00       STA a:$0039                                         ; $A2A9: 8D 39 00
0002ACr 1  AD 36 00       LDA a:$0036                                         ; $A2AC: AD 36 00
0002AFr 1  8D 3A 00       STA a:$003A                                         ; $A2AF: 8D 3A 00
0002B2r 1  4C rr rr       JMP LA2C3                                           ; $A2B2: 4C C3 A2
0002B5r 1  8D 38 00       STA a:$0038                                         ; $A2B5: 8D 38 00
0002B8r 1  A5 26          LDA $26                                             ; $A2B8: A5 26
0002BAr 1  8D 39 00       STA a:$0039                                         ; $A2BA: 8D 39 00
0002BDr 1  AD 36 00       LDA a:$0036                                         ; $A2BD: AD 36 00
0002C0r 1  8D 3A 00       STA a:$003A                                         ; $A2C0: 8D 3A 00
0002C3r 1               LA2C3:
0002C3r 1  E6 24          INC $24                                             ; $A2C3: E6 24
0002C5r 1  4C 72 A2       JMP $A272                                           ; $A2C5: 4C 72 A2
0002C8r 1  EE 36 00       INC a:$0036                                         ; $A2C8: EE 36 00
0002CBr 1  AD 36 00       LDA a:$0036                                         ; $A2CB: AD 36 00
0002CEr 1  C9 1E          CMP #$1E                                            ; $A2CE: C9 1E
0002D0r 1  90 88          .byte $90,$88                                       ; $A2D0: 90 88 (BCC mid-instruction target)
0002D2r 1  60             RTS                                                 ; $A2D2: 60
0002D3r 1               .endproc
0002D3r 1               LA298 = $A298
0002D3r 1               LA2C3 = $A2C3
0002D3r 1               
0002D3r 1               
0002D3r 1               ;===============================================================================
0002D3r 1               ; $A2D3: B0A_BitMaskLookup
0002D3r 1               ;===============================================================================
0002D3r 1               .proc B0A_BitMaskLookup
0002D3r 1               
0002D3r 1  48             PHA                                                 ; $A2D3: 48
0002D4r 1  A5 24          LDA $24                                             ; $A2D4: A5 24
0002D6r 1  48             PHA                                                 ; $A2D6: 48
0002D7r 1  A5 25          LDA $25                                             ; $A2D7: A5 25
0002D9r 1  48             PHA                                                 ; $A2D9: 48
0002DAr 1  AD 03 6F       LDA $6F03                                           ; $A2DA: AD 03 6F
0002DDr 1  20 rr rr       JSR Proc_D319                                       ; $A2DD: 20 19 D3
0002E0r 1  A5 24          LDA $24                                             ; $A2E0: A5 24
0002E2r 1  85 22          STA $22                                             ; $A2E2: 85 22
0002E4r 1  A5 25          LDA $25                                             ; $A2E4: A5 25
0002E6r 1  85 23          STA $23                                             ; $A2E6: 85 23
0002E8r 1  68             PLA                                                 ; $A2E8: 68
0002E9r 1  85 25          STA $25                                             ; $A2E9: 85 25
0002EBr 1  68             PLA                                                 ; $A2EB: 68
0002ECr 1  85 24          STA $24                                             ; $A2EC: 85 24
0002EEr 1  68             PLA                                                 ; $A2EE: 68
0002EFr 1  AA             TAX                                                 ; $A2EF: AA
0002F0r 1  4A             LSR A                                               ; $A2F0: 4A
0002F1r 1  18             CLC                                                 ; $A2F1: 18
0002F2r 1  69 04          ADC #$04                                            ; $A2F2: 69 04
0002F4r 1  A8             TAY                                                 ; $A2F4: A8
0002F5r 1  B1 22          LDA ($22),Y                                         ; $A2F5: B1 22
0002F7r 1  3D FB A2       AND $A2FB,X                                         ; $A2F7: 3D FB A2
0002FAr 1  60             RTS                                                 ; $A2FA: 60
0002FBr 1  0F F0 0F F0    .byte $0F,$F0,$0F,$F0,$0F,$F0,$0F,$F0               ; $A2FB: 0F F0 0F F0 0F F0 0F F0
0002FFr 1  0F F0 0F F0  
000303r 1               .endproc
000303r 1               
000303r 1               ;===============================================================================
000303r 1               ; $A303: B0A_ProvinceSearch
000303r 1               ;===============================================================================
000303r 1               .proc B0A_ProvinceSearch
000303r 1               
000303r 1  20 rr rr       JSR Proc_D249                                       ; $A303: 20 49 D2
000306r 1  8D 45 00       STA a:$0045                                         ; $A306: 8D 45 00
000309r 1  20 rr rr       JSR B0B_LoadRecord                                  ; $A309: 20 3A D0
00030Cr 1  AC 03 6F       LDY $6F03                                           ; $A30C: AC 03 6F
00030Fr 1  B9 C6 A3       LDA $A3C6,Y                                         ; $A30F: B9 C6 A3
000312r 1  8D 41 00       STA a:$0041                                         ; $A312: 8D 41 00
000315r 1  A9 00          LDA #$00                                            ; $A315: A9 00
000317r 1  8D 36 00       STA a:$0036                                         ; $A317: 8D 36 00
00031Ar 1               LA31A:
00031Ar 1  AD 36 00       LDA a:$0036                                         ; $A31A: AD 36 00
00031Dr 1  CD 3A 00       CMP a:$003A                                         ; $A31D: CD 3A 00
000320r 1  F0 39          BEQ LA35B                                           ; $A320: F0 39
000322r 1  CD 45 00       CMP a:$0045                                         ; $A322: CD 45 00
000325r 1  F0 34          BEQ LA35B                                           ; $A325: F0 34
000327r 1  20 rr rr       JSR Proc_D105                                       ; $A327: 20 05 D1
00032Ar 1  CD 03 6F       CMP $6F03                                           ; $A32A: CD 03 6F
00032Dr 1  D0 2C          BNE LA35B                                           ; $A32D: D0 2C
00032Fr 1  20 rr rr       JSR Proc_D1A4                                       ; $A32F: 20 A4 D1
000332r 1  D0 27          BNE LA35B                                           ; $A332: D0 27
000334r 1  AE 3A 00       LDX a:$003A                                         ; $A334: AE 3A 00
000337r 1  AC 36 00       LDY a:$0036                                         ; $A337: AC 36 00
00033Ar 1  20 rr rr       JSR Proc_D583                                       ; $A33A: 20 83 D5
00033Dr 1  C9 FF          CMP #$FF                                            ; $A33D: C9 FF
00033Fr 1  D0 1A          BNE LA35B                                           ; $A33F: D0 1A
000341r 1  AD 36 00       LDA a:$0036                                         ; $A341: AD 36 00
000344r 1  20 rr rr       JSR Proc_D304                                       ; $A344: 20 04 D3
000347r 1  CD 41 00       CMP a:$0041                                         ; $A347: CD 41 00
00034Ar 1  90 0F          BCC LA35B                                           ; $A34A: 90 0F
00034Cr 1  20 rr rr       JSR B0A_CompareValues                               ; $A34C: 20 D6 A3
00034Fr 1  AD 3A 00       LDA a:$003A                                         ; $A34F: AD 3A 00
000352r 1  20 rr rr       JSR Proc_D304                                       ; $A352: 20 04 D3
000355r 1  CD 37 00       CMP a:$0037                                         ; $A355: CD 37 00
000358r 1  90 C0          BCC LA31A                                           ; $A358: 90 C0
00035Ar 1  60             RTS                                                 ; $A35A: 60
00035Br 1               LA35B:
00035Br 1  EE 36 00       INC a:$0036                                         ; $A35B: EE 36 00
00035Er 1  AD 36 00       LDA a:$0036                                         ; $A35E: AD 36 00
000361r 1  C9 1E          CMP #$1E                                            ; $A361: C9 1E
000363r 1  90 B5          BCC LA31A                                           ; $A363: 90 B5
000365r 1  AC 03 6F       LDY $6F03                                           ; $A365: AC 03 6F
000368r 1  B9 CE A3       LDA $A3CE,Y                                         ; $A368: B9 CE A3
00036Br 1  8D 41 00       STA a:$0041                                         ; $A36B: 8D 41 00
00036Er 1  A9 00          LDA #$00                                            ; $A36E: A9 00
000370r 1  8D 36 00       STA a:$0036                                         ; $A370: 8D 36 00
000373r 1               LA373:
000373r 1  AD 36 00       LDA a:$0036                                         ; $A373: AD 36 00
000376r 1  CD 3A 00       CMP a:$003A                                         ; $A376: CD 3A 00
000379r 1  F0 3C          .byte $F0,$3C                                       ; $A379: F0 3C (BEQ mid-instruction target)
00037Br 1  20 rr rr       JSR Proc_D105                                       ; $A37B: 20 05 D1
00037Er 1  CD 03 6F       CMP $6F03                                           ; $A37E: CD 03 6F
000381r 1  D0 34          .byte $D0,$34                                       ; $A381: D0 34 (BNE mid-instruction target)
000383r 1  AD 36 00       LDA a:$0036                                         ; $A383: AD 36 00
000386r 1  CD 45 00       CMP a:$0045                                         ; $A386: CD 45 00
000389r 1  F0 05          BEQ LA390                                           ; $A389: F0 05
00038Br 1  20 rr rr       JSR Proc_D1A4                                       ; $A38B: 20 A4 D1
00038Er 1  F0 27          .byte $F0,$27                                       ; $A38E: F0 27 (BEQ mid-instruction target)
000390r 1               LA390:
000390r 1  AE 3A 00       LDX a:$003A                                         ; $A390: AE 3A 00
000393r 1  AC 36 00       LDY a:$0036                                         ; $A393: AC 36 00
000396r 1  20 rr rr       JSR Proc_D583                                       ; $A396: 20 83 D5
000399r 1  C9 FF          CMP #$FF                                            ; $A399: C9 FF
00039Br 1  D0 1A          .byte $D0,$1A                                       ; $A39B: D0 1A (BNE mid-instruction target)
00039Dr 1  AD 36 00       LDA a:$0036                                         ; $A39D: AD 36 00
0003A0r 1  20 rr rr       JSR Proc_D304                                       ; $A3A0: 20 04 D3
0003A3r 1  CD 41 00       CMP a:$0041                                         ; $A3A3: CD 41 00
0003A6r 1  90 0F          .byte $90,$0F                                       ; $A3A6: 90 0F (BCC mid-instruction target)
0003A8r 1  20 rr rr       JSR B0A_CompareValues                               ; $A3A8: 20 D6 A3
0003ABr 1  AD 3A 00       LDA a:$003A                                         ; $A3AB: AD 3A 00
0003AEr 1  20 rr rr       JSR Proc_D304                                       ; $A3AE: 20 04 D3
0003B1r 1  CD 37 00       CMP a:$0037                                         ; $A3B1: CD 37 00
0003B4r 1  90 BD          BCC LA373                                           ; $A3B4: 90 BD
0003B6r 1  60             RTS                                                 ; $A3B6: 60
0003B7r 1  EE 36 00       INC a:$0036                                         ; $A3B7: EE 36 00
0003BAr 1  AD 36 00       LDA a:$0036                                         ; $A3BA: AD 36 00
0003BDr 1  C9 1E          CMP #$1E                                            ; $A3BD: C9 1E
0003BFr 1  90 B2          BCC LA373                                           ; $A3BF: 90 B2
0003C1r 1  68             PLA                                                 ; $A3C1: 68
0003C2r 1  68             PLA                                                 ; $A3C2: 68
0003C3r 1  4C rr rr       JMP B0B_JumpToBEC7                                  ; $A3C3: 4C 3D A2
0003C6r 1  02 03 03 02    .byte $02,$03,$03,$02,$03,$03,$02,$02,$04,$05,$04,$03,$04,$05,$04,$04; $A3C6: 02 03 03 02 03 03 02 02 04 05 04 03 04 05 04 04
0003CAr 1  03 03 02 02  
0003CEr 1  04 05 04 03  
0003D6r 1               .endproc
0003D6r 1               LA31A = $A31A
0003D6r 1               LA35B = $A35B
0003D6r 1               LA373 = $A373
0003D6r 1               LA390 = $A390
0003D6r 1               
0003D6r 1               
0003D6r 1               ;===============================================================================
0003D6r 1               ; $A3D6: B0A_CompareValues
0003D6r 1               ;===============================================================================
0003D6r 1               .proc B0A_CompareValues
0003D6r 1               
0003D6r 1  AD 36 00       LDA a:$0036                                         ; $A3D6: AD 36 00
0003D9r 1  8D 3B 00       STA a:$003B                                         ; $A3D9: 8D 3B 00
0003DCr 1  AD 3B 00       LDA a:$003B                                         ; $A3DC: AD 3B 00
0003DFr 1  20 rr rr       JSR Proc_D105                                       ; $A3DF: 20 05 D1
0003E2r 1  AD 03 6F       LDA $6F03                                           ; $A3E2: AD 03 6F
0003E5r 1  20 rr rr       JSR Proc_D319                                       ; $A3E5: 20 19 D3
0003E8r 1  A0 00          LDY #$00                                            ; $A3E8: A0 00
0003EAr 1  B1 24          LDA ($24),Y                                         ; $A3EA: B1 24
0003ECr 1  85 27          STA $27                                             ; $A3EC: 85 27
0003EEr 1  A9 11          LDA #$11                                            ; $A3EE: A9 11
0003F0r 1  85 24          STA $24                                             ; $A3F0: 85 24
0003F2r 1  A9 00          LDA #$00                                            ; $A3F2: A9 00
0003F4r 1  85 25          STA $25                                             ; $A3F4: 85 25
0003F6r 1  85 26          STA $26                                             ; $A3F6: 85 26
0003F8r 1  A4 24          LDY $24                                             ; $A3F8: A4 24
0003FAr 1  B1 20          LDA ($20),Y                                         ; $A3FA: B1 20
0003FCr 1  C9 FF          CMP #$FF                                            ; $A3FC: C9 FF
0003FEr 1  F0 28          BEQ LA428                                           ; $A3FE: F0 28
000400r 1  C5 27          CMP $27                                             ; $A400: C5 27
000402r 1  F0 24          BEQ LA428                                           ; $A402: F0 24
000404r 1  AE 44 00       LDX a:$0044                                         ; $A404: AE 44 00
000407r 1  F0 0B          .byte $F0,$0B                                       ; $A407: F0 0B (BEQ mid-instruction target)
000409r 1  A6 24          LDX $24                                             ; $A409: A6 24
00040Br 1  E0 11          CPX #$11                                            ; $A40B: E0 11
00040Dr 1  F0 19          BEQ LA428                                           ; $A40D: F0 19
00040Fr 1  A0 03          LDY #$03                                            ; $A40F: A0 03
000411r 1  4C 16 A4       JMP $A416                                           ; $A411: 4C 16 A4
000414r 1  A0 01          LDY #$01                                            ; $A414: A0 01
000416r 1  20 AB D2       JSR $D2AB                                           ; $A416: 20 AB D2
000419r 1  C5 25          CMP $25                                             ; $A419: C5 25
00041Br 1  90 0B          BCC LA428                                           ; $A41B: 90 0B
00041Dr 1  85 25          STA $25                                             ; $A41D: 85 25
00041Fr 1  A4 24          LDY $24                                             ; $A41F: A4 24
000421r 1  84 26          STY $26                                             ; $A421: 84 26
000423r 1  B1 20          LDA ($20),Y                                         ; $A423: B1 20
000425r 1  8D 3C 00       STA a:$003C                                         ; $A425: 8D 3C 00
000428r 1               LA428:
000428r 1  E6 24          INC $24                                             ; $A428: E6 24
00042Ar 1  A5 24          LDA $24                                             ; $A42A: A5 24
00042Cr 1  C9 1B          CMP #$1B                                            ; $A42C: C9 1B
00042Er 1  90 C8          .byte $90,$C8                                       ; $A42E: 90 C8 (BCC mid-instruction target)
000430r 1  A4 26          LDY $26                                             ; $A430: A4 26
000432r 1  A9 FF          LDA #$FF                                            ; $A432: A9 FF
000434r 1  91 20          STA ($20),Y                                         ; $A434: 91 20
000436r 1  AD 3B 00       LDA a:$003B                                         ; $A436: AD 3B 00
000439r 1  20 rr rr       JSR Proc_D3DD                                       ; $A439: 20 DD D3
00043Cr 1  AD 3A 00       LDA a:$003A                                         ; $A43C: AD 3A 00
00043Fr 1  20 rr rr       JSR Proc_D105                                       ; $A43F: 20 05 D1
000442r 1  A0 10          LDY #$10                                            ; $A442: A0 10
000444r 1  C8             INY                                                 ; $A444: C8
000445r 1  B1 20          LDA ($20),Y                                         ; $A445: B1 20
000447r 1  C9 FF          CMP #$FF                                            ; $A447: C9 FF
000449r 1  D0 F9          .byte $D0,$F9                                       ; $A449: D0 F9 (BNE mid-instruction target)
00044Br 1  AD 3C 00       LDA a:$003C                                         ; $A44B: AD 3C 00
00044Er 1  91 20          STA ($20),Y                                         ; $A44E: 91 20
000450r 1  A9 02          LDA #$02                                            ; $A450: A9 02
000452r 1  20 rr rr       JSR Proc_D165                                       ; $A452: 20 65 D1
000455r 1  AD 3B 00       LDA a:$003B                                         ; $A455: AD 3B 00
000458r 1  8D 36 00       STA a:$0036                                         ; $A458: 8D 36 00
00045Br 1  60             RTS                                                 ; $A45B: 60
00045Cr 1               .endproc
00045Cr 1               LA428 = $A428
00045Cr 1               
00045Cr 1               
00045Cr 1               ;===============================================================================
00045Cr 1               ; $A45C: Proc_A45C
00045Cr 1               ;===============================================================================
00045Cr 1               .proc Proc_A45C
00045Cr 1               
00045Cr 1  A9 11          LDA #$11                                            ; $A45C: A9 11
00045Er 1  8D 3C 00       STA a:$003C                                         ; $A45E: 8D 3C 00
000461r 1               B0A_MathHelper:
000461r 1  AD 3A 00       LDA a:$003A                                         ; $A461: AD 3A 00
000464r 1  20 rr rr       JSR Proc_D105                                       ; $A464: 20 05 D1
000467r 1  AC 3C 00       LDY a:$003C                                         ; $A467: AC 3C 00
00046Ar 1  B1 20          LDA ($20),Y                                         ; $A46A: B1 20
00046Cr 1  C9 FF          CMP #$FF                                            ; $A46C: C9 FF
00046Er 1  F0 06          .byte $F0,$06                                       ; $A46E: F0 06 (BEQ mid-instruction target)
000470r 1  8D 3B 00       STA a:$003B                                         ; $A470: 8D 3B 00
000473r 1  20 rr rr       JSR B0A_ArmyDispatch                                ; $A473: 20 81 A4
000476r 1  EE 3C 00       INC a:$003C                                         ; $A476: EE 3C 00
000479r 1  AD 3C 00       LDA a:$003C                                         ; $A479: AD 3C 00
00047Cr 1  C9 1B          CMP #$1B                                            ; $A47C: C9 1B
00047Er 1  90 E1          BCC B0A_MathHelper                                  ; $A47E: 90 E1
000480r 1  60             RTS                                                 ; $A480: 60
000481r 1               .endproc
000481r 1               B0A_MathHelper = $A461
000481r 1               
000481r 1               
000481r 1               ;===============================================================================
000481r 1               ; $A481: B0A_ArmyDispatch
000481r 1               ;===============================================================================
000481r 1               .proc B0A_ArmyDispatch
000481r 1               
000481r 1  AD 3A 00       LDA a:$003A                                         ; $A481: AD 3A 00
000484r 1  20 rr rr       JSR Proc_D105                                       ; $A484: 20 05 D1
000487r 1  AD 3B 00       LDA a:$003B                                         ; $A487: AD 3B 00
00048Ar 1  A0 08          LDY #$08                                            ; $A48A: A0 08
00048Cr 1  20 AB D2       JSR $D2AB                                           ; $A48C: 20 AB D2
00048Fr 1  85 2A          STA $2A                                             ; $A48F: 85 2A
000491r 1  C8             INY                                                 ; $A491: C8
000492r 1  B1 22          LDA ($22),Y                                         ; $A492: B1 22
000494r 1  29 03          AND #$03                                            ; $A494: 29 03
000496r 1  85 2B          STA $2B                                             ; $A496: 85 2B
000498r 1  A9 E8          LDA #$E8                                            ; $A498: A9 E8
00049Ar 1  38             SEC                                                 ; $A49A: 38
00049Br 1  E5 2A          SBC $2A                                             ; $A49B: E5 2A
00049Dr 1  8D 40 00       STA a:$0040                                         ; $A49D: 8D 40 00
0004A0r 1  85 2C          STA $2C                                             ; $A4A0: 85 2C
0004A2r 1  A9 03          LDA #$03                                            ; $A4A2: A9 03
0004A4r 1  E5 2B          SBC $2B                                             ; $A4A4: E5 2B
0004A6r 1  8D 41 00       STA a:$0041                                         ; $A4A6: 8D 41 00
0004A9r 1  85 2D          STA $2D                                             ; $A4A9: 85 2D
0004ABr 1  A5 2C          LDA $2C                                             ; $A4AB: A5 2C
0004ADr 1  05 2D          ORA $2D                                             ; $A4AD: 05 2D
0004AFr 1  D0 01          BNE B0A_ArmyLoop                                    ; $A4AF: D0 01
0004B1r 1  60             RTS                                                 ; $A4B1: 60
0004B2r 1               B0A_ArmyLoop:
0004B2r 1  A0 0C          LDY #$0C                                            ; $A4B2: A0 0C
0004B4r 1  AD 40 00       LDA a:$0040                                         ; $A4B4: AD 40 00
0004B7r 1  38             SEC                                                 ; $A4B7: 38
0004B8r 1  F1 20          SBC ($20),Y                                         ; $A4B8: F1 20
0004BAr 1  8D 42 00       STA a:$0042                                         ; $A4BA: 8D 42 00
0004BDr 1  C8             INY                                                 ; $A4BD: C8
0004BEr 1  AD 41 00       LDA a:$0041                                         ; $A4BE: AD 41 00
0004C1r 1  F1 20          SBC ($20),Y                                         ; $A4C1: F1 20
0004C3r 1  8D 43 00       STA a:$0043                                         ; $A4C3: 8D 43 00
0004C6r 1  90 66          .byte $90,$66                                       ; $A4C6: 90 66 (BCC mid-instruction target)
0004C8r 1  A0 00          LDY #$00                                            ; $A4C8: A0 00
0004CAr 1  84 28          STY $28                                             ; $A4CA: 84 28
0004CCr 1  84 29          STY $29                                             ; $A4CC: 84 29
0004CEr 1  98             TYA                                                 ; $A4CE: 98
0004CFr 1  18             CLC                                                 ; $A4CF: 18
0004D0r 1  69 14          ADC #$14                                            ; $A4D0: 69 14
0004D2r 1  A8             TAY                                                 ; $A4D2: A8
0004D3r 1  A5 28          LDA $28                                             ; $A4D3: A5 28
0004D5r 1  18             CLC                                                 ; $A4D5: 18
0004D6r 1  69 64          ADC #$64                                            ; $A4D6: 69 64
0004D8r 1  85 28          STA $28                                             ; $A4D8: 85 28
0004DAr 1  A5 29          LDA $29                                             ; $A4DA: A5 29
0004DCr 1  69 00          ADC #$00                                            ; $A4DC: 69 00
0004DEr 1  85 29          STA $29                                             ; $A4DE: 85 29
0004E0r 1  AD 42 00       LDA a:$0042                                         ; $A4E0: AD 42 00
0004E3r 1  38             SEC                                                 ; $A4E3: 38
0004E4r 1  E9 64          SBC #$64                                            ; $A4E4: E9 64
0004E6r 1  8D 42 00       STA a:$0042                                         ; $A4E6: 8D 42 00
0004E9r 1  AD 43 00       LDA a:$0043                                         ; $A4E9: AD 43 00
0004ECr 1  E9 00          SBC #$00                                            ; $A4EC: E9 00
0004EEr 1  8D 43 00       STA a:$0043                                         ; $A4EE: 8D 43 00
0004F1r 1  B0 DB          .byte $B0,$DB                                       ; $A4F1: B0 DB (BCS mid-instruction target)
0004F3r 1  98             TYA                                                 ; $A4F3: 98
0004F4r 1  85 22          STA $22                                             ; $A4F4: 85 22
0004F6r 1  A9 00          LDA #$00                                            ; $A4F6: A9 00
0004F8r 1  85 23          STA $23                                             ; $A4F8: 85 23
0004FAr 1  A9 00          LDA #$00                                            ; $A4FA: A9 00
0004FCr 1  85 24          STA $24                                             ; $A4FC: 85 24
0004FEr 1  AD 3A 00       LDA a:$003A                                         ; $A4FE: AD 3A 00
000501r 1  20 rr rr       JSR Proc_D36F                                       ; $A501: 20 6F D3
000504r 1  B0 0F          .byte $B0,$0F                                       ; $A504: B0 0F (BCS mid-instruction target)
000506r 1  20 rr rr       JSR B0A_TileRender                                  ; $A506: 20 5C A5
000509r 1  B0 07          .byte $B0,$07                                       ; $A509: B0 07 (BCS mid-instruction target)
00050Br 1  68             PLA                                                 ; $A50B: 68
00050Cr 1  68             PLA                                                 ; $A50C: 68
00050Dr 1  68             PLA                                                 ; $A50D: 68
00050Er 1  68             PLA                                                 ; $A50E: 68
00050Fr 1  4C C7 BE       JMP $BEC7                                           ; $A50F: 4C C7 BE
000512r 1  4C rr rr       JMP B0A_ArmyDispatch                                ; $A512: 4C 81 A4
000515r 1  AD 3A 00       LDA a:$003A                                         ; $A515: AD 3A 00
000518r 1  20 rr rr       JSR Proc_D105                                       ; $A518: 20 05 D1
00051Br 1  A0 0C          LDY #$0C                                            ; $A51B: A0 0C
00051Dr 1  A5 28          LDA $28                                             ; $A51D: A5 28
00051Fr 1  18             CLC                                                 ; $A51F: 18
000520r 1  71 20          ADC ($20),Y                                         ; $A520: 71 20
000522r 1  91 20          STA ($20),Y                                         ; $A522: 91 20
000524r 1  C8             INY                                                 ; $A524: C8
000525r 1  A5 29          LDA $29                                             ; $A525: A5 29
000527r 1  71 20          ADC ($20),Y                                         ; $A527: 71 20
000529r 1  91 20          STA ($20),Y                                         ; $A529: 91 20
00052Br 1  20 rr rr       JSR Proc_D69D                                       ; $A52B: 20 9D D6
00052Er 1  A0 0C          LDY #$0C                                            ; $A52E: A0 0C
000530r 1  B1 20          LDA ($20),Y                                         ; $A530: B1 20
000532r 1  38             SEC                                                 ; $A532: 38
000533r 1  ED 40 00       SBC a:$0040                                         ; $A533: ED 40 00
000536r 1  91 20          STA ($20),Y                                         ; $A536: 91 20
000538r 1  C8             INY                                                 ; $A538: C8
000539r 1  B1 20          LDA ($20),Y                                         ; $A539: B1 20
00053Br 1  ED 41 00       SBC a:$0041                                         ; $A53B: ED 41 00
00053Er 1  91 20          STA ($20),Y                                         ; $A53E: 91 20
000540r 1  20 rr rr       JSR Proc_D69D                                       ; $A540: 20 9D D6
000543r 1  AD 3B 00       LDA a:$003B                                         ; $A543: AD 3B 00
000546r 1  A0 08          LDY #$08                                            ; $A546: A0 08
000548r 1  20 AB D2       JSR $D2AB                                           ; $A548: 20 AB D2
00054Br 1  A0 08          LDY #$08                                            ; $A54B: A0 08
00054Dr 1  A9 E8          LDA #$E8                                            ; $A54D: A9 E8
00054Fr 1  91 22          STA ($22),Y                                         ; $A54F: 91 22
000551r 1  C8             INY                                                 ; $A551: C8
000552r 1  A9 03          LDA #$03                                            ; $A552: A9 03
000554r 1  91 22          STA ($22),Y                                         ; $A554: 91 22
000556r 1  A9 02          LDA #$02                                            ; $A556: A9 02
000558r 1  20 rr rr       JSR Proc_D165                                       ; $A558: 20 65 D1
00055Br 1  60             RTS                                                 ; $A55B: 60
00055Cr 1               .endproc
00055Cr 1               B0A_ArmyLoop = $A4B2
00055Cr 1               
00055Cr 1               
00055Cr 1               ;===============================================================================
00055Cr 1               ; $A55C: B0A_TileRender
00055Cr 1               ;===============================================================================
00055Cr 1               .proc B0A_TileRender
00055Cr 1               
00055Cr 1  20 rr rr       JSR Proc_D249                                       ; $A55C: 20 49 D2
00055Fr 1  8D 45 00       STA a:$0045                                         ; $A55F: 8D 45 00
000562r 1  A9 00          LDA #$00                                            ; $A562: A9 00
000564r 1  8D 36 00       STA a:$0036                                         ; $A564: 8D 36 00
000567r 1  85 2C          STA $2C                                             ; $A567: 85 2C
000569r 1  A9 64          LDA #$64                                            ; $A569: A9 64
00056Br 1  85 2B          STA $2B                                             ; $A56B: 85 2B
00056Dr 1  A9 FF          LDA #$FF                                            ; $A56D: A9 FF
00056Fr 1  85 2A          STA $2A                                             ; $A56F: 85 2A
000571r 1               B0A_RowProcess:
000571r 1  AD 36 00       LDA a:$0036                                         ; $A571: AD 36 00
000574r 1  CD 3A 00       CMP a:$003A                                         ; $A574: CD 3A 00
000577r 1  F0 26          BEQ B0A_ColLoop                                     ; $A577: F0 26
000579r 1  20 rr rr       JSR Proc_D105                                       ; $A579: 20 05 D1
00057Cr 1  CD 03 6F       CMP $6F03                                           ; $A57C: CD 03 6F
00057Fr 1  D0 1E          BNE B0A_ColLoop                                     ; $A57F: D0 1E
000581r 1  A0 02          LDY #$02                                            ; $A581: A0 02
000583r 1  A5 2B          LDA $2B                                             ; $A583: A5 2B
000585r 1  38             SEC                                                 ; $A585: 38
000586r 1  F1 20          SBC ($20),Y                                         ; $A586: F1 20
000588r 1  C8             INY                                                 ; $A588: C8
000589r 1  A5 2C          LDA $2C                                             ; $A589: A5 2C
00058Br 1  F1 20          SBC ($20),Y                                         ; $A58B: F1 20
00058Dr 1  B0 10          BCS B0A_ColLoop                                     ; $A58D: B0 10
00058Fr 1  A0 02          LDY #$02                                            ; $A58F: A0 02
000591r 1  B1 20          LDA ($20),Y                                         ; $A591: B1 20
000593r 1  85 2B          STA $2B                                             ; $A593: 85 2B
000595r 1  C8             INY                                                 ; $A595: C8
000596r 1  B1 20          LDA ($20),Y                                         ; $A596: B1 20
000598r 1  85 2C          STA $2C                                             ; $A598: 85 2C
00059Ar 1  AD 36 00       LDA a:$0036                                         ; $A59A: AD 36 00
00059Dr 1  85 2A          STA $2A                                             ; $A59D: 85 2A
00059Fr 1               B0A_ColLoop:
00059Fr 1  EE 36 00       INC a:$0036                                         ; $A59F: EE 36 00
0005A2r 1  AD 36 00       LDA a:$0036                                         ; $A5A2: AD 36 00
0005A5r 1  C9 1E          CMP #$1E                                            ; $A5A5: C9 1E
0005A7r 1  90 C8          BCC B0A_RowProcess                                  ; $A5A7: 90 C8
0005A9r 1  A5 2A          LDA $2A                                             ; $A5A9: A5 2A
0005ABr 1  C9 FF          CMP #$FF                                            ; $A5AB: C9 FF
0005ADr 1  D0 02          BNE B0A_TileAttr                                    ; $A5AD: D0 02
0005AFr 1  18             CLC                                                 ; $A5AF: 18
0005B0r 1  60             RTS                                                 ; $A5B0: 60
0005B1r 1               B0A_TileAttr:
0005B1r 1  20 rr rr       JSR Proc_D105                                       ; $A5B1: 20 05 D1
0005B4r 1  A0 03          LDY #$03                                            ; $A5B4: A0 03
0005B6r 1  B1 20          LDA ($20),Y                                         ; $A5B6: B1 20
0005B8r 1  D0 1B          .byte $D0,$1B                                       ; $A5B8: D0 1B (BNE mid-instruction target)
0005BAr 1  A0 02          LDY #$02                                            ; $A5BA: A0 02
0005BCr 1  B1 20          LDA ($20),Y                                         ; $A5BC: B1 20
0005BEr 1  C9 C8          CMP #$C8                                            ; $A5BE: C9 C8
0005C0r 1  B0 13          .byte $B0,$13                                       ; $A5C0: B0 13 (BCS mid-instruction target)
0005C2r 1  38             SEC                                                 ; $A5C2: 38
0005C3r 1  E9 64          SBC #$64                                            ; $A5C3: E9 64
0005C5r 1  85 2B          STA $2B                                             ; $A5C5: 85 2B
0005C7r 1  A0 02          LDY #$02                                            ; $A5C7: A0 02
0005C9r 1  A9 64          LDA #$64                                            ; $A5C9: A9 64
0005CBr 1  91 20          STA ($20),Y                                         ; $A5CB: 91 20
0005CDr 1  C8             INY                                                 ; $A5CD: C8
0005CEr 1  A9 00          LDA #$00                                            ; $A5CE: A9 00
0005D0r 1  91 20          STA ($20),Y                                         ; $A5D0: 91 20
0005D2r 1  4C rr rr       JMP B0A_PaletteSetup                                ; $A5D2: 4C E9 A5
0005D5r 1  A0 02          LDY #$02                                            ; $A5D5: A0 02
0005D7r 1  B1 20          LDA ($20),Y                                         ; $A5D7: B1 20
0005D9r 1  38             SEC                                                 ; $A5D9: 38
0005DAr 1  E9 64          SBC #$64                                            ; $A5DA: E9 64
0005DCr 1  91 20          STA ($20),Y                                         ; $A5DC: 91 20
0005DEr 1  C8             INY                                                 ; $A5DE: C8
0005DFr 1  B1 20          LDA ($20),Y                                         ; $A5DF: B1 20
0005E1r 1  E9 00          SBC #$00                                            ; $A5E1: E9 00
0005E3r 1  91 20          STA ($20),Y                                         ; $A5E3: 91 20
0005E5r 1  A9 64          LDA #$64                                            ; $A5E5: A9 64
0005E7r 1  85 2B          STA $2B                                             ; $A5E7: 85 2B
0005E9r 1               .endproc
0005E9r 1               B0A_RowProcess = $A571
0005E9r 1               B0A_ColLoop = $A59F
0005E9r 1               B0A_TileAttr = $A5B1
0005E9r 1               
0005E9r 1               
0005E9r 1               ;===============================================================================
0005E9r 1               ; $A5E9: B0A_PaletteSetup
0005E9r 1               ;===============================================================================
0005E9r 1               .proc B0A_PaletteSetup
0005E9r 1               
0005E9r 1  20 rr rr       JSR Proc_D69D                                       ; $A5E9: 20 9D D6
0005ECr 1  AD 3A 00       LDA a:$003A                                         ; $A5EC: AD 3A 00
0005EFr 1  20 rr rr       JSR Proc_D105                                       ; $A5EF: 20 05 D1
0005F2r 1  A0 02          LDY #$02                                            ; $A5F2: A0 02
0005F4r 1  B1 20          LDA ($20),Y                                         ; $A5F4: B1 20
0005F6r 1  18             CLC                                                 ; $A5F6: 18
0005F7r 1  65 2B          ADC $2B                                             ; $A5F7: 65 2B
0005F9r 1  91 20          STA ($20),Y                                         ; $A5F9: 91 20
0005FBr 1  C8             INY                                                 ; $A5FB: C8
0005FCr 1  B1 20          LDA ($20),Y                                         ; $A5FC: B1 20
0005FEr 1  69 00          ADC #$00                                            ; $A5FE: 69 00
000600r 1  91 20          STA ($20),Y                                         ; $A600: 91 20
000602r 1  20 rr rr       JSR Proc_D69D                                       ; $A602: 20 9D D6
000605r 1  A9 02          LDA #$02                                            ; $A605: A9 02
000607r 1  20 rr rr       JSR Proc_D18D                                       ; $A607: 20 8D D1
00060Ar 1  38             SEC                                                 ; $A60A: 38
00060Br 1  60             RTS                                                 ; $A60B: 60
00060Cr 1               .endproc
00060Cr 1               
00060Cr 1               ;===============================================================================
00060Cr 1               ; $A60C: B0A_NameTable
00060Cr 1               ;===============================================================================
00060Cr 1               .proc B0A_NameTable
00060Cr 1               
00060Cr 1  20 rr rr       JSR Proc_D249                                       ; $A60C: 20 49 D2
00060Fr 1  8D 45 00       STA a:$0045                                         ; $A60F: 8D 45 00
000612r 1  A9 00          LDA #$00                                            ; $A612: A9 00
000614r 1  8D 36 00       STA a:$0036                                         ; $A614: 8D 36 00
000617r 1  85 2C          STA $2C                                             ; $A617: 85 2C
000619r 1  A9 64          LDA #$64                                            ; $A619: A9 64
00061Br 1  85 2B          STA $2B                                             ; $A61B: 85 2B
00061Dr 1  A9 FF          LDA #$FF                                            ; $A61D: A9 FF
00061Fr 1  85 2A          STA $2A                                             ; $A61F: 85 2A
000621r 1               B0A_AttrTable:
000621r 1  AD 36 00       LDA a:$0036                                         ; $A621: AD 36 00
000624r 1  CD 3A 00       CMP a:$003A                                         ; $A624: CD 3A 00
000627r 1  F0 26          BEQ B0A_ScrollInit                                  ; $A627: F0 26
000629r 1  20 rr rr       JSR Proc_D105                                       ; $A629: 20 05 D1
00062Cr 1  CD 03 6F       CMP $6F03                                           ; $A62C: CD 03 6F
00062Fr 1  D0 1E          BNE B0A_ScrollInit                                  ; $A62F: D0 1E
000631r 1  A0 04          LDY #$04                                            ; $A631: A0 04
000633r 1  A5 2B          LDA $2B                                             ; $A633: A5 2B
000635r 1  38             SEC                                                 ; $A635: 38
000636r 1  F1 20          SBC ($20),Y                                         ; $A636: F1 20
000638r 1  C8             INY                                                 ; $A638: C8
000639r 1  A5 2C          LDA $2C                                             ; $A639: A5 2C
00063Br 1  F1 20          SBC ($20),Y                                         ; $A63B: F1 20
00063Dr 1  B0 10          BCS B0A_ScrollInit                                  ; $A63D: B0 10
00063Fr 1  A0 04          LDY #$04                                            ; $A63F: A0 04
000641r 1  B1 20          LDA ($20),Y                                         ; $A641: B1 20
000643r 1  85 2B          STA $2B                                             ; $A643: 85 2B
000645r 1  C8             INY                                                 ; $A645: C8
000646r 1  B1 20          LDA ($20),Y                                         ; $A646: B1 20
000648r 1  85 2C          STA $2C                                             ; $A648: 85 2C
00064Ar 1  AD 36 00       LDA a:$0036                                         ; $A64A: AD 36 00
00064Dr 1  85 2A          STA $2A                                             ; $A64D: 85 2A
00064Fr 1               B0A_ScrollInit:
00064Fr 1  EE 36 00       INC a:$0036                                         ; $A64F: EE 36 00
000652r 1  AD 36 00       LDA a:$0036                                         ; $A652: AD 36 00
000655r 1  C9 1E          CMP #$1E                                            ; $A655: C9 1E
000657r 1  90 C8          BCC B0A_AttrTable                                   ; $A657: 90 C8
000659r 1  A5 2A          LDA $2A                                             ; $A659: A5 2A
00065Br 1  C9 FF          CMP #$FF                                            ; $A65B: C9 FF
00065Dr 1  D0 02          BNE B0A_WindowSetup                                 ; $A65D: D0 02
00065Fr 1  18             CLC                                                 ; $A65F: 18
000660r 1  60             RTS                                                 ; $A660: 60
000661r 1               B0A_WindowSetup:
000661r 1  20 rr rr       JSR Proc_D105                                       ; $A661: 20 05 D1
000664r 1  A0 05          LDY #$05                                            ; $A664: A0 05
000666r 1  B1 20          LDA ($20),Y                                         ; $A666: B1 20
000668r 1  D0 1B          .byte $D0,$1B                                       ; $A668: D0 1B (BNE mid-instruction target)
00066Ar 1  A0 04          LDY #$04                                            ; $A66A: A0 04
00066Cr 1  B1 20          LDA ($20),Y                                         ; $A66C: B1 20
00066Er 1  C9 C8          CMP #$C8                                            ; $A66E: C9 C8
000670r 1  B0 13          .byte $B0,$13                                       ; $A670: B0 13 (BCS mid-instruction target)
000672r 1  38             SEC                                                 ; $A672: 38
000673r 1  E9 64          SBC #$64                                            ; $A673: E9 64
000675r 1  85 2B          STA $2B                                             ; $A675: 85 2B
000677r 1  A0 04          LDY #$04                                            ; $A677: A0 04
000679r 1  A9 64          LDA #$64                                            ; $A679: A9 64
00067Br 1  91 20          STA ($20),Y                                         ; $A67B: 91 20
00067Dr 1  C8             INY                                                 ; $A67D: C8
00067Er 1  A9 00          LDA #$00                                            ; $A67E: A9 00
000680r 1  91 20          STA ($20),Y                                         ; $A680: 91 20
000682r 1  4C rr rr       JMP B0A_DisplaySetup                                ; $A682: 4C 99 A6
000685r 1  A0 04          LDY #$04                                            ; $A685: A0 04
000687r 1  B1 20          LDA ($20),Y                                         ; $A687: B1 20
000689r 1  38             SEC                                                 ; $A689: 38
00068Ar 1  E9 64          SBC #$64                                            ; $A68A: E9 64
00068Cr 1  91 20          STA ($20),Y                                         ; $A68C: 91 20
00068Er 1  C8             INY                                                 ; $A68E: C8
00068Fr 1  B1 20          LDA ($20),Y                                         ; $A68F: B1 20
000691r 1  E9 00          SBC #$00                                            ; $A691: E9 00
000693r 1  91 20          STA ($20),Y                                         ; $A693: 91 20
000695r 1  A9 64          LDA #$64                                            ; $A695: A9 64
000697r 1  85 2B          STA $2B                                             ; $A697: 85 2B
000699r 1               .endproc
000699r 1               B0A_AttrTable = $A621
000699r 1               B0A_ScrollInit = $A64F
000699r 1               B0A_WindowSetup = $A661
000699r 1               
000699r 1               
000699r 1               ;===============================================================================
000699r 1               ; $A699: B0A_DisplaySetup
000699r 1               ;===============================================================================
000699r 1               .proc B0A_DisplaySetup
000699r 1               
000699r 1  20 rr rr       JSR Proc_D69D                                       ; $A699: 20 9D D6
00069Cr 1  AD 3A 00       LDA a:$003A                                         ; $A69C: AD 3A 00
00069Fr 1  20 rr rr       JSR Proc_D105                                       ; $A69F: 20 05 D1
0006A2r 1  A0 04          LDY #$04                                            ; $A6A2: A0 04
0006A4r 1  B1 20          LDA ($20),Y                                         ; $A6A4: B1 20
0006A6r 1  18             CLC                                                 ; $A6A6: 18
0006A7r 1  65 2B          ADC $2B                                             ; $A6A7: 65 2B
0006A9r 1  91 20          STA ($20),Y                                         ; $A6A9: 91 20
0006ABr 1  C8             INY                                                 ; $A6AB: C8
0006ACr 1  B1 20          LDA ($20),Y                                         ; $A6AC: B1 20
0006AEr 1  69 00          ADC #$00                                            ; $A6AE: 69 00
0006B0r 1  91 20          STA ($20),Y                                         ; $A6B0: 91 20
0006B2r 1  20 rr rr       JSR Proc_D69D                                       ; $A6B2: 20 9D D6
0006B5r 1  A9 02          LDA #$02                                            ; $A6B5: A9 02
0006B7r 1  20 rr rr       JSR Proc_D18D                                       ; $A6B7: 20 8D D1
0006BAr 1  38             SEC                                                 ; $A6BA: 38
0006BBr 1  60             RTS                                                 ; $A6BB: 60
0006BCr 1               .endproc
0006BCr 1               
0006BCr 1               ;===============================================================================
0006BCr 1               ; $A6BC: Proc_A6BC
0006BCr 1               ;===============================================================================
0006BCr 1               .proc Proc_A6BC
0006BCr 1               
0006BCr 1  20 rr rr       JSR Proc_A6C9                                       ; $A6BC: 20 C9 A6
0006BFr 1  60             RTS                                                 ; $A6BF: 60
0006C0r 1               .endproc
0006C0r 1               
0006C0r 1               ;===============================================================================
0006C0r 1               ; $A6C0: Proc_A6C0
0006C0r 1               ;===============================================================================
0006C0r 1               .proc Proc_A6C0
0006C0r 1               
0006C0r 1  1E 14 0A       ASL $0A14,X                                         ; $A6C0: 1E 14 0A
0006C3r 1  3C 32 28 5A    .byte $3C,$32,$28,$5A,$50,$46                       ; $A6C3: 3C 32 28 5A 50 46
0006C7r 1  50 46        
0006C9r 1               .endproc
0006C9r 1               
0006C9r 1               ;===============================================================================
0006C9r 1               ; $A6C9: Proc_A6C9
0006C9r 1               ;===============================================================================
0006C9r 1               .proc Proc_A6C9
0006C9r 1               
0006C9r 1  AD 3A 00       LDA a:$003A                                         ; $A6C9: AD 3A 00
0006CCr 1  20 rr rr       JSR Proc_D304                                       ; $A6CC: 20 04 D3
0006CFr 1  8D 39 00       STA a:$0039                                         ; $A6CF: 8D 39 00
0006D2r 1  A9 01          LDA #$01                                            ; $A6D2: A9 01
0006D4r 1  8D 37 00       STA a:$0037                                         ; $A6D4: 8D 37 00
0006D7r 1  A9 64          LDA #$64                                            ; $A6D7: A9 64
0006D9r 1  20 rr rr       JSR Proc_D4BB                                       ; $A6D9: 20 BB D4
0006DCr 1  AC 02 6F       LDY $6F02                                           ; $A6DC: AC 02 6F
0006DFr 1  A2 04          LDX #$04                                            ; $A6DF: A2 04
0006E1r 1  D9 C0 A6       CMP $A6C0,Y                                         ; $A6E1: D9 C0 A6
0006E4r 1  90 0D          BCC LA6F3                                           ; $A6E4: 90 0D
0006E6r 1  CA             DEX                                                 ; $A6E6: CA
0006E7r 1  D9 C3 A6       CMP $A6C3,Y                                         ; $A6E7: D9 C3 A6
0006EAr 1  90 07          BCC LA6F3                                           ; $A6EA: 90 07
0006ECr 1  CA             DEX                                                 ; $A6EC: CA
0006EDr 1  D9 C6 A6       CMP $A6C6,Y                                         ; $A6ED: D9 C6 A6
0006F0r 1  90 01          BCC LA6F3                                           ; $A6F0: 90 01
0006F2r 1  CA             DEX                                                 ; $A6F2: CA
0006F3r 1               LA6F3:
0006F3r 1  86 20          STX $20                                             ; $A6F3: 86 20
0006F5r 1  AD 39 00       LDA a:$0039                                         ; $A6F5: AD 39 00
0006F8r 1  38             SEC                                                 ; $A6F8: 38
0006F9r 1  E5 20          SBC $20                                             ; $A6F9: E5 20
0006FBr 1  90 05          BCC LA702                                           ; $A6FB: 90 05
0006FDr 1  F0 03          BEQ LA702                                           ; $A6FD: F0 03
0006FFr 1  8D 37 00       STA a:$0037                                         ; $A6FF: 8D 37 00
000702r 1               LA702:
000702r 1  20 4A A7       JSR $A74A                                           ; $A702: 20 4A A7
000705r 1               LA705:
000705r 1  AD 3A 00       LDA a:$003A                                         ; $A705: AD 3A 00
000708r 1  20 rr rr       JSR Proc_D105                                       ; $A708: 20 05 D1
00070Br 1  A0 02          LDY #$02                                            ; $A70B: A0 02
00070Dr 1  B1 20          LDA ($20),Y                                         ; $A70D: B1 20
00070Fr 1  38             SEC                                                 ; $A70F: 38
000710r 1  ED 3D 00       SBC a:$003D                                         ; $A710: ED 3D 00
000713r 1  C8             INY                                                 ; $A713: C8
000714r 1  B1 20          LDA ($20),Y                                         ; $A714: B1 20
000716r 1  ED 3E 00       SBC a:$003E                                         ; $A716: ED 3E 00
000719r 1  B0 0C          .byte $B0,$0C                                       ; $A719: B0 0C (BCS mid-instruction target)
00071Br 1  20 rr rr       JSR B0A_TileRender                                  ; $A71B: 20 5C A5
00071Er 1  B0 E5          BCS LA705                                           ; $A71E: B0 E5
000720r 1  68             PLA                                                 ; $A720: 68
000721r 1  68             PLA                                                 ; $A721: 68
000722r 1  68             PLA                                                 ; $A722: 68
000723r 1  68             PLA                                                 ; $A723: 68
000724r 1  4C C7 BE       JMP $BEC7                                           ; $A724: 4C C7 BE
000727r 1  AD 3A 00       LDA a:$003A                                         ; $A727: AD 3A 00
00072Ar 1  20 rr rr       JSR Proc_D105                                       ; $A72A: 20 05 D1
00072Dr 1  A0 04          LDY #$04                                            ; $A72D: A0 04
00072Fr 1  B1 20          LDA ($20),Y                                         ; $A72F: B1 20
000731r 1  38             SEC                                                 ; $A731: 38
000732r 1  ED 3B 00       SBC a:$003B                                         ; $A732: ED 3B 00
000735r 1  C8             INY                                                 ; $A735: C8
000736r 1  B1 20          LDA ($20),Y                                         ; $A736: B1 20
000738r 1  ED 3C 00       SBC a:$003C                                         ; $A738: ED 3C 00
00073Br 1  B0 0C          .byte $B0,$0C                                       ; $A73B: B0 0C (BCS mid-instruction target)
00073Dr 1  20 rr rr       JSR B0A_NameTable                                   ; $A73D: 20 0C A6
000740r 1  B0 E5          .byte $B0,$E5                                       ; $A740: B0 E5 (BCS mid-instruction target)
000742r 1  68             PLA                                                 ; $A742: 68
000743r 1  68             PLA                                                 ; $A743: 68
000744r 1  68             PLA                                                 ; $A744: 68
000745r 1  68             PLA                                                 ; $A745: 68
000746r 1  4C C7 BE       JMP $BEC7                                           ; $A746: 4C C7 BE
000749r 1  60             RTS                                                 ; $A749: 60
00074Ar 1  AD 37 00       LDA a:$0037                                         ; $A74A: AD 37 00
00074Dr 1  85 20          STA $20                                             ; $A74D: 85 20
00074Fr 1  A9 78          LDA #$78                                            ; $A74F: A9 78
000751r 1  85 21          STA $21                                             ; $A751: 85 21
000753r 1  20 rr rr       JSR Proc_D471                                       ; $A753: 20 71 D4
000756r 1  A5 2A          LDA $2A                                             ; $A756: A5 2A
000758r 1  8D 3B 00       STA a:$003B                                         ; $A758: 8D 3B 00
00075Br 1  A5 2B          LDA $2B                                             ; $A75B: A5 2B
00075Dr 1  8D 3C 00       STA a:$003C                                         ; $A75D: 8D 3C 00
000760r 1  AD 37 00       LDA a:$0037                                         ; $A760: AD 37 00
000763r 1  85 20          STA $20                                             ; $A763: 85 20
000765r 1  A9 64          LDA #$64                                            ; $A765: A9 64
000767r 1  85 21          STA $21                                             ; $A767: 85 21
000769r 1  20 rr rr       JSR Proc_D471                                       ; $A769: 20 71 D4
00076Cr 1  A9 64          LDA #$64                                            ; $A76C: A9 64
00076Er 1  20 rr rr       JSR Proc_D4BB                                       ; $A76E: 20 BB D4
000771r 1  85 21          STA $21                                             ; $A771: 85 21
000773r 1  20 8A E8       JSR B1F_RandomByte2                                 ; $A773: 20 8A E8
000776r 1  C9 80          CMP #$80                                            ; $A776: C9 80
000778r 1  10 12          BPL LA78C                                           ; $A778: 10 12
00077Ar 1  A5 2A          LDA $2A                                             ; $A77A: A5 2A
00077Cr 1  38             SEC                                                 ; $A77C: 38
00077Dr 1  E5 21          SBC $21                                             ; $A77D: E5 21
00077Fr 1  8D 3D 00       STA a:$003D                                         ; $A77F: 8D 3D 00
000782r 1  A5 2B          LDA $2B                                             ; $A782: A5 2B
000784r 1  E9 00          SBC #$00                                            ; $A784: E9 00
000786r 1  8D 3E 00       STA a:$003E                                         ; $A786: 8D 3E 00
000789r 1  4C 9B A7       JMP $A79B                                           ; $A789: 4C 9B A7
00078Cr 1               LA78C:
00078Cr 1  A5 2A          LDA $2A                                             ; $A78C: A5 2A
00078Er 1  18             CLC                                                 ; $A78E: 18
00078Fr 1  65 21          ADC $21                                             ; $A78F: 65 21
000791r 1  8D 3D 00       STA a:$003D                                         ; $A791: 8D 3D 00
000794r 1  A5 2B          LDA $2B                                             ; $A794: A5 2B
000796r 1  69 00          ADC #$00                                            ; $A796: 69 00
000798r 1  8D 3E 00       STA a:$003E                                         ; $A798: 8D 3E 00
00079Br 1  60             RTS                                                 ; $A79B: 60
00079Cr 1               .endproc
00079Cr 1               LA6F3 = $A6F3
00079Cr 1               LA702 = $A702
00079Cr 1               LA705 = $A705
00079Cr 1               LA78C = $A78C
00079Cr 1               
00079Cr 1               
00079Cr 1               ;===============================================================================
00079Cr 1               ; $A79C: Proc_A79C
00079Cr 1               ;===============================================================================
00079Cr 1               .proc Proc_A79C
00079Cr 1               
00079Cr 1  AD 3A 00       LDA a:$003A                                         ; $A79C: AD 3A 00
00079Fr 1  20 rr rr       JSR Proc_D105                                       ; $A79F: 20 05 D1
0007A2r 1  A0 02          LDY #$02                                            ; $A7A2: A0 02
0007A4r 1  B1 20          LDA ($20),Y                                         ; $A7A4: B1 20
0007A6r 1  38             SEC                                                 ; $A7A6: 38
0007A7r 1  ED 3D 00       SBC a:$003D                                         ; $A7A7: ED 3D 00
0007AAr 1  91 20          STA ($20),Y                                         ; $A7AA: 91 20
0007ACr 1  C8             INY                                                 ; $A7AC: C8
0007ADr 1  B1 20          LDA ($20),Y                                         ; $A7AD: B1 20
0007AFr 1  ED 3E 00       SBC a:$003E                                         ; $A7AF: ED 3E 00
0007B2r 1  91 20          STA ($20),Y                                         ; $A7B2: 91 20
0007B4r 1  A0 04          LDY #$04                                            ; $A7B4: A0 04
0007B6r 1  B1 20          LDA ($20),Y                                         ; $A7B6: B1 20
0007B8r 1  38             SEC                                                 ; $A7B8: 38
0007B9r 1  ED 3B 00       SBC a:$003B                                         ; $A7B9: ED 3B 00
0007BCr 1  91 20          STA ($20),Y                                         ; $A7BC: 91 20
0007BEr 1  C8             INY                                                 ; $A7BE: C8
0007BFr 1  B1 20          LDA ($20),Y                                         ; $A7BF: B1 20
0007C1r 1  ED 3C 00       SBC a:$003C                                         ; $A7C1: ED 3C 00
0007C4r 1  91 20          STA ($20),Y                                         ; $A7C4: 91 20
0007C6r 1  A0 78          LDY #$78                                            ; $A7C6: A0 78
0007C8r 1  A9 FF          LDA #$FF                                            ; $A7C8: A9 FF
0007CAr 1               LA7CA:
0007CAr 1  99 00 06       STA $0600,Y                                         ; $A7CA: 99 00 06
0007CDr 1  88             DEY                                                 ; $A7CD: 88
0007CEr 1  10 FA          BPL LA7CA                                           ; $A7CE: 10 FA
0007D0r 1  AD 3A 00       LDA a:$003A                                         ; $A7D0: AD 3A 00
0007D3r 1  20 rr rr       JSR Proc_D105                                       ; $A7D3: 20 05 D1
0007D6r 1  A9 00          LDA #$00                                            ; $A7D6: A9 00
0007D8r 1  85 2A          STA $2A                                             ; $A7D8: 85 2A
0007DAr 1               LA7DA:
0007DAr 1  A9 11          LDA #$11                                            ; $A7DA: A9 11
0007DCr 1  85 2B          STA $2B                                             ; $A7DC: 85 2B
0007DEr 1  A9 00          LDA #$00                                            ; $A7DE: A9 00
0007E0r 1  85 2C          STA $2C                                             ; $A7E0: 85 2C
0007E2r 1  A9 FF          LDA #$FF                                            ; $A7E2: A9 FF
0007E4r 1  85 2D          STA $2D                                             ; $A7E4: 85 2D
0007E6r 1  A4 2B          LDY $2B                                             ; $A7E6: A4 2B
0007E8r 1  B1 20          LDA ($20),Y                                         ; $A7E8: B1 20
0007EAr 1  C9 FF          CMP #$FF                                            ; $A7EA: C9 FF
0007ECr 1  F0 1D          .byte $F0,$1D                                       ; $A7EC: F0 1D (BEQ mid-instruction target)
0007EEr 1  A0 03          LDY #$03                                            ; $A7EE: A0 03
0007F0r 1  20 AB D2       JSR $D2AB                                           ; $A7F0: 20 AB D2
0007F3r 1  C9 64          CMP #$64                                            ; $A7F3: C9 64
0007F5r 1  F0 14          .byte $F0,$14                                       ; $A7F5: F0 14 (BEQ mid-instruction target)
0007F7r 1  A0 01          LDY #$01                                            ; $A7F7: A0 01
0007F9r 1  B1 22          LDA ($22),Y                                         ; $A7F9: B1 22
0007FBr 1  4A             LSR A                                               ; $A7FB: 4A
0007FCr 1  A0 03          LDY #$03                                            ; $A7FC: A0 03
0007FEr 1  18             CLC                                                 ; $A7FE: 18
0007FFr 1  71 22          ADC ($22),Y                                         ; $A7FF: 71 22
000801r 1  C5 2C          CMP $2C                                             ; $A801: C5 2C
000803r 1  90 06          .byte $90,$06                                       ; $A803: 90 06 (BCC mid-instruction target)
000805r 1  85 2C          STA $2C                                             ; $A805: 85 2C
000807r 1  A5 2B          LDA $2B                                             ; $A807: A5 2B
000809r 1  85 2D          STA $2D                                             ; $A809: 85 2D
00080Br 1  E6 2B          INC $2B                                             ; $A80B: E6 2B
00080Dr 1  A5 2B          LDA $2B                                             ; $A80D: A5 2B
00080Fr 1  C9 1B          CMP #$1B                                            ; $A80F: C9 1B
000811r 1  90 D3          .byte $90,$D3                                       ; $A811: 90 D3 (BCC mid-instruction target)
000813r 1  A4 2D          LDY $2D                                             ; $A813: A4 2D
000815r 1  B1 20          LDA ($20),Y                                         ; $A815: B1 20
000817r 1  48             PHA                                                 ; $A817: 48
000818r 1  A9 FF          LDA #$FF                                            ; $A818: A9 FF
00081Ar 1  91 20          STA ($20),Y                                         ; $A81A: 91 20
00081Cr 1  68             PLA                                                 ; $A81C: 68
00081Dr 1  A4 2A          LDY $2A                                             ; $A81D: A4 2A
00081Fr 1  99 6E 06       STA $066E,Y                                         ; $A81F: 99 6E 06
000822r 1  E6 2A          INC $2A                                             ; $A822: E6 2A
000824r 1  A4 2A          LDY $2A                                             ; $A824: A4 2A
000826r 1  CC 37 00       CPY a:$0037                                         ; $A826: CC 37 00
000829r 1  90 AF          BCC LA7DA                                           ; $A829: 90 AF
00082Br 1  AD 3A 00       LDA a:$003A                                         ; $A82B: AD 3A 00
00082Er 1  20 rr rr       JSR Proc_D3DD                                       ; $A82E: 20 DD D3
000831r 1  AD 38 00       LDA a:$0038                                         ; $A831: AD 38 00
000834r 1  20 rr rr       JSR Proc_D105                                       ; $A834: 20 05 D1
000837r 1  A2 00          LDX #$00                                            ; $A837: A2 00
000839r 1  A0 11          LDY #$11                                            ; $A839: A0 11
00083Br 1  B1 20          LDA ($20),Y                                         ; $A83B: B1 20
00083Dr 1  C9 FF          CMP #$FF                                            ; $A83D: C9 FF
00083Fr 1  F0 0D          .byte $F0,$0D                                       ; $A83F: F0 0D (BEQ mid-instruction target)
000841r 1  9D 64 06       STA $0664,X                                         ; $A841: 9D 64 06
000844r 1  A9 FF          LDA #$FF                                            ; $A844: A9 FF
000846r 1  91 20          STA ($20),Y                                         ; $A846: 91 20
000848r 1  E8             INX                                                 ; $A848: E8
000849r 1  C8             INY                                                 ; $A849: C8
00084Ar 1  C0 1B          CPY #$1B                                            ; $A84A: C0 1B
00084Cr 1  90 ED          .byte $90,$ED                                       ; $A84C: 90 ED (BCC mid-instruction target)
00084Er 1  A0 02          LDY #$02                                            ; $A84E: A0 02
000850r 1  B1 20          LDA ($20),Y                                         ; $A850: B1 20
000852r 1  8D 26 05       STA $0526                                           ; $A852: 8D 26 05
000855r 1  C8             INY                                                 ; $A855: C8
000856r 1  B1 20          LDA ($20),Y                                         ; $A856: B1 20
000858r 1  8D 27 05       STA $0527                                           ; $A858: 8D 27 05
00085Br 1  C8             INY                                                 ; $A85B: C8
00085Cr 1  B1 20          LDA ($20),Y                                         ; $A85C: B1 20
00085Er 1  8D 22 05       STA $0522                                           ; $A85E: 8D 22 05
000861r 1  C8             INY                                                 ; $A861: C8
000862r 1  B1 20          LDA ($20),Y                                         ; $A862: B1 20
000864r 1  8D 23 05       STA $0523                                           ; $A864: 8D 23 05
000867r 1  A0 02          LDY #$02                                            ; $A867: A0 02
000869r 1  A9 00          LDA #$00                                            ; $A869: A9 00
00086Br 1  91 20          STA ($20),Y                                         ; $A86B: 91 20
00086Dr 1  C8             INY                                                 ; $A86D: C8
00086Er 1  91 20          STA ($20),Y                                         ; $A86E: 91 20
000870r 1  C8             INY                                                 ; $A870: C8
000871r 1  91 20          STA ($20),Y                                         ; $A871: 91 20
000873r 1  C8             INY                                                 ; $A873: C8
000874r 1  91 20          STA ($20),Y                                         ; $A874: 91 20
000876r 1  AD 03 6F       LDA $6F03                                           ; $A876: AD 03 6F
000879r 1  0A             ASL A                                               ; $A879: 0A
00087Ar 1  0A             ASL A                                               ; $A87A: 0A
00087Br 1  0A             ASL A                                               ; $A87B: 0A
00087Cr 1  0A             ASL A                                               ; $A87C: 0A
00087Dr 1  85 22          STA $22                                             ; $A87D: 85 22
00087Fr 1  A0 00          LDY #$00                                            ; $A87F: A0 00
000881r 1  B1 20          LDA ($20),Y                                         ; $A881: B1 20
000883r 1  29 07          AND #$07                                            ; $A883: 29 07
000885r 1  05 22          ORA $22                                             ; $A885: 05 22
000887r 1  8D 07 05       STA $0507                                           ; $A887: 8D 07 05
00088Ar 1  AD 38 00       LDA a:$0038                                         ; $A88A: AD 38 00
00088Dr 1  8D 0E 05       STA $050E                                           ; $A88D: 8D 0E 05
000890r 1  AD 3A 00       LDA a:$003A                                         ; $A890: AD 3A 00
000893r 1  8D 02 04       STA $0402                                           ; $A893: 8D 02 04
000896r 1  AD 3B 00       LDA a:$003B                                         ; $A896: AD 3B 00
000899r 1  8D 24 05       STA $0524                                           ; $A899: 8D 24 05
00089Cr 1  AD 3C 00       LDA a:$003C                                         ; $A89C: AD 3C 00
00089Fr 1  8D 25 05       STA $0525                                           ; $A89F: 8D 25 05
0008A2r 1  AD 3D 00       LDA a:$003D                                         ; $A8A2: AD 3D 00
0008A5r 1  8D 28 05       STA $0528                                           ; $A8A5: 8D 28 05
0008A8r 1  AD 3E 00       LDA a:$003E                                         ; $A8A8: AD 3E 00
0008ABr 1  8D 29 05       STA $0529                                           ; $A8AB: 8D 29 05
0008AEr 1  AD 38 00       LDA a:$0038                                         ; $A8AE: AD 38 00
0008B1r 1  20 rr rr       JSR Proc_D105                                       ; $A8B1: 20 05 D1
0008B4r 1  20 rr rr       JSR Proc_D319                                       ; $A8B4: 20 19 D3
0008B7r 1  A0 03          LDY #$03                                            ; $A8B7: A0 03
0008B9r 1  B1 24          LDA ($24),Y                                         ; $A8B9: B1 24
0008BBr 1  C9 03          CMP #$03                                            ; $A8BB: C9 03
0008BDr 1  F0 0D          BEQ LA8CC                                           ; $A8BD: F0 0D
0008BFr 1  68             PLA                                                 ; $A8BF: 68
0008C0r 1  68             PLA                                                 ; $A8C0: 68
0008C1r 1  A9 FE          LDA #$FE                                            ; $A8C1: A9 FE
0008C3r 1  8D 8B 6F       STA $6F8B                                           ; $A8C3: 8D 8B 6F
0008C6r 1  A9 00          LDA #$00                                            ; $A8C6: A9 00
0008C8r 1  8D 8D 6F       STA $6F8D                                           ; $A8C8: 8D 8D 6F
0008CBr 1  60             RTS                                                 ; $A8CB: 60
0008CCr 1               LA8CC:
0008CCr 1  20 D5 AC       JSR $ACD5                                           ; $A8CC: 20 D5 AC
0008CFr 1  68             PLA                                                 ; $A8CF: 68
0008D0r 1  68             PLA                                                 ; $A8D0: 68
0008D1r 1  A9 FD          LDA #$FD                                            ; $A8D1: A9 FD
0008D3r 1  8D 8B 6F       STA $6F8B                                           ; $A8D3: 8D 8B 6F
0008D6r 1  60             RTS                                                 ; $A8D6: 60
0008D7r 1               .endproc
0008D7r 1               LA7CA = $A7CA
0008D7r 1               LA7DA = $A7DA
0008D7r 1               LA8CC = $A8CC
0008D7r 1               
0008D7r 1               
0008D7r 1               ;===============================================================================
0008D7r 1               ; $A8D7: Proc_A8D7
0008D7r 1               ;===============================================================================
0008D7r 1               .proc Proc_A8D7
0008D7r 1               
0008D7r 1  AD 8C 6F       LDA $6F8C                                           ; $A8D7: AD 8C 6F
0008DAr 1  D0 03          .byte $D0,$03                                       ; $A8DA: D0 03 (BNE mid-instruction target)
0008DCr 1  20 rr rr       JSR Proc_CD68                                       ; $A8DC: 20 68 CD
0008DFr 1  AD 38 00       LDA a:$0038                                         ; $A8DF: AD 38 00
0008E2r 1  20 rr rr       JSR Proc_D105                                       ; $A8E2: 20 05 D1
0008E5r 1  8D 3E 00       STA a:$003E                                         ; $A8E5: 8D 3E 00
0008E8r 1  20 1F A9       JSR $A91F                                           ; $A8E8: 20 1F A9
0008EBr 1  20 rr rr       JSR Proc_A9CC                                       ; $A8EB: 20 CC A9
0008EEr 1  20 9C AF       JSR $AF9C                                           ; $A8EE: 20 9C AF
0008F1r 1  AD 8C 6F       LDA $6F8C                                           ; $A8F1: AD 8C 6F
0008F4r 1  D0 1D          .byte $D0,$1D                                       ; $A8F4: D0 1D (BNE mid-instruction target)
0008F6r 1  20 rr rr       JSR Proc_AA80                                       ; $A8F6: 20 80 AA
0008F9r 1  20 rr rr       JSR Proc_AC67                                       ; $A8F9: 20 67 AC
0008FCr 1  AD 38 00       LDA a:$0038                                         ; $A8FC: AD 38 00
0008FFr 1  20 rr rr       JSR Proc_D105                                       ; $A8FF: 20 05 D1
000902r 1  A0 00          LDY #$00                                            ; $A902: A0 00
000904r 1  B1 20          LDA ($20),Y                                         ; $A904: B1 20
000906r 1  29 F8          AND #$F8                                            ; $A906: 29 F8
000908r 1  0D 03 6F       ORA $6F03                                           ; $A908: 0D 03 6F
00090Br 1  91 20          STA ($20),Y                                         ; $A90B: 91 20
00090Dr 1  20 rr rr       JSR Proc_D249                                       ; $A90D: 20 49 D2
000910r 1  4C 19 CA       JMP $CA19                                           ; $A910: 4C 19 CA
000913r 1  20 rr rr       JSR Proc_AB10                                       ; $A913: 20 10 AB
000916r 1  20 rr rr       JSR Proc_AC67                                       ; $A916: 20 67 AC
000919r 1  20 rr rr       JSR Proc_D249                                       ; $A919: 20 49 D2
00091Cr 1  4C 19 CA       JMP $CA19                                           ; $A91C: 4C 19 CA
00091Fr 1  A9 00          LDA #$00                                            ; $A91F: A9 00
000921r 1  8D 73 6F       STA $6F73                                           ; $A921: 8D 73 6F
000924r 1  8D 74 6F       STA $6F74                                           ; $A924: 8D 74 6F
000927r 1  8D 75 6F       STA $6F75                                           ; $A927: 8D 75 6F
00092Ar 1  8D 76 6F       STA $6F76                                           ; $A92A: 8D 76 6F
00092Dr 1  8D 77 6F       STA $6F77                                           ; $A92D: 8D 77 6F
000930r 1  8D 78 6F       STA $6F78                                           ; $A930: 8D 78 6F
000933r 1  A9 00          LDA #$00                                            ; $A933: A9 00
000935r 1  8D 40 00       STA a:$0040                                         ; $A935: 8D 40 00
000938r 1               .endproc
000938r 1               
000938r 1               ;===============================================================================
000938r 1               ; $A938: Proc_A938
000938r 1               ;===============================================================================
000938r 1               .proc Proc_A938
000938r 1               
000938r 1  AC 40 00       LDY a:$0040                                         ; $A938: AC 40 00
00093Br 1  B9 64 06       LDA $0664,Y                                         ; $A93B: B9 64 06
00093Er 1  C9 FF          CMP #$FF                                            ; $A93E: C9 FF
000940r 1  D0 03          .byte $D0,$03                                       ; $A940: D0 03 (BNE mid-instruction target)
000942r 1  4C rr rr       JMP Proc_A9BE                                       ; $A942: 4C BE A9
000945r 1  48             PHA                                                 ; $A945: 48
000946r 1  A0 00          LDY #$00                                            ; $A946: A0 00
000948r 1  20 AB D2       JSR $D2AB                                           ; $A948: 20 AB D2
00094Br 1  48             PHA                                                 ; $A94B: 48
00094Cr 1  A0 08          LDY #$08                                            ; $A94C: A0 08
00094Er 1  B1 22          LDA ($22),Y                                         ; $A94E: B1 22
000950r 1  85 20          STA $20                                             ; $A950: 85 20
000952r 1  85 30          STA $30                                             ; $A952: 85 30
000954r 1  C8             INY                                                 ; $A954: C8
000955r 1  B1 22          LDA ($22),Y                                         ; $A955: B1 22
000957r 1  29 03          AND #$03                                            ; $A957: 29 03
000959r 1  85 21          STA $21                                             ; $A959: 85 21
00095Br 1  85 31          STA $31                                             ; $A95B: 85 31
00095Dr 1  68             PLA                                                 ; $A95D: 68
00095Er 1  85 23          STA $23                                             ; $A95E: 85 23
000960r 1  A9 00          LDA #$00                                            ; $A960: A9 00
000962r 1  85 22          STA $22                                             ; $A962: 85 22
000964r 1  20 rr rr       JSR Proc_D438                                       ; $A964: 20 38 D4
000967r 1  A5 26          LDA $26                                             ; $A967: A5 26
000969r 1  85 20          STA $20                                             ; $A969: 85 20
00096Br 1  A5 27          LDA $27                                             ; $A96B: A5 27
00096Dr 1  85 21          STA $21                                             ; $A96D: 85 21
00096Fr 1  A5 28          LDA $28                                             ; $A96F: A5 28
000971r 1  85 22          STA $22                                             ; $A971: 85 22
000973r 1  A9 64          LDA #$64                                            ; $A973: A9 64
000975r 1  85 23          STA $23                                             ; $A975: 85 23
000977r 1  A9 00          LDA #$00                                            ; $A977: A9 00
000979r 1  85 24          STA $24                                             ; $A979: 85 24
00097Br 1  20 rr rr       JSR Proc_D336                                       ; $A97B: 20 36 D3
00097Er 1  68             PLA                                                 ; $A97E: 68
00097Fr 1  A0 00          LDY #$00                                            ; $A97F: A0 00
000981r 1  20 AB D2       JSR $D2AB                                           ; $A981: 20 AB D2
000984r 1  A0 08          LDY #$08                                            ; $A984: A0 08
000986r 1  A5 20          LDA $20                                             ; $A986: A5 20
000988r 1  91 22          STA ($22),Y                                         ; $A988: 91 22
00098Ar 1  C8             INY                                                 ; $A98A: C8
00098Br 1  B1 22          LDA ($22),Y                                         ; $A98B: B1 22
00098Dr 1  29 FC          AND #$FC                                            ; $A98D: 29 FC
00098Fr 1  05 21          ORA $21                                             ; $A98F: 05 21
000991r 1  91 22          STA ($22),Y                                         ; $A991: 91 22
000993r 1  A5 30          LDA $30                                             ; $A993: A5 30
000995r 1  38             SEC                                                 ; $A995: 38
000996r 1  E5 20          SBC $20                                             ; $A996: E5 20
000998r 1  85 30          STA $30                                             ; $A998: 85 30
00099Ar 1  A5 31          LDA $31                                             ; $A99A: A5 31
00099Cr 1  E5 21          SBC $21                                             ; $A99C: E5 21
00099Er 1  85 31          STA $31                                             ; $A99E: 85 31
0009A0r 1  90 1C          .byte $90,$1C                                       ; $A9A0: 90 1C (BCC cross-proc)
0009A2r 1  A0 00          LDY #$00                                            ; $A9A2: A0 00
0009A4r 1  AD 40 00       LDA a:$0040                                         ; $A9A4: AD 40 00
0009A7r 1  C9 0A          CMP #$0A                                            ; $A9A7: C9 0A
0009A9r 1  90 02          BCC LA9AD                                           ; $A9A9: 90 02
0009ABr 1  A0 02          LDY #$02                                            ; $A9AB: A0 02
0009ADr 1               LA9AD:
0009ADr 1  A5 30          LDA $30                                             ; $A9AD: A5 30
0009AFr 1  18             CLC                                                 ; $A9AF: 18
0009B0r 1  79 73 6F       ADC $6F73,Y                                         ; $A9B0: 79 73 6F
0009B3r 1  99 73 6F       STA $6F73,Y                                         ; $A9B3: 99 73 6F
0009B6r 1  A5 31          LDA $31                                             ; $A9B6: A5 31
0009B8r 1  79 74 6F       ADC $6F74,Y                                         ; $A9B8: 79 74 6F
0009BBr 1  99 74 6F       STA $6F74,Y                                         ; $A9BB: 99 74 6F
0009BEr 1               .endproc
0009BEr 1               LA9AD = $A9AD
0009BEr 1               
0009BEr 1               
0009BEr 1               ;===============================================================================
0009BEr 1               ; $A9BE: Proc_A9BE
0009BEr 1               ;===============================================================================
0009BEr 1               .proc Proc_A9BE
0009BEr 1               
0009BEr 1  EE 40 00       INC a:$0040                                         ; $A9BE: EE 40 00
0009C1r 1  AD 40 00       LDA a:$0040                                         ; $A9C1: AD 40 00
0009C4r 1  C9 14          CMP #$14                                            ; $A9C4: C9 14
0009C6r 1  B0 03          .byte $B0,$03                                       ; $A9C6: B0 03 (BCS mid-instruction target)
0009C8r 1  4C rr rr       JMP Proc_A938                                       ; $A9C8: 4C 38 A9
0009CBr 1  60             RTS                                                 ; $A9CB: 60
0009CCr 1               .endproc
0009CCr 1               
0009CCr 1               ;===============================================================================
0009CCr 1               ; $A9CC: Proc_A9CC
0009CCr 1               ;===============================================================================
0009CCr 1               .proc Proc_A9CC
0009CCr 1               
0009CCr 1  A0 00          LDY #$00                                            ; $A9CC: A0 00
0009CEr 1  A2 00          LDX #$00                                            ; $A9CE: A2 00
0009D0r 1               LA9D0:
0009D0r 1  B9 64 06       LDA $0664,Y                                         ; $A9D0: B9 64 06
0009D3r 1  C9 FF          CMP #$FF                                            ; $A9D3: C9 FF
0009D5r 1  F0 01          BEQ LA9D8                                           ; $A9D5: F0 01
0009D7r 1  E8             INX                                                 ; $A9D7: E8
0009D8r 1               LA9D8:
0009D8r 1  C8             INY                                                 ; $A9D8: C8
0009D9r 1  C0 0A          CPY #$0A                                            ; $A9D9: C0 0A
0009DBr 1  90 F3          BCC LA9D0                                           ; $A9DB: 90 F3
0009DDr 1  8E 3C 00       STX a:$003C                                         ; $A9DD: 8E 3C 00
0009E0r 1  A0 00          LDY #$00                                            ; $A9E0: A0 00
0009E2r 1  A2 00          LDX #$00                                            ; $A9E2: A2 00
0009E4r 1               LA9E4:
0009E4r 1  B9 6E 06       LDA $066E,Y                                         ; $A9E4: B9 6E 06
0009E7r 1  C9 FF          CMP #$FF                                            ; $A9E7: C9 FF
0009E9r 1  F0 01          BEQ LA9EC                                           ; $A9E9: F0 01
0009EBr 1  E8             INX                                                 ; $A9EB: E8
0009ECr 1               LA9EC:
0009ECr 1  C8             INY                                                 ; $A9EC: C8
0009EDr 1  C0 0A          CPY #$0A                                            ; $A9ED: C0 0A
0009EFr 1  90 F3          BCC LA9E4                                           ; $A9EF: 90 F3
0009F1r 1  8E 3D 00       STX a:$003D                                         ; $A9F1: 8E 3D 00
0009F4r 1  AD 3C 00       LDA a:$003C                                         ; $A9F4: AD 3C 00
0009F7r 1  C9 05          CMP #$05                                            ; $A9F7: C9 05
0009F9r 1  90 15          BCC LAA10                                           ; $A9F9: 90 15
0009FBr 1  4A             LSR A                                               ; $A9FB: 4A
0009FCr 1  4A             LSR A                                               ; $A9FC: 4A
0009FDr 1  C9 00          CMP #$00                                            ; $A9FD: C9 00
0009FFr 1  F0 0F          BEQ LAA10                                           ; $A9FF: F0 0F
000A01r 1  8D 77 6F       STA $6F77                                           ; $AA01: 8D 77 6F
000A04r 1               LAA04:
000A04r 1  48             PHA                                                 ; $AA04: 48
000A05r 1  A9 00          LDA #$00                                            ; $AA05: A9 00
000A07r 1  20 rr rr       JSR Proc_AA2D                                       ; $AA07: 20 2D AA
000A0Ar 1  68             PLA                                                 ; $AA0A: 68
000A0Br 1  38             SEC                                                 ; $AA0B: 38
000A0Cr 1  E9 01          SBC #$01                                            ; $AA0C: E9 01
000A0Er 1  D0 F4          BNE LAA04                                           ; $AA0E: D0 F4
000A10r 1               LAA10:
000A10r 1  AD 3D 00       LDA a:$003D                                         ; $AA10: AD 3D 00
000A13r 1  C9 05          CMP #$05                                            ; $AA13: C9 05
000A15r 1  90 15          BCC LAA2C                                           ; $AA15: 90 15
000A17r 1  4A             LSR A                                               ; $AA17: 4A
000A18r 1  4A             LSR A                                               ; $AA18: 4A
000A19r 1  C9 00          CMP #$00                                            ; $AA19: C9 00
000A1Br 1  F0 0F          BEQ LAA2C                                           ; $AA1B: F0 0F
000A1Dr 1  8D 78 6F       STA $6F78                                           ; $AA1D: 8D 78 6F
000A20r 1               LAA20:
000A20r 1  48             PHA                                                 ; $AA20: 48
000A21r 1  A9 0A          LDA #$0A                                            ; $AA21: A9 0A
000A23r 1  20 rr rr       JSR Proc_AA2D                                       ; $AA23: 20 2D AA
000A26r 1  68             PLA                                                 ; $AA26: 68
000A27r 1  38             SEC                                                 ; $AA27: 38
000A28r 1  E9 01          SBC #$01                                            ; $AA28: E9 01
000A2Ar 1  D0 F4          BNE LAA20                                           ; $AA2A: D0 F4
000A2Cr 1               LAA2C:
000A2Cr 1  60             RTS                                                 ; $AA2C: 60
000A2Dr 1               .endproc
000A2Dr 1               LA9D0 = $A9D0
000A2Dr 1               LA9D8 = $A9D8
000A2Dr 1               LA9E4 = $A9E4
000A2Dr 1               LA9EC = $A9EC
000A2Dr 1               LAA04 = $AA04
000A2Dr 1               LAA10 = $AA10
000A2Dr 1               LAA20 = $AA20
000A2Dr 1               LAA2C = $AA2C
000A2Dr 1               
000A2Dr 1               
000A2Dr 1               ;===============================================================================
000A2Dr 1               ; $AA2D: Proc_AA2D
000A2Dr 1               ;===============================================================================
000A2Dr 1               .proc Proc_AA2D
000A2Dr 1               
000A2Dr 1  85 24          STA $24                                             ; $AA2D: 85 24
000A2Fr 1  A9 FF          LDA #$FF                                            ; $AA2F: A9 FF
000A31r 1  85 25          STA $25                                             ; $AA31: 85 25
000A33r 1  85 26          STA $26                                             ; $AA33: 85 26
000A35r 1  A9 00          LDA #$00                                            ; $AA35: A9 00
000A37r 1  85 27          STA $27                                             ; $AA37: 85 27
000A39r 1               LAA39:
000A39r 1  A4 24          LDY $24                                             ; $AA39: A4 24
000A3Br 1  B9 64 06       LDA $0664,Y                                         ; $AA3B: B9 64 06
000A3Er 1  C9 FF          CMP #$FF                                            ; $AA3E: C9 FF
000A40r 1  F0 1C          .byte $F0,$1C                                       ; $AA40: F0 1C (BEQ mid-instruction target)
000A42r 1  A0 03          LDY #$03                                            ; $AA42: A0 03
000A44r 1  20 AB D2       JSR $D2AB                                           ; $AA44: 20 AB D2
000A47r 1  C9 64          CMP #$64                                            ; $AA47: C9 64
000A49r 1  F0 13          .byte $F0,$13                                       ; $AA49: F0 13 (BEQ mid-instruction target)
000A4Br 1  A0 01          LDY #$01                                            ; $AA4B: A0 01
000A4Dr 1  B1 22          LDA ($22),Y                                         ; $AA4D: B1 22
000A4Fr 1  A0 02          LDY #$02                                            ; $AA4F: A0 02
000A51r 1  18             CLC                                                 ; $AA51: 18
000A52r 1  71 22          ADC ($22),Y                                         ; $AA52: 71 22
000A54r 1  C5 25          CMP $25                                             ; $AA54: C5 25
000A56r 1  B0 06          .byte $B0,$06                                       ; $AA56: B0 06 (BCS mid-instruction target)
000A58r 1  85 25          STA $25                                             ; $AA58: 85 25
000A5Ar 1  A5 24          LDA $24                                             ; $AA5A: A5 24
000A5Cr 1  85 26          STA $26                                             ; $AA5C: 85 26
000A5Er 1  E6 24          INC $24                                             ; $AA5E: E6 24
000A60r 1  E6 27          INC $27                                             ; $AA60: E6 27
000A62r 1  A5 27          LDA $27                                             ; $AA62: A5 27
000A64r 1  C9 0A          CMP #$0A                                            ; $AA64: C9 0A
000A66r 1  90 D1          BCC LAA39                                           ; $AA66: 90 D1
000A68r 1  A4 26          LDY $26                                             ; $AA68: A4 26
000A6Ar 1  B9 64 06       LDA $0664,Y                                         ; $AA6A: B9 64 06
000A6Dr 1  48             PHA                                                 ; $AA6D: 48
000A6Er 1  A9 FF          LDA #$FF                                            ; $AA6E: A9 FF
000A70r 1  99 64 06       STA $0664,Y                                         ; $AA70: 99 64 06
000A73r 1  68             PLA                                                 ; $AA73: 68
000A74r 1  A0 0B          LDY #$0B                                            ; $AA74: A0 0B
000A76r 1  20 AB D2       JSR $D2AB                                           ; $AA76: 20 AB D2
000A79r 1  29 FC          AND #$FC                                            ; $AA79: 29 FC
000A7Br 1  09 03          ORA #$03                                            ; $AA7B: 09 03
000A7Dr 1  91 22          STA ($22),Y                                         ; $AA7D: 91 22
000A7Fr 1  60             RTS                                                 ; $AA7F: 60
000A80r 1               .endproc
000A80r 1               LAA39 = $AA39
000A80r 1               
000A80r 1               
000A80r 1               ;===============================================================================
000A80r 1               ; $AA80: Proc_AA80
000A80r 1               ;===============================================================================
000A80r 1               .proc Proc_AA80
000A80r 1               
000A80r 1  AD 38 00       LDA a:$0038                                         ; $AA80: AD 38 00
000A83r 1  20 rr rr       JSR Proc_D105                                       ; $AA83: 20 05 D1
000A86r 1  A2 00          LDX #$00                                            ; $AA86: A2 00
000A88r 1  A0 11          LDY #$11                                            ; $AA88: A0 11
000A8Ar 1  BD 6E 06       LDA $066E,X                                         ; $AA8A: BD 6E 06
000A8Dr 1  C9 FF          CMP #$FF                                            ; $AA8D: C9 FF
000A8Fr 1  F0 03          .byte $F0,$03                                       ; $AA8F: F0 03 (BEQ mid-instruction target)
000A91r 1  91 20          STA ($20),Y                                         ; $AA91: 91 20
000A93r 1  C8             INY                                                 ; $AA93: C8
000A94r 1  E8             INX                                                 ; $AA94: E8
000A95r 1  E0 0A          CPX #$0A                                            ; $AA95: E0 0A
000A97r 1  90 F1          .byte $90,$F1                                       ; $AA97: 90 F1 (BCC mid-instruction target)
000A99r 1  A0 00          LDY #$00                                            ; $AA99: A0 00
000A9Br 1  84 24          STY $24                                             ; $AA9B: 84 24
000A9Dr 1  A4 24          LDY $24                                             ; $AA9D: A4 24
000A9Fr 1  B9 64 06       LDA $0664,Y                                         ; $AA9F: B9 64 06
000AA2r 1  C9 FF          CMP #$FF                                            ; $AAA2: C9 FF
000AA4r 1  F0 2F          BEQ LAAD5                                           ; $AAA4: F0 2F
000AA6r 1  85 26          STA $26                                             ; $AAA6: 85 26
000AA8r 1  A0 03          LDY #$03                                            ; $AAA8: A0 03
000AAAr 1  20 AB D2       JSR $D2AB                                           ; $AAAA: 20 AB D2
000AADr 1  C9 64          CMP #$64                                            ; $AAAD: C9 64
000AAFr 1  F0 11          BEQ LAAC2                                           ; $AAAF: F0 11
000AB1r 1  85 25          STA $25                                             ; $AAB1: 85 25
000AB3r 1  A9 64          LDA #$64                                            ; $AAB3: A9 64
000AB5r 1  20 rr rr       JSR Proc_D4BB                                       ; $AAB5: 20 BB D4
000AB8r 1  C5 25          CMP $25                                             ; $AAB8: C5 25
000ABAr 1  90 06          BCC LAAC2                                           ; $AABA: 90 06
000ABCr 1  20 rr rr       JSR Proc_AADE                                       ; $AABC: 20 DE AA
000ABFr 1  4C rr rr       JMP LAAD5                                           ; $AABF: 4C D5 AA
000AC2r 1               LAAC2:
000AC2r 1  AD 3E 00       LDA a:$003E                                         ; $AAC2: AD 3E 00
000AC5r 1  8D 40 00       STA a:$0040                                         ; $AAC5: 8D 40 00
000AC8r 1  A5 26          LDA $26                                             ; $AAC8: A5 26
000ACAr 1  8D 41 00       STA a:$0041                                         ; $AACA: 8D 41 00
000ACDr 1  A9 01          LDA #$01                                            ; $AACD: A9 01
000ACFr 1  8D 42 00       STA a:$0042                                         ; $AACF: 8D 42 00
000AD2r 1  20 rr rr       JSR Proc_ABA3                                       ; $AAD2: 20 A3 AB
000AD5r 1               LAAD5:
000AD5r 1  E6 24          INC $24                                             ; $AAD5: E6 24
000AD7r 1  A5 24          LDA $24                                             ; $AAD7: A5 24
000AD9r 1  C9 0A          CMP #$0A                                            ; $AAD9: C9 0A
000ADBr 1  90 C0          .byte $90,$C0                                       ; $AADB: 90 C0 (BCC mid-instruction target)
000ADDr 1  60             RTS                                                 ; $AADD: 60
000ADEr 1               .endproc
000ADEr 1               LAAC2 = $AAC2
000ADEr 1               LAAD5 = $AAD5
000ADEr 1               
000ADEr 1               
000ADEr 1               ;===============================================================================
000ADEr 1               ; $AADE: Proc_AADE
000ADEr 1               ;===============================================================================
000ADEr 1               .proc Proc_AADE
000ADEr 1               
000ADEr 1  AD 38 00       LDA a:$0038                                         ; $AADE: AD 38 00
000AE1r 1  20 rr rr       JSR Proc_D105                                       ; $AAE1: 20 05 D1
000AE4r 1  A0 11          LDY #$11                                            ; $AAE4: A0 11
000AE6r 1  B1 20          LDA ($20),Y                                         ; $AAE6: B1 20
000AE8r 1  C9 FF          CMP #$FF                                            ; $AAE8: C9 FF
000AEAr 1  F0 18          BEQ LAB04                                           ; $AAEA: F0 18
000AECr 1  C8             INY                                                 ; $AAEC: C8
000AEDr 1  C0 1B          CPY #$1B                                            ; $AAED: C0 1B
000AEFr 1  90 F5          .byte $90,$F5                                       ; $AAEF: 90 F5 (BCC mid-instruction target)
000AF1r 1  AD 03 6F       LDA $6F03                                           ; $AAF1: AD 03 6F
000AF4r 1  8D 40 00       STA a:$0040                                         ; $AAF4: 8D 40 00
000AF7r 1  A5 26          LDA $26                                             ; $AAF7: A5 26
000AF9r 1  8D 41 00       STA a:$0041                                         ; $AAF9: 8D 41 00
000AFCr 1  A9 00          LDA #$00                                            ; $AAFC: A9 00
000AFEr 1  8D 42 00       STA a:$0042                                         ; $AAFE: 8D 42 00
000B01r 1  4C rr rr       JMP Proc_ABA3                                       ; $AB01: 4C A3 AB
000B04r 1               LAB04:
000B04r 1  A5 26          LDA $26                                             ; $AB04: A5 26
000B06r 1  91 20          STA ($20),Y                                         ; $AB06: 91 20
000B08r 1  A5 26          LDA $26                                             ; $AB08: A5 26
000B0Ar 1  85 20          STA $20                                             ; $AB0A: 85 20
000B0Cr 1  20 rr rr       JSR B0B_DistanceClamp                               ; $AB0C: 20 0C D0
000B0Fr 1  60             RTS                                                 ; $AB0F: 60
000B10r 1               .endproc
000B10r 1               LAB04 = $AB04
000B10r 1               
000B10r 1               
000B10r 1               ;===============================================================================
000B10r 1               ; $AB10: Proc_AB10
000B10r 1               ;===============================================================================
000B10r 1               .proc Proc_AB10
000B10r 1               
000B10r 1  AD 38 00       LDA a:$0038                                         ; $AB10: AD 38 00
000B13r 1  20 rr rr       JSR Proc_D105                                       ; $AB13: 20 05 D1
000B16r 1  A2 00          LDX #$00                                            ; $AB16: A2 00
000B18r 1  A0 11          LDY #$11                                            ; $AB18: A0 11
000B1Ar 1  BD 64 06       LDA $0664,X                                         ; $AB1A: BD 64 06
000B1Dr 1  C9 FF          CMP #$FF                                            ; $AB1D: C9 FF
000B1Fr 1  F0 03          .byte $F0,$03                                       ; $AB1F: F0 03 (BEQ mid-instruction target)
000B21r 1  91 20          STA ($20),Y                                         ; $AB21: 91 20
000B23r 1  C8             INY                                                 ; $AB23: C8
000B24r 1  E8             INX                                                 ; $AB24: E8
000B25r 1  E0 0A          CPX #$0A                                            ; $AB25: E0 0A
000B27r 1  90 F1          .byte $90,$F1                                       ; $AB27: 90 F1 (BCC mid-instruction target)
000B29r 1  A0 00          LDY #$00                                            ; $AB29: A0 00
000B2Br 1  84 24          STY $24                                             ; $AB2B: 84 24
000B2Dr 1  A4 24          LDY $24                                             ; $AB2D: A4 24
000B2Fr 1  B9 6E 06       LDA $066E,Y                                         ; $AB2F: B9 6E 06
000B32r 1  C9 FF          CMP #$FF                                            ; $AB32: C9 FF
000B34r 1  F0 32          BEQ LAB68                                           ; $AB34: F0 32
000B36r 1  85 26          STA $26                                             ; $AB36: 85 26
000B38r 1  48             PHA                                                 ; $AB38: 48
000B39r 1  A9 FF          LDA #$FF                                            ; $AB39: A9 FF
000B3Br 1  99 6E 06       STA $066E,Y                                         ; $AB3B: 99 6E 06
000B3Er 1  68             PLA                                                 ; $AB3E: 68
000B3Fr 1  A0 03          LDY #$03                                            ; $AB3F: A0 03
000B41r 1  20 AB D2       JSR $D2AB                                           ; $AB41: 20 AB D2
000B44r 1  85 25          STA $25                                             ; $AB44: 85 25
000B46r 1  A9 64          LDA #$64                                            ; $AB46: A9 64
000B48r 1  20 rr rr       JSR Proc_D4BB                                       ; $AB48: 20 BB D4
000B4Br 1  C5 25          CMP $25                                             ; $AB4B: C5 25
000B4Dr 1  90 06          BCC LAB55                                           ; $AB4D: 90 06
000B4Fr 1  20 71 AB       JSR $AB71                                           ; $AB4F: 20 71 AB
000B52r 1  4C rr rr       JMP LAB68                                           ; $AB52: 4C 68 AB
000B55r 1               LAB55:
000B55r 1  AD 03 6F       LDA $6F03                                           ; $AB55: AD 03 6F
000B58r 1  8D 40 00       STA a:$0040                                         ; $AB58: 8D 40 00
000B5Br 1  A5 26          LDA $26                                             ; $AB5B: A5 26
000B5Dr 1  8D 41 00       STA a:$0041                                         ; $AB5D: 8D 41 00
000B60r 1  A9 01          LDA #$01                                            ; $AB60: A9 01
000B62r 1  8D 42 00       STA a:$0042                                         ; $AB62: 8D 42 00
000B65r 1  20 rr rr       JSR Proc_ABA3                                       ; $AB65: 20 A3 AB
000B68r 1               LAB68:
000B68r 1  E6 24          INC $24                                             ; $AB68: E6 24
000B6Ar 1  A5 24          LDA $24                                             ; $AB6A: A5 24
000B6Cr 1  C9 0A          CMP #$0A                                            ; $AB6C: C9 0A
000B6Er 1  90 BD          .byte $90,$BD                                       ; $AB6E: 90 BD (BCC mid-instruction target)
000B70r 1  60             RTS                                                 ; $AB70: 60
000B71r 1  AD 38 00       LDA a:$0038                                         ; $AB71: AD 38 00
000B74r 1  20 rr rr       JSR Proc_D105                                       ; $AB74: 20 05 D1
000B77r 1  A0 11          LDY #$11                                            ; $AB77: A0 11
000B79r 1  B1 20          LDA ($20),Y                                         ; $AB79: B1 20
000B7Br 1  C9 FF          CMP #$FF                                            ; $AB7B: C9 FF
000B7Dr 1  F0 18          BEQ LAB97                                           ; $AB7D: F0 18
000B7Fr 1  C8             INY                                                 ; $AB7F: C8
000B80r 1  C0 1B          CPY #$1B                                            ; $AB80: C0 1B
000B82r 1  90 F5          .byte $90,$F5                                       ; $AB82: 90 F5 (BCC mid-instruction target)
000B84r 1  AD 3E 00       LDA a:$003E                                         ; $AB84: AD 3E 00
000B87r 1  8D 40 00       STA a:$0040                                         ; $AB87: 8D 40 00
000B8Ar 1  A5 26          LDA $26                                             ; $AB8A: A5 26
000B8Cr 1  8D 41 00       STA a:$0041                                         ; $AB8C: 8D 41 00
000B8Fr 1  A9 00          LDA #$00                                            ; $AB8F: A9 00
000B91r 1  8D 42 00       STA a:$0042                                         ; $AB91: 8D 42 00
000B94r 1  4C rr rr       JMP Proc_ABA3                                       ; $AB94: 4C A3 AB
000B97r 1               LAB97:
000B97r 1  A5 26          LDA $26                                             ; $AB97: A5 26
000B99r 1  91 20          STA ($20),Y                                         ; $AB99: 91 20
000B9Br 1  A5 26          LDA $26                                             ; $AB9B: A5 26
000B9Dr 1  85 20          STA $20                                             ; $AB9D: 85 20
000B9Fr 1  20 rr rr       JSR B0B_DistanceClamp                               ; $AB9F: 20 0C D0
000BA2r 1  60             RTS                                                 ; $ABA2: 60
000BA3r 1               .endproc
000BA3r 1               LAB55 = $AB55
000BA3r 1               LAB68 = $AB68
000BA3r 1               LAB97 = $AB97
000BA3r 1               
000BA3r 1               
000BA3r 1               ;===============================================================================
000BA3r 1               ; $ABA3: Proc_ABA3
000BA3r 1               ;===============================================================================
000BA3r 1               .proc Proc_ABA3
000BA3r 1               
000BA3r 1  A0 30          LDY #$30                                            ; $ABA3: A0 30
000BA5r 1  20 66 F2       JSR B1F_SwitchBank8_A                               ; $ABA5: 20 66 F2
000BA8r 1  AD 38 00       LDA a:$0038                                         ; $ABA8: AD 38 00
000BABr 1  0A             ASL A                                               ; $ABAB: 0A
000BACr 1  0A             ASL A                                               ; $ABAC: 0A
000BADr 1  0A             ASL A                                               ; $ABAD: 0A
000BAEr 1  85 2A          STA $2A                                             ; $ABAE: 85 2A
000BB0r 1  A9 FF          LDA #$FF                                            ; $ABB0: A9 FF
000BB2r 1  85 2B          STA $2B                                             ; $ABB2: 85 2B
000BB4r 1  85 2C          STA $2C                                             ; $ABB4: 85 2C
000BB6r 1  85 2D          STA $2D                                             ; $ABB6: 85 2D
000BB8r 1  A4 2A          LDY $2A                                             ; $ABB8: A4 2A
000BBAr 1  B9 72 9D       LDA $9D72,Y                                         ; $ABBA: B9 72 9D
000BBDr 1  30 2F          BMI LABEE                                           ; $ABBD: 30 2F
000BBFr 1  20 rr rr       JSR Proc_D105                                       ; $ABBF: 20 05 D1
000BC2r 1  C9 07          CMP #$07                                            ; $ABC2: C9 07
000BC4r 1  D0 0A          BNE LABD0                                           ; $ABC4: D0 0A
000BC6r 1  A4 2A          LDY $2A                                             ; $ABC6: A4 2A
000BC8r 1  B9 72 9D       LDA $9D72,Y                                         ; $ABC8: B9 72 9D
000BCBr 1  85 2D          STA $2D                                             ; $ABCB: 85 2D
000BCDr 1  4C E9 AB       JMP $ABE9                                           ; $ABCD: 4C E9 AB
000BD0r 1               LABD0:
000BD0r 1  CD 40 00       CMP a:$0040                                         ; $ABD0: CD 40 00
000BD3r 1  D0 14          .byte $D0,$14                                       ; $ABD3: D0 14 (BNE mid-instruction target)
000BD5r 1  20 07 D3       JSR $D307                                           ; $ABD5: 20 07 D3
000BD8r 1  C9 0A          CMP #$0A                                            ; $ABD8: C9 0A
000BDAr 1  B0 0D          .byte $B0,$0D                                       ; $ABDA: B0 0D (BCS mid-instruction target)
000BDCr 1  C5 2B          CMP $2B                                             ; $ABDC: C5 2B
000BDEr 1  B0 09          .byte $B0,$09                                       ; $ABDE: B0 09 (BCS mid-instruction target)
000BE0r 1  85 2B          STA $2B                                             ; $ABE0: 85 2B
000BE2r 1  A4 2A          LDY $2A                                             ; $ABE2: A4 2A
000BE4r 1  B9 72 9D       LDA $9D72,Y                                         ; $ABE4: B9 72 9D
000BE7r 1  85 2C          STA $2C                                             ; $ABE7: 85 2C
000BE9r 1  E6 2A          INC $2A                                             ; $ABE9: E6 2A
000BEBr 1  4C B8 AB       JMP $ABB8                                           ; $ABEB: 4C B8 AB
000BEEr 1               LABEE:
000BEEr 1  A5 2C          LDA $2C                                             ; $ABEE: A5 2C
000BF0r 1  C9 FF          CMP #$FF                                            ; $ABF0: C9 FF
000BF2r 1  F0 2D          BEQ LAC21                                           ; $ABF2: F0 2D
000BF4r 1  20 rr rr       JSR Proc_D105                                       ; $ABF4: 20 05 D1
000BF7r 1  A0 11          LDY #$11                                            ; $ABF7: A0 11
000BF9r 1  B1 20          LDA ($20),Y                                         ; $ABF9: B1 20
000BFBr 1  C9 FF          CMP #$FF                                            ; $ABFB: C9 FF
000BFDr 1  F0 04          .byte $F0,$04                                       ; $ABFD: F0 04 (BEQ mid-instruction target)
000BFFr 1  C8             INY                                                 ; $ABFF: C8
000C00r 1  4C F9 AB       JMP $ABF9                                           ; $AC00: 4C F9 AB
000C03r 1  AD 41 00       LDA a:$0041                                         ; $AC03: AD 41 00
000C06r 1  91 20          STA ($20),Y                                         ; $AC06: 91 20
000C08r 1  A0 00          LDY #$00                                            ; $AC08: A0 00
000C0Ar 1  B1 20          LDA ($20),Y                                         ; $AC0A: B1 20
000C0Cr 1  29 F8          AND #$F8                                            ; $AC0C: 29 F8
000C0Er 1  0D 40 00       ORA a:$0040                                         ; $AC0E: 0D 40 00
000C11r 1  91 20          STA ($20),Y                                         ; $AC11: 91 20
000C13r 1  AD 42 00       LDA a:$0042                                         ; $AC13: AD 42 00
000C16r 1  D0 08          .byte $D0,$08                                       ; $AC16: D0 08 (BNE mid-instruction target)
000C18r 1  AD 41 00       LDA a:$0041                                         ; $AC18: AD 41 00
000C1Br 1  85 20          STA $20                                             ; $AC1B: 85 20
000C1Dr 1  20 rr rr       JSR B0B_DistanceClamp                               ; $AC1D: 20 0C D0
000C20r 1  60             RTS                                                 ; $AC20: 60
000C21r 1               LAC21:
000C21r 1  A5 2D          LDA $2D                                             ; $AC21: A5 2D
000C23r 1  C9 FF          CMP #$FF                                            ; $AC23: C9 FF
000C25r 1  D0 CD          .byte $D0,$CD                                       ; $AC25: D0 CD (BNE mid-instruction target)
000C27r 1  AD 41 00       LDA a:$0041                                         ; $AC27: AD 41 00
000C2Ar 1  A0 0B          LDY #$0B                                            ; $AC2A: A0 0B
000C2Cr 1  20 AB D2       JSR $D2AB                                           ; $AC2C: 20 AB D2
000C2Fr 1  29 FC          AND #$FC                                            ; $AC2F: 29 FC
000C31r 1  91 22          STA ($22),Y                                         ; $AC31: 91 22
000C33r 1               LAC33:
000C33r 1  20 9A E8       JSR B1F_RandomByte3                                 ; $AC33: 20 9A E8
000C36r 1  29 07          AND #$07                                            ; $AC36: 29 07
000C38r 1  D0 0D          BNE LAC47                                           ; $AC38: D0 0D
000C3Ar 1  A0 05          LDY #$05                                            ; $AC3A: A0 05
000C3Cr 1  AD 38 00       LDA a:$0038                                         ; $AC3C: AD 38 00
000C3Fr 1  91 22          STA ($22),Y                                         ; $AC3F: 91 22
000C41r 1  A9 FF          LDA #$FF                                            ; $AC41: A9 FF
000C43r 1  8D 2D 00       STA a:$002D                                         ; $AC43: 8D 2D 00
000C46r 1  60             RTS                                                 ; $AC46: 60
000C47r 1               LAC47:
000C47r 1  8D 2D 00       STA a:$002D                                         ; $AC47: 8D 2D 00
000C4Ar 1  CE 2D 00       DEC a:$002D                                         ; $AC4A: CE 2D 00
000C4Dr 1  AD 38 00       LDA a:$0038                                         ; $AC4D: AD 38 00
000C50r 1  0A             ASL A                                               ; $AC50: 0A
000C51r 1  0A             ASL A                                               ; $AC51: 0A
000C52r 1  0A             ASL A                                               ; $AC52: 0A
000C53r 1  18             CLC                                                 ; $AC53: 18
000C54r 1  6D 2D 00       ADC a:$002D                                         ; $AC54: 6D 2D 00
000C57r 1  A8             TAY                                                 ; $AC57: A8
000C58r 1  B9 72 9D       LDA $9D72,Y                                         ; $AC58: B9 72 9D
000C5Br 1  30 D6          BMI LAC33                                           ; $AC5B: 30 D6
000C5Dr 1  A0 05          LDY #$05                                            ; $AC5D: A0 05
000C5Fr 1  91 22          STA ($22),Y                                         ; $AC5F: 91 22
000C61r 1  A9 FF          LDA #$FF                                            ; $AC61: A9 FF
000C63r 1  8D 2D 00       STA a:$002D                                         ; $AC63: 8D 2D 00
000C66r 1  60             RTS                                                 ; $AC66: 60
000C67r 1               .endproc
000C67r 1               LABD0 = $ABD0
000C67r 1               LABEE = $ABEE
000C67r 1               LAC21 = $AC21
000C67r 1               LAC33 = $AC33
000C67r 1               LAC47 = $AC47
000C67r 1               
000C67r 1               
000C67r 1               ;===============================================================================
000C67r 1               ; $AC67: Proc_AC67
000C67r 1               ;===============================================================================
000C67r 1               .proc Proc_AC67
000C67r 1               
000C67r 1  20 rr rr       JSR Proc_AEBF                                       ; $AC67: 20 BF AE
000C6Ar 1  AD 22 05       LDA $0522                                           ; $AC6A: AD 22 05
000C6Dr 1  38             SEC                                                 ; $AC6D: 38
000C6Er 1  E5 2A          SBC $2A                                             ; $AC6E: E5 2A
000C70r 1  8D 22 05       STA $0522                                           ; $AC70: 8D 22 05
000C73r 1  AD 23 05       LDA $0523                                           ; $AC73: AD 23 05
000C76r 1  E5 2B          SBC $2B                                             ; $AC76: E5 2B
000C78r 1  8D 23 05       STA $0523                                           ; $AC78: 8D 23 05
000C7Br 1  B0 08          .byte $B0,$08                                       ; $AC7B: B0 08 (BCS mid-instruction target)
000C7Dr 1  A9 00          LDA #$00                                            ; $AC7D: A9 00
000C7Fr 1  8D 22 05       STA $0522                                           ; $AC7F: 8D 22 05
000C82r 1  8D 23 05       STA $0523                                           ; $AC82: 8D 23 05
000C85r 1  AD 24 05       LDA $0524                                           ; $AC85: AD 24 05
000C88r 1  38             SEC                                                 ; $AC88: 38
000C89r 1  E5 2C          SBC $2C                                             ; $AC89: E5 2C
000C8Br 1  8D 24 05       STA $0524                                           ; $AC8B: 8D 24 05
000C8Er 1  AD 25 05       LDA $0525                                           ; $AC8E: AD 25 05
000C91r 1  E5 2D          SBC $2D                                             ; $AC91: E5 2D
000C93r 1  8D 25 05       STA $0525                                           ; $AC93: 8D 25 05
000C96r 1  B0 08          .byte $B0,$08                                       ; $AC96: B0 08 (BCS mid-instruction target)
000C98r 1  A9 00          LDA #$00                                            ; $AC98: A9 00
000C9Ar 1  8D 24 05       STA $0524                                           ; $AC9A: 8D 24 05
000C9Dr 1  8D 25 05       STA $0525                                           ; $AC9D: 8D 25 05
000CA0r 1  20 67 CE       JSR $CE67                                           ; $ACA0: 20 67 CE
000CA3r 1  20 rr rr       JSR Proc_CEDD                                       ; $ACA3: 20 DD CE
000CA6r 1  AD 38 00       LDA a:$0038                                         ; $ACA6: AD 38 00
000CA9r 1  20 rr rr       JSR Proc_D105                                       ; $ACA9: 20 05 D1
000CACr 1  A0 04          LDY #$04                                            ; $ACAC: A0 04
000CAEr 1  AD 22 05       LDA $0522                                           ; $ACAE: AD 22 05
000CB1r 1  18             CLC                                                 ; $ACB1: 18
000CB2r 1  6D 24 05       ADC $0524                                           ; $ACB2: 6D 24 05
000CB5r 1  91 20          STA ($20),Y                                         ; $ACB5: 91 20
000CB7r 1  C8             INY                                                 ; $ACB7: C8
000CB8r 1  AD 23 05       LDA $0523                                           ; $ACB8: AD 23 05
000CBBr 1  6D 25 05       ADC $0525                                           ; $ACBB: 6D 25 05
000CBEr 1  91 20          STA ($20),Y                                         ; $ACBE: 91 20
000CC0r 1  A0 02          LDY #$02                                            ; $ACC0: A0 02
000CC2r 1  AD 26 05       LDA $0526                                           ; $ACC2: AD 26 05
000CC5r 1  18             CLC                                                 ; $ACC5: 18
000CC6r 1  6D 28 05       ADC $0528                                           ; $ACC6: 6D 28 05
000CC9r 1  91 20          STA ($20),Y                                         ; $ACC9: 91 20
000CCBr 1  C8             INY                                                 ; $ACCB: C8
000CCCr 1  AD 27 05       LDA $0527                                           ; $ACCC: AD 27 05
000CCFr 1  6D 29 05       ADC $0529                                           ; $ACCF: 6D 29 05
000CD2r 1  91 20          STA ($20),Y                                         ; $ACD2: 91 20
000CD4r 1  60             RTS                                                 ; $ACD4: 60
000CD5r 1  A9 00          LDA #$00                                            ; $ACD5: A9 00
000CD7r 1  8D 3C 00       STA a:$003C                                         ; $ACD7: 8D 3C 00
000CDAr 1  8D 3D 00       STA a:$003D                                         ; $ACDA: 8D 3D 00
000CDDr 1  8D 3E 00       STA a:$003E                                         ; $ACDD: 8D 3E 00
000CE0r 1  8D 3F 00       STA a:$003F                                         ; $ACE0: 8D 3F 00
000CE3r 1  8D 40 00       STA a:$0040                                         ; $ACE3: 8D 40 00
000CE6r 1  8D 41 00       STA a:$0041                                         ; $ACE6: 8D 41 00
000CE9r 1  8D 42 00       STA a:$0042                                         ; $ACE9: 8D 42 00
000CECr 1  8D 43 00       STA a:$0043                                         ; $ACEC: 8D 43 00
000CEFr 1  8D 44 00       STA a:$0044                                         ; $ACEF: 8D 44 00
000CF2r 1               LACF2:
000CF2r 1  AC 40 00       LDY a:$0040                                         ; $ACF2: AC 40 00
000CF5r 1  B9 6E 06       LDA $066E,Y                                         ; $ACF5: B9 6E 06
000CF8r 1  C9 FF          CMP #$FF                                            ; $ACF8: C9 FF
000CFAr 1  F0 34          BEQ LAD30                                           ; $ACFA: F0 34
000CFCr 1  A0 01          LDY #$01                                            ; $ACFC: A0 01
000CFEr 1  20 AB D2       JSR $D2AB                                           ; $ACFE: 20 AB D2
000D01r 1  18             CLC                                                 ; $AD01: 18
000D02r 1  6D 41 00       ADC a:$0041                                         ; $AD02: 6D 41 00
000D05r 1  8D 41 00       STA a:$0041                                         ; $AD05: 8D 41 00
000D08r 1  AD 42 00       LDA a:$0042                                         ; $AD08: AD 42 00
000D0Br 1  69 00          ADC #$00                                            ; $AD0B: 69 00
000D0Dr 1  8D 42 00       STA a:$0042                                         ; $AD0D: 8D 42 00
000D10r 1  A0 08          LDY #$08                                            ; $AD10: A0 08
000D12r 1  B1 22          LDA ($22),Y                                         ; $AD12: B1 22
000D14r 1  18             CLC                                                 ; $AD14: 18
000D15r 1  6D 43 00       ADC a:$0043                                         ; $AD15: 6D 43 00
000D18r 1  8D 43 00       STA a:$0043                                         ; $AD18: 8D 43 00
000D1Br 1  C8             INY                                                 ; $AD1B: C8
000D1Cr 1  B1 22          LDA ($22),Y                                         ; $AD1C: B1 22
000D1Er 1  29 03          AND #$03                                            ; $AD1E: 29 03
000D20r 1  6D 44 00       ADC a:$0044                                         ; $AD20: 6D 44 00
000D23r 1  8D 44 00       STA a:$0044                                         ; $AD23: 8D 44 00
000D26r 1  EE 40 00       INC a:$0040                                         ; $AD26: EE 40 00
000D29r 1  AD 40 00       LDA a:$0040                                         ; $AD29: AD 40 00
000D2Cr 1  C9 0A          CMP #$0A                                            ; $AD2C: C9 0A
000D2Er 1  90 C2          BCC LACF2                                           ; $AD2E: 90 C2
000D30r 1               LAD30:
000D30r 1  AD 41 00       LDA a:$0041                                         ; $AD30: AD 41 00
000D33r 1  85 21          STA $21                                             ; $AD33: 85 21
000D35r 1  AD 42 00       LDA a:$0042                                         ; $AD35: AD 42 00
000D38r 1  85 22          STA $22                                             ; $AD38: 85 22
000D3Ar 1  A9 0A          LDA #$0A                                            ; $AD3A: A9 0A
000D3Cr 1  85 23          STA $23                                             ; $AD3C: 85 23
000D3Er 1  A9 00          LDA #$00                                            ; $AD3E: A9 00
000D40r 1  85 24          STA $24                                             ; $AD40: 85 24
000D42r 1  20 rr rr       JSR Proc_D40F                                       ; $AD42: 20 0F D4
000D45r 1  A5 21          LDA $21                                             ; $AD45: A5 21
000D47r 1  8D 3C 00       STA a:$003C                                         ; $AD47: 8D 3C 00
000D4Ar 1  AD 43 00       LDA a:$0043                                         ; $AD4A: AD 43 00
000D4Dr 1  85 21          STA $21                                             ; $AD4D: 85 21
000D4Fr 1  AD 44 00       LDA a:$0044                                         ; $AD4F: AD 44 00
000D52r 1  85 22          STA $22                                             ; $AD52: 85 22
000D54r 1  A9 64          LDA #$64                                            ; $AD54: A9 64
000D56r 1  85 23          STA $23                                             ; $AD56: 85 23
000D58r 1  A9 00          LDA #$00                                            ; $AD58: A9 00
000D5Ar 1  85 24          STA $24                                             ; $AD5A: 85 24
000D5Cr 1  20 rr rr       JSR Proc_D40F                                       ; $AD5C: 20 0F D4
000D5Fr 1  AD 3C 00       LDA a:$003C                                         ; $AD5F: AD 3C 00
000D62r 1  18             CLC                                                 ; $AD62: 18
000D63r 1  65 21          ADC $21                                             ; $AD63: 65 21
000D65r 1  8D 3C 00       STA a:$003C                                         ; $AD65: 8D 3C 00
000D68r 1  AD 3D 00       LDA a:$003D                                         ; $AD68: AD 3D 00
000D6Br 1  69 00          ADC #$00                                            ; $AD6B: 69 00
000D6Dr 1  8D 3D 00       STA a:$003D                                         ; $AD6D: 8D 3D 00
000D70r 1  AD 6E 06       LDA $066E                                           ; $AD70: AD 6E 06
000D73r 1  A0 07          LDY #$07                                            ; $AD73: A0 07
000D75r 1  20 AB D2       JSR $D2AB                                           ; $AD75: 20 AB D2
000D78r 1  4A             LSR A                                               ; $AD78: 4A
000D79r 1  4A             LSR A                                               ; $AD79: 4A
000D7Ar 1  4A             LSR A                                               ; $AD7A: 4A
000D7Br 1  4A             LSR A                                               ; $AD7B: 4A
000D7Cr 1  85 20          STA $20                                             ; $AD7C: 85 20
000D7Er 1  A9 0A          LDA #$0A                                            ; $AD7E: A9 0A
000D80r 1  85 21          STA $21                                             ; $AD80: 85 21
000D82r 1  20 rr rr       JSR Proc_D471                                       ; $AD82: 20 71 D4
000D85r 1  AD 3C 00       LDA a:$003C                                         ; $AD85: AD 3C 00
000D88r 1  18             CLC                                                 ; $AD88: 18
000D89r 1  65 2A          ADC $2A                                             ; $AD89: 65 2A
000D8Br 1  8D 3C 00       STA a:$003C                                         ; $AD8B: 8D 3C 00
000D8Er 1  AD 3D 00       LDA a:$003D                                         ; $AD8E: AD 3D 00
000D91r 1  69 00          ADC #$00                                            ; $AD91: 69 00
000D93r 1  8D 3D 00       STA a:$003D                                         ; $AD93: 8D 3D 00
000D96r 1  A9 00          LDA #$00                                            ; $AD96: A9 00
000D98r 1  8D 40 00       STA a:$0040                                         ; $AD98: 8D 40 00
000D9Br 1  8D 41 00       STA a:$0041                                         ; $AD9B: 8D 41 00
000D9Er 1  8D 42 00       STA a:$0042                                         ; $AD9E: 8D 42 00
000DA1r 1  8D 43 00       STA a:$0043                                         ; $ADA1: 8D 43 00
000DA4r 1  8D 44 00       STA a:$0044                                         ; $ADA4: 8D 44 00
000DA7r 1               LADA7:
000DA7r 1  AC 40 00       LDY a:$0040                                         ; $ADA7: AC 40 00
000DAAr 1  B9 64 06       LDA $0664,Y                                         ; $ADAA: B9 64 06
000DADr 1  C9 FF          CMP #$FF                                            ; $ADAD: C9 FF
000DAFr 1  F0 34          BEQ LADE5                                           ; $ADAF: F0 34
000DB1r 1  A0 01          LDY #$01                                            ; $ADB1: A0 01
000DB3r 1  20 AB D2       JSR $D2AB                                           ; $ADB3: 20 AB D2
000DB6r 1  18             CLC                                                 ; $ADB6: 18
000DB7r 1  6D 41 00       ADC a:$0041                                         ; $ADB7: 6D 41 00
000DBAr 1  8D 41 00       STA a:$0041                                         ; $ADBA: 8D 41 00
000DBDr 1  AD 42 00       LDA a:$0042                                         ; $ADBD: AD 42 00
000DC0r 1  69 00          ADC #$00                                            ; $ADC0: 69 00
000DC2r 1  8D 42 00       STA a:$0042                                         ; $ADC2: 8D 42 00
000DC5r 1  A0 08          LDY #$08                                            ; $ADC5: A0 08
000DC7r 1  B1 22          LDA ($22),Y                                         ; $ADC7: B1 22
000DC9r 1  18             CLC                                                 ; $ADC9: 18
000DCAr 1  6D 43 00       ADC a:$0043                                         ; $ADCA: 6D 43 00
000DCDr 1  8D 43 00       STA a:$0043                                         ; $ADCD: 8D 43 00
000DD0r 1  C8             INY                                                 ; $ADD0: C8
000DD1r 1  B1 22          LDA ($22),Y                                         ; $ADD1: B1 22
000DD3r 1  29 03          AND #$03                                            ; $ADD3: 29 03
000DD5r 1  6D 44 00       ADC a:$0044                                         ; $ADD5: 6D 44 00
000DD8r 1  8D 44 00       STA a:$0044                                         ; $ADD8: 8D 44 00
000DDBr 1  EE 40 00       INC a:$0040                                         ; $ADDB: EE 40 00
000DDEr 1  AD 40 00       LDA a:$0040                                         ; $ADDE: AD 40 00
000DE1r 1  C9 0A          CMP #$0A                                            ; $ADE1: C9 0A
000DE3r 1  90 C2          BCC LADA7                                           ; $ADE3: 90 C2
000DE5r 1               LADE5:
000DE5r 1  AD 41 00       LDA a:$0041                                         ; $ADE5: AD 41 00
000DE8r 1  85 21          STA $21                                             ; $ADE8: 85 21
000DEAr 1  AD 42 00       LDA a:$0042                                         ; $ADEA: AD 42 00
000DEDr 1  85 22          STA $22                                             ; $ADED: 85 22
000DEFr 1  A9 0A          LDA #$0A                                            ; $ADEF: A9 0A
000DF1r 1  85 23          STA $23                                             ; $ADF1: 85 23
000DF3r 1  A9 00          LDA #$00                                            ; $ADF3: A9 00
000DF5r 1  85 24          STA $24                                             ; $ADF5: 85 24
000DF7r 1  20 rr rr       JSR Proc_D40F                                       ; $ADF7: 20 0F D4
000DFAr 1  A5 21          LDA $21                                             ; $ADFA: A5 21
000DFCr 1  8D 3E 00       STA a:$003E                                         ; $ADFC: 8D 3E 00
000DFFr 1  AD 43 00       LDA a:$0043                                         ; $ADFF: AD 43 00
000E02r 1  85 21          STA $21                                             ; $AE02: 85 21
000E04r 1  AD 44 00       LDA a:$0044                                         ; $AE04: AD 44 00
000E07r 1  85 22          STA $22                                             ; $AE07: 85 22
000E09r 1  A9 64          LDA #$64                                            ; $AE09: A9 64
000E0Br 1  85 23          STA $23                                             ; $AE0B: 85 23
000E0Dr 1  A9 00          LDA #$00                                            ; $AE0D: A9 00
000E0Fr 1  85 24          STA $24                                             ; $AE0F: 85 24
000E11r 1  20 rr rr       JSR Proc_D40F                                       ; $AE11: 20 0F D4
000E14r 1  AD 3E 00       LDA a:$003E                                         ; $AE14: AD 3E 00
000E17r 1  18             CLC                                                 ; $AE17: 18
000E18r 1  65 21          ADC $21                                             ; $AE18: 65 21
000E1Ar 1  8D 3E 00       STA a:$003E                                         ; $AE1A: 8D 3E 00
000E1Dr 1  AD 3F 00       LDA a:$003F                                         ; $AE1D: AD 3F 00
000E20r 1  69 00          ADC #$00                                            ; $AE20: 69 00
000E22r 1  8D 3F 00       STA a:$003F                                         ; $AE22: 8D 3F 00
000E25r 1  AD 64 06       LDA $0664                                           ; $AE25: AD 64 06
000E28r 1  A0 07          LDY #$07                                            ; $AE28: A0 07
000E2Ar 1  20 AB D2       JSR $D2AB                                           ; $AE2A: 20 AB D2
000E2Dr 1  4A             LSR A                                               ; $AE2D: 4A
000E2Er 1  4A             LSR A                                               ; $AE2E: 4A
000E2Fr 1  4A             LSR A                                               ; $AE2F: 4A
000E30r 1  4A             LSR A                                               ; $AE30: 4A
000E31r 1  85 20          STA $20                                             ; $AE31: 85 20
000E33r 1  A9 0A          LDA #$0A                                            ; $AE33: A9 0A
000E35r 1  85 21          STA $21                                             ; $AE35: 85 21
000E37r 1  20 rr rr       JSR Proc_D471                                       ; $AE37: 20 71 D4
000E3Ar 1  AD 3E 00       LDA a:$003E                                         ; $AE3A: AD 3E 00
000E3Dr 1  18             CLC                                                 ; $AE3D: 18
000E3Er 1  65 2A          ADC $2A                                             ; $AE3E: 65 2A
000E40r 1  8D 3E 00       STA a:$003E                                         ; $AE40: 8D 3E 00
000E43r 1  AD 3F 00       LDA a:$003F                                         ; $AE43: AD 3F 00
000E46r 1  65 2B          ADC $2B                                             ; $AE46: 65 2B
000E48r 1  8D 3F 00       STA a:$003F                                         ; $AE48: 8D 3F 00
000E4Br 1  AD 3C 00       LDA a:$003C                                         ; $AE4B: AD 3C 00
000E4Er 1  85 20          STA $20                                             ; $AE4E: 85 20
000E50r 1  AD 3D 00       LDA a:$003D                                         ; $AE50: AD 3D 00
000E53r 1  85 21          STA $21                                             ; $AE53: 85 21
000E55r 1  A9 00          LDA #$00                                            ; $AE55: A9 00
000E57r 1  85 22          STA $22                                             ; $AE57: 85 22
000E59r 1  A9 64          LDA #$64                                            ; $AE59: A9 64
000E5Br 1  85 23          STA $23                                             ; $AE5B: 85 23
000E5Dr 1  20 rr rr       JSR Proc_D438                                       ; $AE5D: 20 38 D4
000E60r 1  A5 26          LDA $26                                             ; $AE60: A5 26
000E62r 1  85 21          STA $21                                             ; $AE62: 85 21
000E64r 1  A5 27          LDA $27                                             ; $AE64: A5 27
000E66r 1  85 22          STA $22                                             ; $AE66: 85 22
000E68r 1  AD 3C 00       LDA a:$003C                                         ; $AE68: AD 3C 00
000E6Br 1  18             CLC                                                 ; $AE6B: 18
000E6Cr 1  6D 3E 00       ADC a:$003E                                         ; $AE6C: 6D 3E 00
000E6Fr 1  85 23          STA $23                                             ; $AE6F: 85 23
000E71r 1  AD 3D 00       LDA a:$003D                                         ; $AE71: AD 3D 00
000E74r 1  6D 3F 00       ADC a:$003F                                         ; $AE74: 6D 3F 00
000E77r 1  85 24          STA $24                                             ; $AE77: 85 24
000E79r 1  20 rr rr       JSR Proc_D40F                                       ; $AE79: 20 0F D4
000E7Cr 1  A5 21          LDA $21                                             ; $AE7C: A5 21
000E7Er 1  8D 3C 00       STA a:$003C                                         ; $AE7E: 8D 3C 00
000E81r 1  AD 3C 00       LDA a:$003C                                         ; $AE81: AD 3C 00
000E84r 1  4A             LSR A                                               ; $AE84: 4A
000E85r 1  38             SEC                                                 ; $AE85: 38
000E86r 1  E9 19          SBC #$19                                            ; $AE86: E9 19
000E88r 1  B0 05          .byte $B0,$05                                       ; $AE88: B0 05 (BCS mid-instruction target)
000E8Ar 1  49 FF          EOR #$FF                                            ; $AE8A: 49 FF
000E8Cr 1  18             CLC                                                 ; $AE8C: 18
000E8Dr 1  69 01          ADC #$01                                            ; $AE8D: 69 01
000E8Fr 1  85 20          STA $20                                             ; $AE8F: 85 20
000E91r 1  A9 1E          LDA #$1E                                            ; $AE91: A9 1E
000E93r 1  38             SEC                                                 ; $AE93: 38
000E94r 1  E5 20          SBC $20                                             ; $AE94: E5 20
000E96r 1  8D 8D 6F       STA $6F8D                                           ; $AE96: 8D 8D 6F
000E99r 1  20 rr rr       JSR Proc_AEBF                                       ; $AE99: 20 BF AE
000E9Cr 1  AD 22 05       LDA $0522                                           ; $AE9C: AD 22 05
000E9Fr 1  38             SEC                                                 ; $AE9F: 38
000EA0r 1  E5 2A          SBC $2A                                             ; $AEA0: E5 2A
000EA2r 1  AD 23 05       LDA $0523                                           ; $AEA2: AD 23 05
000EA5r 1  E5 2B          SBC $2B                                             ; $AEA5: E5 2B
000EA7r 1  90 0A          .byte $90,$0A                                       ; $AEA7: 90 0A (BCC mid-instruction target)
000EA9r 1  A9 64          LDA #$64                                            ; $AEA9: A9 64
000EABr 1  20 rr rr       JSR Proc_D4BB                                       ; $AEAB: 20 BB D4
000EAEr 1  CD 3C 00       CMP a:$003C                                         ; $AEAE: CD 3C 00
000EB1r 1  B0 06          BCS LAEB9                                           ; $AEB1: B0 06
000EB3r 1  A9 00          LDA #$00                                            ; $AEB3: A9 00
000EB5r 1  8D 8C 6F       STA $6F8C                                           ; $AEB5: 8D 8C 6F
000EB8r 1  60             RTS                                                 ; $AEB8: 60
000EB9r 1               LAEB9:
000EB9r 1  A9 01          LDA #$01                                            ; $AEB9: A9 01
000EBBr 1  8D 8C 6F       STA $6F8C                                           ; $AEBB: 8D 8C 6F
000EBEr 1  60             RTS                                                 ; $AEBE: 60
000EBFr 1               .endproc
000EBFr 1               LACF2 = $ACF2
000EBFr 1               LAD30 = $AD30
000EBFr 1               LADA7 = $ADA7
000EBFr 1               LADE5 = $ADE5
000EBFr 1               LAEB9 = $AEB9
000EBFr 1               
000EBFr 1               
000EBFr 1               ;===============================================================================
000EBFr 1               ; $AEBF: Proc_AEBF
000EBFr 1               ;===============================================================================
000EBFr 1               .proc Proc_AEBF
000EBFr 1               
000EBFr 1  A9 00          LDA #$00                                            ; $AEBF: A9 00
000EC1r 1  85 24          STA $24                                             ; $AEC1: 85 24
000EC3r 1  85 25          STA $25                                             ; $AEC3: 85 25
000EC5r 1  85 26          STA $26                                             ; $AEC5: 85 26
000EC7r 1  A4 24          LDY $24                                             ; $AEC7: A4 24
000EC9r 1  B9 64 06       LDA $0664,Y                                         ; $AEC9: B9 64 06
000ECCr 1  C9 FF          CMP #$FF                                            ; $AECC: C9 FF
000ECEr 1  F0 11          .byte $F0,$11                                       ; $AECE: F0 11 (BEQ mid-instruction target)
000ED0r 1  A0 08          LDY #$08                                            ; $AED0: A0 08
000ED2r 1  20 AB D2       JSR $D2AB                                           ; $AED2: 20 AB D2
000ED5r 1  18             CLC                                                 ; $AED5: 18
000ED6r 1  65 25          ADC $25                                             ; $AED6: 65 25
000ED8r 1  85 25          STA $25                                             ; $AED8: 85 25
000EDAr 1  C8             INY                                                 ; $AEDA: C8
000EDBr 1  B1 22          LDA ($22),Y                                         ; $AEDB: B1 22
000EDDr 1  65 26          ADC $26                                             ; $AEDD: 65 26
000EDFr 1  85 26          STA $26                                             ; $AEDF: 85 26
000EE1r 1  E6 24          INC $24                                             ; $AEE1: E6 24
000EE3r 1  A5 24          LDA $24                                             ; $AEE3: A5 24
000EE5r 1  C9 0A          CMP #$0A                                            ; $AEE5: C9 0A
000EE7r 1  90 DE          .byte $90,$DE                                       ; $AEE7: 90 DE (BCC mid-instruction target)
000EE9r 1  A5 25          LDA $25                                             ; $AEE9: A5 25
000EEBr 1  85 21          STA $21                                             ; $AEEB: 85 21
000EEDr 1  A5 26          LDA $26                                             ; $AEED: A5 26
000EEFr 1  85 22          STA $22                                             ; $AEEF: 85 22
000EF1r 1  A9 64          LDA #$64                                            ; $AEF1: A9 64
000EF3r 1  85 23          STA $23                                             ; $AEF3: 85 23
000EF5r 1  A9 00          LDA #$00                                            ; $AEF5: A9 00
000EF7r 1  85 24          STA $24                                             ; $AEF7: 85 24
000EF9r 1  20 rr rr       JSR Proc_D40F                                       ; $AEF9: 20 0F D4
000EFCr 1  A5 21          LDA $21                                             ; $AEFC: A5 21
000EFEr 1  85 20          STA $20                                             ; $AEFE: 85 20
000F00r 1  A5 22          LDA $22                                             ; $AF00: A5 22
000F02r 1  85 21          STA $21                                             ; $AF02: 85 21
000F04r 1  A9 00          LDA #$00                                            ; $AF04: A9 00
000F06r 1  85 22          STA $22                                             ; $AF06: 85 22
000F08r 1  AD 8D 6F       LDA $6F8D                                           ; $AF08: AD 8D 6F
000F0Br 1  0A             ASL A                                               ; $AF0B: 0A
000F0Cr 1  0A             ASL A                                               ; $AF0C: 0A
000F0Dr 1  85 23          STA $23                                             ; $AF0D: 85 23
000F0Fr 1  20 rr rr       JSR Proc_D438                                       ; $AF0F: 20 38 D4
000F12r 1  A5 26          LDA $26                                             ; $AF12: A5 26
000F14r 1  85 21          STA $21                                             ; $AF14: 85 21
000F16r 1  A5 27          LDA $27                                             ; $AF16: A5 27
000F18r 1  85 22          STA $22                                             ; $AF18: 85 22
000F1Ar 1  A9 0A          LDA #$0A                                            ; $AF1A: A9 0A
000F1Cr 1  85 23          STA $23                                             ; $AF1C: 85 23
000F1Er 1  A9 00          LDA #$00                                            ; $AF1E: A9 00
000F20r 1  85 24          STA $24                                             ; $AF20: 85 24
000F22r 1  20 rr rr       JSR Proc_D40F                                       ; $AF22: 20 0F D4
000F25r 1  A5 21          LDA $21                                             ; $AF25: A5 21
000F27r 1  85 2A          STA $2A                                             ; $AF27: 85 2A
000F29r 1  A5 22          LDA $22                                             ; $AF29: A5 22
000F2Br 1  85 2B          STA $2B                                             ; $AF2B: 85 2B
000F2Dr 1  A9 00          LDA #$00                                            ; $AF2D: A9 00
000F2Fr 1  85 24          STA $24                                             ; $AF2F: 85 24
000F31r 1  85 25          STA $25                                             ; $AF31: 85 25
000F33r 1  85 26          STA $26                                             ; $AF33: 85 26
000F35r 1  A4 24          LDY $24                                             ; $AF35: A4 24
000F37r 1  B9 6E 06       LDA $066E,Y                                         ; $AF37: B9 6E 06
000F3Ar 1  C9 FF          CMP #$FF                                            ; $AF3A: C9 FF
000F3Cr 1  F0 11          .byte $F0,$11                                       ; $AF3C: F0 11 (BEQ mid-instruction target)
000F3Er 1  A0 08          LDY #$08                                            ; $AF3E: A0 08
000F40r 1  20 AB D2       JSR $D2AB                                           ; $AF40: 20 AB D2
000F43r 1  18             CLC                                                 ; $AF43: 18
000F44r 1  65 25          ADC $25                                             ; $AF44: 65 25
000F46r 1  85 25          STA $25                                             ; $AF46: 85 25
000F48r 1  C8             INY                                                 ; $AF48: C8
000F49r 1  B1 22          LDA ($22),Y                                         ; $AF49: B1 22
000F4Br 1  65 26          ADC $26                                             ; $AF4B: 65 26
000F4Dr 1  85 26          STA $26                                             ; $AF4D: 85 26
000F4Fr 1  E6 24          INC $24                                             ; $AF4F: E6 24
000F51r 1  A5 24          LDA $24                                             ; $AF51: A5 24
000F53r 1  C9 0A          CMP #$0A                                            ; $AF53: C9 0A
000F55r 1  90 DE          .byte $90,$DE                                       ; $AF55: 90 DE (BCC mid-instruction target)
000F57r 1  A5 25          LDA $25                                             ; $AF57: A5 25
000F59r 1  85 21          STA $21                                             ; $AF59: 85 21
000F5Br 1  A5 26          LDA $26                                             ; $AF5B: A5 26
000F5Dr 1  85 22          STA $22                                             ; $AF5D: 85 22
000F5Fr 1  A9 64          LDA #$64                                            ; $AF5F: A9 64
000F61r 1  85 23          STA $23                                             ; $AF61: 85 23
000F63r 1  A9 00          LDA #$00                                            ; $AF63: A9 00
000F65r 1  85 24          STA $24                                             ; $AF65: 85 24
000F67r 1  20 rr rr       JSR Proc_D40F                                       ; $AF67: 20 0F D4
000F6Ar 1  A5 21          LDA $21                                             ; $AF6A: A5 21
000F6Cr 1  85 20          STA $20                                             ; $AF6C: 85 20
000F6Er 1  A5 22          LDA $22                                             ; $AF6E: A5 22
000F70r 1  85 21          STA $21                                             ; $AF70: 85 21
000F72r 1  A9 00          LDA #$00                                            ; $AF72: A9 00
000F74r 1  85 22          STA $22                                             ; $AF74: 85 22
000F76r 1  AD 8D 6F       LDA $6F8D                                           ; $AF76: AD 8D 6F
000F79r 1  0A             ASL A                                               ; $AF79: 0A
000F7Ar 1  0A             ASL A                                               ; $AF7A: 0A
000F7Br 1  85 23          STA $23                                             ; $AF7B: 85 23
000F7Dr 1  20 rr rr       JSR Proc_D438                                       ; $AF7D: 20 38 D4
000F80r 1  A5 26          LDA $26                                             ; $AF80: A5 26
000F82r 1  85 21          STA $21                                             ; $AF82: 85 21
000F84r 1  A5 27          LDA $27                                             ; $AF84: A5 27
000F86r 1  85 22          STA $22                                             ; $AF86: 85 22
000F88r 1  A9 0A          LDA #$0A                                            ; $AF88: A9 0A
000F8Ar 1  85 23          STA $23                                             ; $AF8A: 85 23
000F8Cr 1  A9 00          LDA #$00                                            ; $AF8C: A9 00
000F8Er 1  85 24          STA $24                                             ; $AF8E: 85 24
000F90r 1  20 rr rr       JSR Proc_D40F                                       ; $AF90: 20 0F D4
000F93r 1  A5 21          LDA $21                                             ; $AF93: A5 21
000F95r 1  85 2C          STA $2C                                             ; $AF95: 85 2C
000F97r 1  A5 22          LDA $22                                             ; $AF97: A5 22
000F99r 1  85 2D          STA $2D                                             ; $AF99: 85 2D
000F9Br 1  60             RTS                                                 ; $AF9B: 60
000F9Cr 1  AD 77 6F       LDA $6F77                                           ; $AF9C: AD 77 6F
000F9Fr 1  85 20          STA $20                                             ; $AF9F: 85 20
000FA1r 1  A9 78          LDA #$78                                            ; $AFA1: A9 78
000FA3r 1  85 21          STA $21                                             ; $AFA3: 85 21
000FA5r 1  20 rr rr       JSR Proc_D471                                       ; $AFA5: 20 71 D4
000FA8r 1  A5 2A          LDA $2A                                             ; $AFA8: A5 2A
000FAAr 1  18             CLC                                                 ; $AFAA: 18
000FABr 1  6D 73 6F       ADC $6F73                                           ; $AFAB: 6D 73 6F
000FAEr 1  8D 73 6F       STA $6F73                                           ; $AFAE: 8D 73 6F
000FB1r 1  A5 2B          LDA $2B                                             ; $AFB1: A5 2B
000FB3r 1  6D 74 6F       ADC $6F74                                           ; $AFB3: 6D 74 6F
000FB6r 1  8D 74 6F       STA $6F74                                           ; $AFB6: 8D 74 6F
000FB9r 1  AD 78 6F       LDA $6F78                                           ; $AFB9: AD 78 6F
000FBCr 1  85 20          STA $20                                             ; $AFBC: 85 20
000FBEr 1  A9 78          LDA #$78                                            ; $AFBE: A9 78
000FC0r 1  85 21          STA $21                                             ; $AFC0: 85 21
000FC2r 1  20 rr rr       JSR Proc_D471                                       ; $AFC2: 20 71 D4
000FC5r 1  A5 2A          LDA $2A                                             ; $AFC5: A5 2A
000FC7r 1  18             CLC                                                 ; $AFC7: 18
000FC8r 1  6D 75 6F       ADC $6F75                                           ; $AFC8: 6D 75 6F
000FCBr 1  8D 75 6F       STA $6F75                                           ; $AFCB: 8D 75 6F
000FCEr 1  A5 2B          LDA $2B                                             ; $AFCE: A5 2B
000FD0r 1  6D 76 6F       ADC $6F76                                           ; $AFD0: 6D 76 6F
000FD3r 1  8D 76 6F       STA $6F76                                           ; $AFD3: 8D 76 6F
000FD6r 1  AD 75 6F       LDA $6F75                                           ; $AFD6: AD 75 6F
000FD9r 1  85 21          STA $21                                             ; $AFD9: 85 21
000FDBr 1  AD 76 6F       LDA $6F76                                           ; $AFDB: AD 76 6F
000FDEr 1  85 22          STA $22                                             ; $AFDE: 85 22
000FE0r 1  AD 3C 00       LDA a:$003C                                         ; $AFE0: AD 3C 00
000FE3r 1  85 23          STA $23                                             ; $AFE3: 85 23
000FE5r 1  A9 00          LDA #$00                                            ; $AFE5: A9 00
000FE7r 1  85 24          STA $24                                             ; $AFE7: 85 24
000FE9r 1  20 rr rr       JSR Proc_D40F                                       ; $AFE9: 20 0F D4
000FECr 1  A5 21          LDA $21                                             ; $AFEC: A5 21
000FEEr 1  8D 75 6F       STA $6F75                                           ; $AFEE: 8D 75 6F
000FF1r 1  A5 22          LDA $22                                             ; $AFF1: A5 22
000FF3r 1  8D 76 6F       STA $6F76                                           ; $AFF3: 8D 76 6F
000FF6r 1  AD 73 6F       LDA $6F73                                           ; $AFF6: AD 73 6F
000FF9r 1  85 21          STA $21                                             ; $AFF9: 85 21
000FFBr 1  AD 74 6F       LDA $6F74                                           ; $AFFB: AD 74 6F
000FFEr 1  85 22          STA $22                                             ; $AFFE: 85 22
001000r 1  AD 3D 00       LDA a:$003D                                         ; $B000: AD 3D 00
001003r 1  85 23          STA $23                                             ; $B003: 85 23
001005r 1  A9 00          LDA #$00                                            ; $B005: A9 00
001007r 1  85 24          STA $24                                             ; $B007: 85 24
001009r 1  20 rr rr       JSR Proc_D40F                                       ; $B009: 20 0F D4
00100Cr 1  A5 21          LDA $21                                             ; $B00C: A5 21
00100Er 1  8D 73 6F       STA $6F73                                           ; $B00E: 8D 73 6F
001011r 1  A5 22          LDA $22                                             ; $B011: A5 22
001013r 1  8D 74 6F       STA $6F74                                           ; $B013: 8D 74 6F
001016r 1  A9 00          LDA #$00                                            ; $B016: A9 00
001018r 1  8D 36 00       STA a:$0036                                         ; $B018: 8D 36 00
00101Br 1               LB01B:
00101Br 1  AC 36 00       LDY a:$0036                                         ; $B01B: AC 36 00
00101Er 1  B9 64 06       LDA $0664,Y                                         ; $B01E: B9 64 06
001021r 1  C9 FF          CMP #$FF                                            ; $B021: C9 FF
001023r 1  F0 0F          .byte $F0,$0F                                       ; $B023: F0 0F (BEQ mid-instruction target)
001025r 1  85 2A          STA $2A                                             ; $B025: 85 2A
001027r 1  AD 75 6F       LDA $6F75                                           ; $B027: AD 75 6F
00102Ar 1  85 2B          STA $2B                                             ; $B02A: 85 2B
00102Cr 1  AD 76 6F       LDA $6F76                                           ; $B02C: AD 76 6F
00102Fr 1  85 2C          STA $2C                                             ; $B02F: 85 2C
001031r 1  20 67 B0       JSR $B067                                           ; $B031: 20 67 B0
001034r 1  EE 36 00       INC a:$0036                                         ; $B034: EE 36 00
001037r 1  AD 36 00       LDA a:$0036                                         ; $B037: AD 36 00
00103Ar 1  C9 0A          CMP #$0A                                            ; $B03A: C9 0A
00103Cr 1  90 DD          BCC LB01B                                           ; $B03C: 90 DD
00103Er 1  A9 00          LDA #$00                                            ; $B03E: A9 00
001040r 1  8D 36 00       STA a:$0036                                         ; $B040: 8D 36 00
001043r 1               LB043:
001043r 1  AC 36 00       LDY a:$0036                                         ; $B043: AC 36 00
001046r 1  B9 6E 06       LDA $066E,Y                                         ; $B046: B9 6E 06
001049r 1  C9 FF          CMP #$FF                                            ; $B049: C9 FF
00104Br 1  F0 0F          .byte $F0,$0F                                       ; $B04B: F0 0F (BEQ mid-instruction target)
00104Dr 1  85 2A          STA $2A                                             ; $B04D: 85 2A
00104Fr 1  AD 73 6F       LDA $6F73                                           ; $B04F: AD 73 6F
001052r 1  85 2B          STA $2B                                             ; $B052: 85 2B
001054r 1  AD 74 6F       LDA $6F74                                           ; $B054: AD 74 6F
001057r 1  85 2C          STA $2C                                             ; $B057: 85 2C
001059r 1  20 67 B0       JSR $B067                                           ; $B059: 20 67 B0
00105Cr 1  EE 36 00       INC a:$0036                                         ; $B05C: EE 36 00
00105Fr 1  AD 36 00       LDA a:$0036                                         ; $B05F: AD 36 00
001062r 1  C9 0A          CMP #$0A                                            ; $B062: C9 0A
001064r 1  90 DD          BCC LB043                                           ; $B064: 90 DD
001066r 1  60             RTS                                                 ; $B066: 60
001067r 1  A5 2A          LDA $2A                                             ; $B067: A5 2A
001069r 1  A0 00          LDY #$00                                            ; $B069: A0 00
00106Br 1  20 AB D2       JSR $D2AB                                           ; $B06B: 20 AB D2
00106Er 1  46 2C          LSR $2C                                             ; $B06E: 46 2C
001070r 1  66 2B          ROR $2B                                             ; $B070: 66 2B
001072r 1  A0 06          LDY #$06                                            ; $B072: A0 06
001074r 1  B1 22          LDA ($22),Y                                         ; $B074: B1 22
001076r 1  18             CLC                                                 ; $B076: 18
001077r 1  65 2B          ADC $2B                                             ; $B077: 65 2B
001079r 1  85 2D          STA $2D                                             ; $B079: 85 2D
00107Br 1  91 22          STA ($22),Y                                         ; $B07B: 91 22
00107Dr 1  C8             INY                                                 ; $B07D: C8
00107Er 1  B1 22          LDA ($22),Y                                         ; $B07E: B1 22
001080r 1  65 2C          ADC $2C                                             ; $B080: 65 2C
001082r 1  85 2E          STA $2E                                             ; $B082: 85 2E
001084r 1  91 22          STA ($22),Y                                         ; $B084: 91 22
001086r 1  A0 06          LDY #$06                                            ; $B086: A0 06
001088r 1  B1 22          LDA ($22),Y                                         ; $B088: B1 22
00108Ar 1  38             SEC                                                 ; $B08A: 38
00108Br 1  E9 4F          SBC #$4F                                            ; $B08B: E9 4F
00108Dr 1  C8             INY                                                 ; $B08D: C8
00108Er 1  B1 22          LDA ($22),Y                                         ; $B08E: B1 22
001090r 1  E9 C3          SBC #$C3                                            ; $B090: E9 C3
001092r 1  90 0B          BCC LB09F                                           ; $B092: 90 0B
001094r 1  A0 06          LDY #$06                                            ; $B094: A0 06
001096r 1  A9 4F          LDA #$4F                                            ; $B096: A9 4F
001098r 1  91 22          STA ($22),Y                                         ; $B098: 91 22
00109Ar 1  C8             INY                                                 ; $B09A: C8
00109Br 1  A9 C3          LDA #$C3                                            ; $B09B: A9 C3
00109Dr 1  91 22          STA ($22),Y                                         ; $B09D: 91 22
00109Fr 1               LB09F:
00109Fr 1  A0 0B          LDY #$0B                                            ; $B09F: A0 0B
0010A1r 1  B1 22          LDA ($22),Y                                         ; $B0A1: B1 22
0010A3r 1  29 F0          AND #$F0                                            ; $B0A3: 29 F0
0010A5r 1  4A             LSR A                                               ; $B0A5: 4A
0010A6r 1  4A             LSR A                                               ; $B0A6: 4A
0010A7r 1  4A             LSR A                                               ; $B0A7: 4A
0010A8r 1  C9 0E          CMP #$0E                                            ; $B0A8: C9 0E
0010AAr 1  B0 0F          BCS LB0BB                                           ; $B0AA: B0 0F
0010ACr 1  A8             TAY                                                 ; $B0AC: A8
0010ADr 1  A5 2D          LDA $2D                                             ; $B0AD: A5 2D
0010AFr 1  38             SEC                                                 ; $B0AF: 38
0010B0r 1  F9 BC B0       SBC $B0BC,Y                                         ; $B0B0: F9 BC B0
0010B3r 1  AD 2E 00       LDA a:$002E                                         ; $B0B3: AD 2E 00
0010B6r 1  F9 BD B0       SBC $B0BD,Y                                         ; $B0B6: F9 BD B0
0010B9r 1  B0 0F          .byte $B0,$0F                                       ; $B0B9: B0 0F (BCS cross-proc)
0010BBr 1               LB0BB:
0010BBr 1  60             RTS                                                 ; $B0BB: 60
0010BCr 1               .endproc
0010BCr 1               LB01B = $B01B
0010BCr 1               LB043 = $B043
0010BCr 1               LB09F = $B09F
0010BCr 1               LB0BB = $B0BB
0010BCr 1               
0010BCr 1               
0010BCr 1               ;===============================================================================
0010BCr 1               ; $B0BC: Proc_B0BC
0010BCr 1               ;===============================================================================
0010BCr 1               .proc Proc_B0BC
0010BCr 1               
0010BCr 1  E8             INX                                                 ; $B0BC: E8
0010BDr 1  03 D0 07 AC    .byte $03,$D0,$07,$AC,$0D,$88,$13,$4C,$1D,$10,$27,$98,$3A; $B0BD: 03 D0 07 AC 0D 88 13 4C 1D 10 27 98 3A
0010C1r 1  0D 88 13 4C  
0010C5r 1  1D 10 27 98  
0010CAr 1               LB0CA:
0010CAr 1  98             TYA                                                 ; $B0CA: 98
0010CBr 1  4A             LSR A                                               ; $B0CB: 4A
0010CCr 1  18             CLC                                                 ; $B0CC: 18
0010CDr 1  69 01          ADC #$01                                            ; $B0CD: 69 01
0010CFr 1  0A             ASL A                                               ; $B0CF: 0A
0010D0r 1  0A             ASL A                                               ; $B0D0: 0A
0010D1r 1  0A             ASL A                                               ; $B0D1: 0A
0010D2r 1  0A             ASL A                                               ; $B0D2: 0A
0010D3r 1  85 2F          STA $2F                                             ; $B0D3: 85 2F
0010D5r 1  A0 0B          LDY #$0B                                            ; $B0D5: A0 0B
0010D7r 1  B1 22          LDA ($22),Y                                         ; $B0D7: B1 22
0010D9r 1  29 F0          AND #$F0                                            ; $B0D9: 29 F0
0010DBr 1  C5 2F          CMP $2F                                             ; $B0DB: C5 2F
0010DDr 1  B0 DC          .byte $B0,$DC                                       ; $B0DD: B0 DC (BCS cross-proc)
0010DFr 1  A0 0B          LDY #$0B                                            ; $B0DF: A0 0B
0010E1r 1  B1 22          LDA ($22),Y                                         ; $B0E1: B1 22
0010E3r 1  29 0F          AND #$0F                                            ; $B0E3: 29 0F
0010E5r 1  05 2F          ORA $2F                                             ; $B0E5: 05 2F
0010E7r 1  91 22          STA ($22),Y                                         ; $B0E7: 91 22
0010E9r 1  A0 01          LDY #$01                                            ; $B0E9: A0 01
0010EBr 1  B1 22          LDA ($22),Y                                         ; $B0EB: B1 22
0010EDr 1  A0 06          LDY #$06                                            ; $B0ED: A0 06
0010EFr 1  C9 33          CMP #$33                                            ; $B0EF: C9 33
0010F1r 1  90 12          BCC LB105                                           ; $B0F1: 90 12
0010F3r 1  A0 05          LDY #$05                                            ; $B0F3: A0 05
0010F5r 1  C9 47          CMP #$47                                            ; $B0F5: C9 47
0010F7r 1  90 0C          BCC LB105                                           ; $B0F7: 90 0C
0010F9r 1  A0 04          LDY #$04                                            ; $B0F9: A0 04
0010FBr 1  C9 51          CMP #$51                                            ; $B0FB: C9 51
0010FDr 1  90 06          BCC LB105                                           ; $B0FD: 90 06
0010FFr 1  A0 02          LDY #$02                                            ; $B0FF: A0 02
001101r 1  C9 5A          CMP #$5A                                            ; $B101: C9 5A
001103r 1  B0 08          BCS LB10D                                           ; $B103: B0 08
001105r 1               LB105:
001105r 1  98             TYA                                                 ; $B105: 98
001106r 1  A0 01          LDY #$01                                            ; $B106: A0 01
001108r 1  18             CLC                                                 ; $B108: 18
001109r 1  71 22          ADC ($22),Y                                         ; $B109: 71 22
00110Br 1  91 22          STA ($22),Y                                         ; $B10B: 91 22
00110Dr 1               LB10D:
00110Dr 1  60             RTS                                                 ; $B10D: 60
00110Er 1               .endproc
00110Er 1               LB0CA = $B0CA
00110Er 1               LB105 = $B105
00110Er 1               LB10D = $B10D
00110Er 1               
00110Er 1               
00110Er 1               ;===============================================================================
00110Er 1               ; $B10E: Proc_B10E
00110Er 1               ;===============================================================================
00110Er 1               .proc Proc_B10E
00110Er 1               
00110Er 1  A9 01          LDA #$01                                            ; $B10E: A9 01
001110r 1  8D 44 00       STA a:$0044                                         ; $B110: 8D 44 00
001113r 1  20 rr rr       JSR Proc_D0AA                                       ; $B113: 20 AA D0
001116r 1  A5 2B          LDA $2B                                             ; $B116: A5 2B
001118r 1  D0 09          .byte $D0,$09                                       ; $B118: D0 09 (BNE mid-instruction target)
00111Ar 1  20 rr rr       JSR B0B_LoadRecord                                  ; $B11A: 20 3A D0
00111Dr 1  AD 40 00       LDA a:$0040                                         ; $B11D: AD 40 00
001120r 1  4C rr rr       JMP Proc_B136                                       ; $B120: 4C 36 B1
001123r 1  A5 2B          LDA $2B                                             ; $B123: A5 2B
001125r 1  85 23          STA $23                                             ; $B125: 85 23
001127r 1  A5 2C          LDA $2C                                             ; $B127: A5 2C
001129r 1  85 22          STA $22                                             ; $B129: 85 22
00112Br 1  A9 00          LDA #$00                                            ; $B12B: A9 00
00112Dr 1  85 21          STA $21                                             ; $B12D: 85 21
00112Fr 1  85 24          STA $24                                             ; $B12F: 85 24
001131r 1  20 rr rr       JSR Proc_D40F                                       ; $B131: 20 0F D4
001134r 1  A5 22          LDA $22                                             ; $B134: A5 22
001136r 1               .endproc
001136r 1               
001136r 1               ;===============================================================================
001136r 1               ; $B136: Proc_B136
001136r 1               ;===============================================================================
001136r 1               .proc Proc_B136
001136r 1               
001136r 1  8D 40 00       STA a:$0040                                         ; $B136: 8D 40 00
001139r 1  C9 04          CMP #$04                                            ; $B139: C9 04
00113Br 1  B0 07          BCS LB144                                           ; $B13B: B0 07
00113Dr 1  C9 02          CMP #$02                                            ; $B13D: C9 02
00113Fr 1  B0 3C          .byte $B0,$3C                                       ; $B13F: B0 3C (BCS mid-instruction target)
001141r 1  4C rr rr       JMP Proc_B357                                       ; $B141: 4C 57 B3
001144r 1               LB144:
001144r 1  AD 40 00       LDA a:$0040                                         ; $B144: AD 40 00
001147r 1  38             SEC                                                 ; $B147: 38
001148r 1  E9 02          SBC #$02                                            ; $B148: E9 02
00114Ar 1  C9 10          CMP #$10                                            ; $B14A: C9 10
00114Cr 1  90 02          BCC LB150                                           ; $B14C: 90 02
00114Er 1  A9 02          LDA #$02                                            ; $B14E: A9 02
001150r 1               LB150:
001150r 1  C9 02          CMP #$02                                            ; $B150: C9 02
001152r 1  B0 02          BCS LB156                                           ; $B152: B0 02
001154r 1  A9 02          LDA #$02                                            ; $B154: A9 02
001156r 1               LB156:
001156r 1  18             CLC                                                 ; $B156: 18
001157r 1  69 02          ADC #$02                                            ; $B157: 69 02
001159r 1  8D 37 00       STA a:$0037                                         ; $B159: 8D 37 00
00115Cr 1  20 80 B1       JSR $B180                                           ; $B15C: 20 80 B1
00115Fr 1  AD 38 00       LDA a:$0038                                         ; $B15F: AD 38 00
001162r 1  C9 FF          CMP #$FF                                            ; $B162: C9 FF
001164r 1  F0 17          .byte $F0,$17                                       ; $B164: F0 17 (BEQ mid-instruction target)
001166r 1  AD 3A 00       LDA a:$003A                                         ; $B166: AD 3A 00
001169r 1  20 rr rr       JSR Proc_D304                                       ; $B169: 20 04 D3
00116Cr 1  CD 37 00       CMP a:$0037                                         ; $B16C: CD 37 00
00116Fr 1  B0 03          BCS LB174                                           ; $B16F: B0 03
001171r 1  20 rr rr       JSR B0A_ProvinceSearch                              ; $B171: 20 03 A3
001174r 1               LB174:
001174r 1  20 rr rr       JSR Proc_B1F9                                       ; $B174: 20 F9 B1
001177r 1  20 87 B2       JSR $B287                                           ; $B177: 20 87 B2
00117Ar 1  4C 7D B1       JMP $B17D                                           ; $B17A: 4C 7D B1
00117Dr 1  4C C7 BE       JMP $BEC7                                           ; $B17D: 4C C7 BE
001180r 1  A0 30          LDY #$30                                            ; $B180: A0 30
001182r 1  20 66 F2       JSR B1F_SwitchBank8_A                               ; $B182: 20 66 F2
001185r 1  A9 00          LDA #$00                                            ; $B185: A9 00
001187r 1  8D 36 00       STA a:$0036                                         ; $B187: 8D 36 00
00118Ar 1  A9 FF          LDA #$FF                                            ; $B18A: A9 FF
00118Cr 1  8D 38 00       STA a:$0038                                         ; $B18C: 8D 38 00
00118Fr 1  8D 3A 00       STA a:$003A                                         ; $B18F: 8D 3A 00
001192r 1  A9 00          LDA #$00                                            ; $B192: A9 00
001194r 1  8D 39 00       STA a:$0039                                         ; $B194: 8D 39 00
001197r 1  AD 36 00       LDA a:$0036                                         ; $B197: AD 36 00
00119Ar 1  20 rr rr       JSR Proc_D105                                       ; $B19A: 20 05 D1
00119Dr 1  CD 03 6F       CMP $6F03                                           ; $B19D: CD 03 6F
0011A0r 1  D0 4C          .byte $D0,$4C                                       ; $B1A0: D0 4C (BNE mid-instruction target)
0011A2r 1  20 07 D3       JSR $D307                                           ; $B1A2: 20 07 D3
0011A5r 1  85 26          STA $26                                             ; $B1A5: 85 26
0011A7r 1  AD 36 00       LDA a:$0036                                         ; $B1A7: AD 36 00
0011AAr 1  0A             ASL A                                               ; $B1AA: 0A
0011ABr 1  0A             ASL A                                               ; $B1AB: 0A
0011ACr 1  0A             ASL A                                               ; $B1AC: 0A
0011ADr 1  85 24          STA $24                                             ; $B1AD: 85 24
0011AFr 1  A4 24          LDY $24                                             ; $B1AF: A4 24
0011B1r 1  B9 72 9D       LDA $9D72,Y                                         ; $B1B1: B9 72 9D
0011B4r 1  30 38          .byte $30,$38                                       ; $B1B4: 30 38 (BMI mid-instruction target)
0011B6r 1  85 25          STA $25                                             ; $B1B6: 85 25
0011B8r 1  20 rr rr       JSR Proc_D105                                       ; $B1B8: 20 05 D1
0011BBr 1  29 07          AND #$07                                            ; $B1BB: 29 07
0011BDr 1  C9 07          CMP #$07                                            ; $B1BD: C9 07
0011BFr 1  D0 28          BNE LB1E9                                           ; $B1BF: D0 28
0011C1r 1  A5 25          LDA $25                                             ; $B1C1: A5 25
0011C3r 1  CD 38 00       CMP a:$0038                                         ; $B1C3: CD 38 00
0011C6r 1  D0 13          .byte $D0,$13                                       ; $B1C6: D0 13 (BNE mid-instruction target)
0011C8r 1  A5 26          LDA $26                                             ; $B1C8: A5 26
0011CAr 1  CD 39 00       CMP a:$0039                                         ; $B1CA: CD 39 00
0011CDr 1  90 1A          BCC LB1E9                                           ; $B1CD: 90 1A
0011CFr 1  8D 39 00       STA a:$0039                                         ; $B1CF: 8D 39 00
0011D2r 1  AD 36 00       LDA a:$0036                                         ; $B1D2: AD 36 00
0011D5r 1  8D 3A 00       STA a:$003A                                         ; $B1D5: 8D 3A 00
0011D8r 1  4C rr rr       JMP LB1E9                                           ; $B1D8: 4C E9 B1
0011DBr 1  8D 38 00       STA a:$0038                                         ; $B1DB: 8D 38 00
0011DEr 1  A5 26          LDA $26                                             ; $B1DE: A5 26
0011E0r 1  8D 39 00       STA a:$0039                                         ; $B1E0: 8D 39 00
0011E3r 1  AD 36 00       LDA a:$0036                                         ; $B1E3: AD 36 00
0011E6r 1  8D 3A 00       STA a:$003A                                         ; $B1E6: 8D 3A 00
0011E9r 1               LB1E9:
0011E9r 1  E6 24          INC $24                                             ; $B1E9: E6 24
0011EBr 1  4C AF B1       JMP $B1AF                                           ; $B1EB: 4C AF B1
0011EEr 1  EE 36 00       INC a:$0036                                         ; $B1EE: EE 36 00
0011F1r 1  AD 36 00       LDA a:$0036                                         ; $B1F1: AD 36 00
0011F4r 1  C9 1E          CMP #$1E                                            ; $B1F4: C9 1E
0011F6r 1  90 9F          .byte $90,$9F                                       ; $B1F6: 90 9F (BCC mid-instruction target)
0011F8r 1  60             RTS                                                 ; $B1F8: 60
0011F9r 1               .endproc
0011F9r 1               LB144 = $B144
0011F9r 1               LB150 = $B150
0011F9r 1               LB156 = $B156
0011F9r 1               LB174 = $B174
0011F9r 1               LB1E9 = $B1E9
0011F9r 1               
0011F9r 1               
0011F9r 1               ;===============================================================================
0011F9r 1               ; $B1F9: Proc_B1F9
0011F9r 1               ;===============================================================================
0011F9r 1               .proc Proc_B1F9
0011F9r 1               
0011F9r 1  20 rr rr       JSR Proc_B1FD                                       ; $B1F9: 20 FD B1
0011FCr 1  60             RTS                                                 ; $B1FC: 60
0011FDr 1               .endproc
0011FDr 1               
0011FDr 1               ;===============================================================================
0011FDr 1               ; $B1FD: Proc_B1FD
0011FDr 1               ;===============================================================================
0011FDr 1               .proc Proc_B1FD
0011FDr 1               
0011FDr 1  20 4A A7       JSR $A74A                                           ; $B1FD: 20 4A A7
001200r 1  AD 38 00       LDA a:$0038                                         ; $B200: AD 38 00
001203r 1  20 rr rr       JSR Proc_D105                                       ; $B203: 20 05 D1
001206r 1  AD 3D 00       LDA a:$003D                                         ; $B206: AD 3D 00
001209r 1  A0 02          LDY #$02                                            ; $B209: A0 02
00120Br 1  38             SEC                                                 ; $B20B: 38
00120Cr 1  F1 20          SBC ($20),Y                                         ; $B20C: F1 20
00120Er 1  8D 3D 00       STA a:$003D                                         ; $B20E: 8D 3D 00
001211r 1  C8             INY                                                 ; $B211: C8
001212r 1  AD 3E 00       LDA a:$003E                                         ; $B212: AD 3E 00
001215r 1  F1 20          SBC ($20),Y                                         ; $B215: F1 20
001217r 1  8D 3E 00       STA a:$003E                                         ; $B217: 8D 3E 00
00121Ar 1  B0 08          .byte $B0,$08                                       ; $B21A: B0 08 (BCS mid-instruction target)
00121Cr 1  A9 00          LDA #$00                                            ; $B21C: A9 00
00121Er 1  8D 3D 00       STA a:$003D                                         ; $B21E: 8D 3D 00
001221r 1  8D 3E 00       STA a:$003E                                         ; $B221: 8D 3E 00
001224r 1  AD 3B 00       LDA a:$003B                                         ; $B224: AD 3B 00
001227r 1  A0 02          LDY #$02                                            ; $B227: A0 02
001229r 1  38             SEC                                                 ; $B229: 38
00122Ar 1  F1 20          SBC ($20),Y                                         ; $B22A: F1 20
00122Cr 1  8D 3B 00       STA a:$003B                                         ; $B22C: 8D 3B 00
00122Fr 1  C8             INY                                                 ; $B22F: C8
001230r 1  AD 3C 00       LDA a:$003C                                         ; $B230: AD 3C 00
001233r 1  F1 20          SBC ($20),Y                                         ; $B233: F1 20
001235r 1  8D 3C 00       STA a:$003C                                         ; $B235: 8D 3C 00
001238r 1  B0 08          BCS LB242                                           ; $B238: B0 08
00123Ar 1  A9 00          LDA #$00                                            ; $B23A: A9 00
00123Cr 1  8D 3B 00       STA a:$003B                                         ; $B23C: 8D 3B 00
00123Fr 1  8D 3C 00       STA a:$003C                                         ; $B23F: 8D 3C 00
001242r 1               LB242:
001242r 1  AD 3A 00       LDA a:$003A                                         ; $B242: AD 3A 00
001245r 1  20 rr rr       JSR Proc_D105                                       ; $B245: 20 05 D1
001248r 1  A0 02          LDY #$02                                            ; $B248: A0 02
00124Ar 1  B1 20          LDA ($20),Y                                         ; $B24A: B1 20
00124Cr 1  38             SEC                                                 ; $B24C: 38
00124Dr 1  ED 3D 00       SBC a:$003D                                         ; $B24D: ED 3D 00
001250r 1  C8             INY                                                 ; $B250: C8
001251r 1  B1 20          LDA ($20),Y                                         ; $B251: B1 20
001253r 1  ED 3E 00       SBC a:$003E                                         ; $B253: ED 3E 00
001256r 1  B0 0C          .byte $B0,$0C                                       ; $B256: B0 0C (BCS mid-instruction target)
001258r 1  20 rr rr       JSR B0A_TileRender                                  ; $B258: 20 5C A5
00125Br 1  B0 E5          BCS LB242                                           ; $B25B: B0 E5
00125Dr 1  68             PLA                                                 ; $B25D: 68
00125Er 1  68             PLA                                                 ; $B25E: 68
00125Fr 1  68             PLA                                                 ; $B25F: 68
001260r 1  68             PLA                                                 ; $B260: 68
001261r 1  4C C7 BE       JMP $BEC7                                           ; $B261: 4C C7 BE
001264r 1  AD 3A 00       LDA a:$003A                                         ; $B264: AD 3A 00
001267r 1  20 rr rr       JSR Proc_D105                                       ; $B267: 20 05 D1
00126Ar 1  A0 04          LDY #$04                                            ; $B26A: A0 04
00126Cr 1  B1 20          LDA ($20),Y                                         ; $B26C: B1 20
00126Er 1  38             SEC                                                 ; $B26E: 38
00126Fr 1  ED 3B 00       SBC a:$003B                                         ; $B26F: ED 3B 00
001272r 1  C8             INY                                                 ; $B272: C8
001273r 1  B1 20          LDA ($20),Y                                         ; $B273: B1 20
001275r 1  ED 3C 00       SBC a:$003C                                         ; $B275: ED 3C 00
001278r 1  B0 0C          .byte $B0,$0C                                       ; $B278: B0 0C (BCS mid-instruction target)
00127Ar 1  20 rr rr       JSR B0A_NameTable                                   ; $B27A: 20 0C A6
00127Dr 1  B0 E5          .byte $B0,$E5                                       ; $B27D: B0 E5 (BCS mid-instruction target)
00127Fr 1  68             PLA                                                 ; $B27F: 68
001280r 1  68             PLA                                                 ; $B280: 68
001281r 1  68             PLA                                                 ; $B281: 68
001282r 1  68             PLA                                                 ; $B282: 68
001283r 1  4C C7 BE       JMP $BEC7                                           ; $B283: 4C C7 BE
001286r 1  60             RTS                                                 ; $B286: 60
001287r 1  AD 3A 00       LDA a:$003A                                         ; $B287: AD 3A 00
00128Ar 1  20 rr rr       JSR Proc_D105                                       ; $B28A: 20 05 D1
00128Dr 1  A0 02          LDY #$02                                            ; $B28D: A0 02
00128Fr 1  B1 20          LDA ($20),Y                                         ; $B28F: B1 20
001291r 1  38             SEC                                                 ; $B291: 38
001292r 1  ED 3D 00       SBC a:$003D                                         ; $B292: ED 3D 00
001295r 1  91 20          STA ($20),Y                                         ; $B295: 91 20
001297r 1  C8             INY                                                 ; $B297: C8
001298r 1  B1 20          LDA ($20),Y                                         ; $B298: B1 20
00129Ar 1  ED 3E 00       SBC a:$003E                                         ; $B29A: ED 3E 00
00129Dr 1  91 20          STA ($20),Y                                         ; $B29D: 91 20
00129Fr 1  20 rr rr       JSR Proc_D69D                                       ; $B29F: 20 9D D6
0012A2r 1  A0 04          LDY #$04                                            ; $B2A2: A0 04
0012A4r 1  B1 20          LDA ($20),Y                                         ; $B2A4: B1 20
0012A6r 1  38             SEC                                                 ; $B2A6: 38
0012A7r 1  ED 3B 00       SBC a:$003B                                         ; $B2A7: ED 3B 00
0012AAr 1  91 20          STA ($20),Y                                         ; $B2AA: 91 20
0012ACr 1  C8             INY                                                 ; $B2AC: C8
0012ADr 1  B1 20          LDA ($20),Y                                         ; $B2AD: B1 20
0012AFr 1  ED 3C 00       SBC a:$003C                                         ; $B2AF: ED 3C 00
0012B2r 1  91 20          STA ($20),Y                                         ; $B2B2: 91 20
0012B4r 1  20 rr rr       JSR Proc_D69D                                       ; $B2B4: 20 9D D6
0012B7r 1  AD 38 00       LDA a:$0038                                         ; $B2B7: AD 38 00
0012BAr 1  20 rr rr       JSR Proc_D105                                       ; $B2BA: 20 05 D1
0012BDr 1  A0 02          LDY #$02                                            ; $B2BD: A0 02
0012BFr 1  B1 20          LDA ($20),Y                                         ; $B2BF: B1 20
0012C1r 1  18             CLC                                                 ; $B2C1: 18
0012C2r 1  6D 3D 00       ADC a:$003D                                         ; $B2C2: 6D 3D 00
0012C5r 1  91 20          STA ($20),Y                                         ; $B2C5: 91 20
0012C7r 1  C8             INY                                                 ; $B2C7: C8
0012C8r 1  B1 20          LDA ($20),Y                                         ; $B2C8: B1 20
0012CAr 1  6D 3E 00       ADC a:$003E                                         ; $B2CA: 6D 3E 00
0012CDr 1  91 20          STA ($20),Y                                         ; $B2CD: 91 20
0012CFr 1  A0 04          LDY #$04                                            ; $B2CF: A0 04
0012D1r 1  B1 20          LDA ($20),Y                                         ; $B2D1: B1 20
0012D3r 1  18             CLC                                                 ; $B2D3: 18
0012D4r 1  6D 3B 00       ADC a:$003B                                         ; $B2D4: 6D 3B 00
0012D7r 1  91 20          STA ($20),Y                                         ; $B2D7: 91 20
0012D9r 1  C8             INY                                                 ; $B2D9: C8
0012DAr 1  B1 20          LDA ($20),Y                                         ; $B2DA: B1 20
0012DCr 1  6D 3C 00       ADC a:$003C                                         ; $B2DC: 6D 3C 00
0012DFr 1  91 20          STA ($20),Y                                         ; $B2DF: 91 20
0012E1r 1  AD 38 00       LDA a:$0038                                         ; $B2E1: AD 38 00
0012E4r 1  20 rr rr       JSR Proc_D105                                       ; $B2E4: 20 05 D1
0012E7r 1  A5 20          LDA $20                                             ; $B2E7: A5 20
0012E9r 1  85 28          STA $28                                             ; $B2E9: 85 28
0012EBr 1  A5 21          LDA $21                                             ; $B2EB: A5 21
0012EDr 1  85 29          STA $29                                             ; $B2ED: 85 29
0012EFr 1  AD 3A 00       LDA a:$003A                                         ; $B2EF: AD 3A 00
0012F2r 1  20 rr rr       JSR Proc_D105                                       ; $B2F2: 20 05 D1
0012F5r 1  CE 37 00       DEC a:$0037                                         ; $B2F5: CE 37 00
0012F8r 1  CE 37 00       DEC a:$0037                                         ; $B2F8: CE 37 00
0012FBr 1  A9 00          LDA #$00                                            ; $B2FB: A9 00
0012FDr 1  85 2A          STA $2A                                             ; $B2FD: 85 2A
0012FFr 1               LB2FF:
0012FFr 1  A9 12          LDA #$12                                            ; $B2FF: A9 12
001301r 1  85 2B          STA $2B                                             ; $B301: 85 2B
001303r 1  A9 00          LDA #$00                                            ; $B303: A9 00
001305r 1  85 2C          STA $2C                                             ; $B305: 85 2C
001307r 1  A9 FF          LDA #$FF                                            ; $B307: A9 FF
001309r 1  85 2D          STA $2D                                             ; $B309: 85 2D
00130Br 1  A4 2B          LDY $2B                                             ; $B30B: A4 2B
00130Dr 1  B1 20          LDA ($20),Y                                         ; $B30D: B1 20
00130Fr 1  C9 FF          CMP #$FF                                            ; $B30F: C9 FF
001311r 1  F0 0F          .byte $F0,$0F                                       ; $B311: F0 0F (BEQ mid-instruction target)
001313r 1  A0 03          LDY #$03                                            ; $B313: A0 03
001315r 1  20 AB D2       JSR $D2AB                                           ; $B315: 20 AB D2
001318r 1  C5 2C          CMP $2C                                             ; $B318: C5 2C
00131Ar 1  90 06          .byte $90,$06                                       ; $B31A: 90 06 (BCC mid-instruction target)
00131Cr 1  85 2C          STA $2C                                             ; $B31C: 85 2C
00131Er 1  A5 2B          LDA $2B                                             ; $B31E: A5 2B
001320r 1  85 2D          STA $2D                                             ; $B320: 85 2D
001322r 1  E6 2B          INC $2B                                             ; $B322: E6 2B
001324r 1  A5 2B          LDA $2B                                             ; $B324: A5 2B
001326r 1  C9 1B          CMP #$1B                                            ; $B326: C9 1B
001328r 1  90 E1          .byte $90,$E1                                       ; $B328: 90 E1 (BCC mid-instruction target)
00132Ar 1  A4 2D          LDY $2D                                             ; $B32A: A4 2D
00132Cr 1  B1 20          LDA ($20),Y                                         ; $B32C: B1 20
00132Er 1  48             PHA                                                 ; $B32E: 48
00132Fr 1  A9 FF          LDA #$FF                                            ; $B32F: A9 FF
001331r 1  91 20          STA ($20),Y                                         ; $B331: 91 20
001333r 1  A5 2A          LDA $2A                                             ; $B333: A5 2A
001335r 1  18             CLC                                                 ; $B335: 18
001336r 1  69 11          ADC #$11                                            ; $B336: 69 11
001338r 1  A8             TAY                                                 ; $B338: A8
001339r 1  68             PLA                                                 ; $B339: 68
00133Ar 1  91 28          STA ($28),Y                                         ; $B33A: 91 28
00133Cr 1  E6 2A          INC $2A                                             ; $B33C: E6 2A
00133Er 1  A4 2A          LDY $2A                                             ; $B33E: A4 2A
001340r 1  CC 37 00       CPY a:$0037                                         ; $B340: CC 37 00
001343r 1  90 BA          BCC LB2FF                                           ; $B343: 90 BA
001345r 1  AD 3A 00       LDA a:$003A                                         ; $B345: AD 3A 00
001348r 1  20 rr rr       JSR Proc_D3DD                                       ; $B348: 20 DD D3
00134Br 1  A0 00          LDY #$00                                            ; $B34B: A0 00
00134Dr 1  B1 28          LDA ($28),Y                                         ; $B34D: B1 28
00134Fr 1  29 F8          AND #$F8                                            ; $B34F: 29 F8
001351r 1  0D 03 6F       ORA $6F03                                           ; $B351: 0D 03 6F
001354r 1  91 28          STA ($28),Y                                         ; $B354: 91 28
001356r 1  60             RTS                                                 ; $B356: 60
001357r 1               .endproc
001357r 1               LB242 = $B242
001357r 1               LB2FF = $B2FF
001357r 1               
001357r 1               
001357r 1               ;===============================================================================
001357r 1               ; $B357: Proc_B357
001357r 1               ;===============================================================================
001357r 1               .proc Proc_B357
001357r 1               
001357r 1  A9 FF          LDA #$FF                                            ; $B357: A9 FF
001359r 1  8D 37 00       STA a:$0037                                         ; $B359: 8D 37 00
00135Cr 1  8D 38 00       STA a:$0038                                         ; $B35C: 8D 38 00
00135Fr 1  8D 39 00       STA a:$0039                                         ; $B35F: 8D 39 00
001362r 1  A9 00          LDA #$00                                            ; $B362: A9 00
001364r 1  8D 36 00       STA a:$0036                                         ; $B364: 8D 36 00
001367r 1               LB367:
001367r 1  AD 36 00       LDA a:$0036                                         ; $B367: AD 36 00
00136Ar 1  20 rr rr       JSR Proc_D105                                       ; $B36A: 20 05 D1
00136Dr 1  29 07          AND #$07                                            ; $B36D: 29 07
00136Fr 1  CD 03 6F       CMP $6F03                                           ; $B36F: CD 03 6F
001372r 1  D0 03          .byte $D0,$03                                       ; $B372: D0 03 (BNE mid-instruction target)
001374r 1  20 33 B4       JSR $B433                                           ; $B374: 20 33 B4
001377r 1  EE 36 00       INC a:$0036                                         ; $B377: EE 36 00
00137Ar 1  AD 36 00       LDA a:$0036                                         ; $B37A: AD 36 00
00137Dr 1  C9 1E          CMP #$1E                                            ; $B37D: C9 1E
00137Fr 1  90 E6          BCC LB367                                           ; $B37F: 90 E6
001381r 1  AD 37 00       LDA a:$0037                                         ; $B381: AD 37 00
001384r 1  C9 FF          CMP #$FF                                            ; $B384: C9 FF
001386r 1  D0 03          .byte $D0,$03                                       ; $B386: D0 03 (BNE mid-instruction target)
001388r 1               LB388:
001388r 1  4C 7D B1       JMP $B17D                                           ; $B388: 4C 7D B1
00138Br 1  AD 37 00       LDA a:$0037                                         ; $B38B: AD 37 00
00138Er 1  0A             ASL A                                               ; $B38E: 0A
00138Fr 1  0A             ASL A                                               ; $B38F: 0A
001390r 1  0A             ASL A                                               ; $B390: 0A
001391r 1  85 24          STA $24                                             ; $B391: 85 24
001393r 1  A4 24          LDY $24                                             ; $B393: A4 24
001395r 1  B9 72 9D       LDA $9D72,Y                                         ; $B395: B9 72 9D
001398r 1  30 EE          BMI LB388                                           ; $B398: 30 EE
00139Ar 1  20 rr rr       JSR Proc_D105                                       ; $B39A: 20 05 D1
00139Dr 1  29 07          AND #$07                                            ; $B39D: 29 07
00139Fr 1  CD 03 6F       CMP $6F03                                           ; $B39F: CD 03 6F
0013A2r 1  F0 05          BEQ LB3A9                                           ; $B3A2: F0 05
0013A4r 1  E6 24          INC $24                                             ; $B3A4: E6 24
0013A6r 1  4C 93 B3       JMP $B393                                           ; $B3A6: 4C 93 B3
0013A9r 1               LB3A9:
0013A9r 1  A4 24          LDY $24                                             ; $B3A9: A4 24
0013ABr 1  B9 72 9D       LDA $9D72,Y                                         ; $B3AB: B9 72 9D
0013AEr 1  8D 38 00       STA a:$0038                                         ; $B3AE: 8D 38 00
0013B1r 1  20 rr rr       JSR Proc_D105                                       ; $B3B1: 20 05 D1
0013B4r 1  A5 20          LDA $20                                             ; $B3B4: A5 20
0013B6r 1  85 22          STA $22                                             ; $B3B6: 85 22
0013B8r 1  A5 21          LDA $21                                             ; $B3B8: A5 21
0013BAr 1  85 23          STA $23                                             ; $B3BA: 85 23
0013BCr 1  AD 37 00       LDA a:$0037                                         ; $B3BC: AD 37 00
0013BFr 1  20 rr rr       JSR Proc_D105                                       ; $B3BF: 20 05 D1
0013C2r 1  A0 02          LDY #$02                                            ; $B3C2: A0 02
0013C4r 1  B1 20          LDA ($20),Y                                         ; $B3C4: B1 20
0013C6r 1  18             CLC                                                 ; $B3C6: 18
0013C7r 1  71 22          ADC ($22),Y                                         ; $B3C7: 71 22
0013C9r 1  91 22          STA ($22),Y                                         ; $B3C9: 91 22
0013CBr 1  C8             INY                                                 ; $B3CB: C8
0013CCr 1  B1 20          LDA ($20),Y                                         ; $B3CC: B1 20
0013CEr 1  71 22          ADC ($22),Y                                         ; $B3CE: 71 22
0013D0r 1  91 22          STA ($22),Y                                         ; $B3D0: 91 22
0013D2r 1  A0 04          LDY #$04                                            ; $B3D2: A0 04
0013D4r 1  B1 20          LDA ($20),Y                                         ; $B3D4: B1 20
0013D6r 1  18             CLC                                                 ; $B3D6: 18
0013D7r 1  71 22          ADC ($22),Y                                         ; $B3D7: 71 22
0013D9r 1  91 22          STA ($22),Y                                         ; $B3D9: 91 22
0013DBr 1  C8             INY                                                 ; $B3DB: C8
0013DCr 1  B1 20          LDA ($20),Y                                         ; $B3DC: B1 20
0013DEr 1  71 22          ADC ($22),Y                                         ; $B3DE: 71 22
0013E0r 1  91 22          STA ($22),Y                                         ; $B3E0: 91 22
0013E2r 1  A0 02          LDY #$02                                            ; $B3E2: A0 02
0013E4r 1  A9 00          LDA #$00                                            ; $B3E4: A9 00
0013E6r 1  91 20          STA ($20),Y                                         ; $B3E6: 91 20
0013E8r 1  C8             INY                                                 ; $B3E8: C8
0013E9r 1  91 20          STA ($20),Y                                         ; $B3E9: 91 20
0013EBr 1  C8             INY                                                 ; $B3EB: C8
0013ECr 1  91 20          STA ($20),Y                                         ; $B3EC: 91 20
0013EEr 1  C8             INY                                                 ; $B3EE: C8
0013EFr 1  91 20          STA ($20),Y                                         ; $B3EF: 91 20
0013F1r 1  A0 11          LDY #$11                                            ; $B3F1: A0 11
0013F3r 1  84 24          STY $24                                             ; $B3F3: 84 24
0013F5r 1  84 25          STY $25                                             ; $B3F5: 84 25
0013F7r 1  A0 04          LDY #$04                                            ; $B3F7: A0 04
0013F9r 1  84 26          STY $26                                             ; $B3F9: 84 26
0013FBr 1  A4 24          LDY $24                                             ; $B3FB: A4 24
0013FDr 1  B1 20          LDA ($20),Y                                         ; $B3FD: B1 20
0013FFr 1  C9 FF          CMP #$FF                                            ; $B3FF: C9 FF
001401r 1  F0 1E          BEQ LB421                                           ; $B401: F0 1E
001403r 1  48             PHA                                                 ; $B403: 48
001404r 1  A9 FF          LDA #$FF                                            ; $B404: A9 FF
001406r 1  91 20          STA ($20),Y                                         ; $B406: 91 20
001408r 1  A4 25          LDY $25                                             ; $B408: A4 25
00140Ar 1  E6 25          INC $25                                             ; $B40A: E6 25
00140Cr 1  B1 22          LDA ($22),Y                                         ; $B40C: B1 22
00140Er 1  C9 FF          CMP #$FF                                            ; $B40E: C9 FF
001410r 1  D0 F6          .byte $D0,$F6                                       ; $B410: D0 F6 (BNE mid-instruction target)
001412r 1  68             PLA                                                 ; $B412: 68
001413r 1  91 22          STA ($22),Y                                         ; $B413: 91 22
001415r 1  E6 26          INC $26                                             ; $B415: E6 26
001417r 1  E6 26          INC $26                                             ; $B417: E6 26
001419r 1  E6 24          INC $24                                             ; $B419: E6 24
00141Br 1  A4 24          LDY $24                                             ; $B41B: A4 24
00141Dr 1  C0 1B          CPY #$1B                                            ; $B41D: C0 1B
00141Fr 1  90 DA          .byte $90,$DA                                       ; $B41F: 90 DA (BCC mid-instruction target)
001421r 1               LB421:
001421r 1  A0 00          LDY #$00                                            ; $B421: A0 00
001423r 1  B1 20          LDA ($20),Y                                         ; $B423: B1 20
001425r 1  29 F8          AND #$F8                                            ; $B425: 29 F8
001427r 1  09 07          ORA #$07                                            ; $B427: 09 07
001429r 1  91 20          STA ($20),Y                                         ; $B429: 91 20
00142Br 1  A5 26          LDA $26                                             ; $B42B: A5 26
00142Dr 1  20 rr rr       JSR Proc_D152                                       ; $B42D: 20 52 D1
001430r 1  4C 7D B1       JMP $B17D                                           ; $B430: 4C 7D B1
001433r 1  AD 36 00       LDA a:$0036                                         ; $B433: AD 36 00
001436r 1  0A             ASL A                                               ; $B436: 0A
001437r 1  0A             ASL A                                               ; $B437: 0A
001438r 1  0A             ASL A                                               ; $B438: 0A
001439r 1  85 24          STA $24                                             ; $B439: 85 24
00143Br 1  A9 00          LDA #$00                                            ; $B43B: A9 00
00143Dr 1  85 25          STA $25                                             ; $B43D: 85 25
00143Fr 1  A4 24          LDY $24                                             ; $B43F: A4 24
001441r 1  B9 72 9D       LDA $9D72,Y                                         ; $B441: B9 72 9D
001444r 1  30 11          .byte $30,$11                                       ; $B444: 30 11 (BMI mid-instruction target)
001446r 1  20 rr rr       JSR Proc_D105                                       ; $B446: 20 05 D1
001449r 1  29 07          AND #$07                                            ; $B449: 29 07
00144Br 1  CD 03 6F       CMP $6F03                                           ; $B44B: CD 03 6F
00144Er 1  D0 02          .byte $D0,$02                                       ; $B44E: D0 02 (BNE mid-instruction target)
001450r 1  E6 25          INC $25                                             ; $B450: E6 25
001452r 1  E6 24          INC $24                                             ; $B452: E6 24
001454r 1  4C 3F B4       JMP $B43F                                           ; $B454: 4C 3F B4
001457r 1  A5 25          LDA $25                                             ; $B457: A5 25
001459r 1  C9 01          CMP #$01                                            ; $B459: C9 01
00145Br 1  D0 3E          BNE LB49B                                           ; $B45B: D0 3E
00145Dr 1  AD 36 00       LDA a:$0036                                         ; $B45D: AD 36 00
001460r 1  20 rr rr       JSR Proc_D304                                       ; $B460: 20 04 D3
001463r 1  A0 08          LDY #$08                                            ; $B463: A0 08
001465r 1  B1 20          LDA ($20),Y                                         ; $B465: B1 20
001467r 1  85 26          STA $26                                             ; $B467: 85 26
001469r 1  C8             INY                                                 ; $B469: C8
00146Ar 1  B1 20          LDA ($20),Y                                         ; $B46A: B1 20
00146Cr 1  85 27          STA $27                                             ; $B46C: 85 27
00146Er 1  A0 0E          LDY #$0E                                            ; $B46E: A0 0E
001470r 1  B1 20          LDA ($20),Y                                         ; $B470: B1 20
001472r 1  18             CLC                                                 ; $B472: 18
001473r 1  65 26          ADC $26                                             ; $B473: 65 26
001475r 1  85 26          STA $26                                             ; $B475: 85 26
001477r 1  C8             INY                                                 ; $B477: C8
001478r 1  B1 20          LDA ($20),Y                                         ; $B478: B1 20
00147Ar 1  65 27          ADC $27                                             ; $B47A: 65 27
00147Cr 1  85 27          STA $27                                             ; $B47C: 85 27
00147Er 1  A5 26          LDA $26                                             ; $B47E: A5 26
001480r 1  38             SEC                                                 ; $B480: 38
001481r 1  ED 38 00       SBC a:$0038                                         ; $B481: ED 38 00
001484r 1  A5 27          LDA $27                                             ; $B484: A5 27
001486r 1  ED 39 00       SBC a:$0039                                         ; $B486: ED 39 00
001489r 1  B0 10          BCS LB49B                                           ; $B489: B0 10
00148Br 1  A5 26          LDA $26                                             ; $B48B: A5 26
00148Dr 1  8D 38 00       STA a:$0038                                         ; $B48D: 8D 38 00
001490r 1  A5 27          LDA $27                                             ; $B490: A5 27
001492r 1  8D 39 00       STA a:$0039                                         ; $B492: 8D 39 00
001495r 1  AD 36 00       LDA a:$0036                                         ; $B495: AD 36 00
001498r 1  8D 37 00       STA a:$0037                                         ; $B498: 8D 37 00
00149Br 1               LB49B:
00149Br 1  60             RTS                                                 ; $B49B: 60
00149Cr 1               .endproc
00149Cr 1               LB367 = $B367
00149Cr 1               LB388 = $B388
00149Cr 1               LB3A9 = $B3A9
00149Cr 1               LB421 = $B421
00149Cr 1               LB49B = $B49B
00149Cr 1               
00149Cr 1               
00149Cr 1               ;===============================================================================
00149Cr 1               ; $B49C: Proc_B49C
00149Cr 1               ;===============================================================================
00149Cr 1               .proc Proc_B49C
00149Cr 1               
00149Cr 1  20 AA E8       JSR B1F_RandomByte4                                 ; $B49C: 20 AA E8
00149Fr 1  29 7F          AND #$7F                                            ; $B49F: 29 7F
0014A1r 1  C9 32          CMP #$32                                            ; $B4A1: C9 32
0014A3r 1  B0 F7          BCS Proc_B49C                                       ; $B4A3: B0 F7
0014A5r 1  C9 0A          CMP #$0A                                            ; $B4A5: C9 0A
0014A7r 1  B0 03          .byte $B0,$03                                       ; $B4A7: B0 03 (BCS mid-instruction target)
0014A9r 1  4C rr rr       JMP Proc_B5FC                                       ; $B4A9: 4C FC B5
0014ACr 1  20 rr rr       JSR Proc_D249                                       ; $B4AC: 20 49 D2
0014AFr 1  8D 45 00       STA a:$0045                                         ; $B4AF: 8D 45 00
0014B2r 1  20 rr rr       JSR B0B_LoadRecord                                  ; $B4B2: 20 3A D0
0014B5r 1  A9 03          LDA #$03                                            ; $B4B5: A9 03
0014B7r 1  8D 41 00       STA a:$0041                                         ; $B4B7: 8D 41 00
0014BAr 1  A9 00          LDA #$00                                            ; $B4BA: A9 00
0014BCr 1  8D 36 00       STA a:$0036                                         ; $B4BC: 8D 36 00
0014BFr 1               .endproc
0014BFr 1               
0014BFr 1               ;===============================================================================
0014BFr 1               ; $B4BF: Proc_B4BF
0014BFr 1               ;===============================================================================
0014BFr 1               .proc Proc_B4BF
0014BFr 1               
0014BFr 1  AD 36 00       LDA a:$0036                                         ; $B4BF: AD 36 00
0014C2r 1  CD 45 00       CMP a:$0045                                         ; $B4C2: CD 45 00
0014C5r 1  F0 25          .byte $F0,$25                                       ; $B4C5: F0 25 (BEQ mid-instruction target)
0014C7r 1  20 rr rr       JSR Proc_D105                                       ; $B4C7: 20 05 D1
0014CAr 1  CD 03 6F       CMP $6F03                                           ; $B4CA: CD 03 6F
0014CDr 1  D0 1D          .byte $D0,$1D                                       ; $B4CD: D0 1D (BNE mid-instruction target)
0014CFr 1  20 rr rr       JSR Proc_D1A4                                       ; $B4CF: 20 A4 D1
0014D2r 1  D0 18          .byte $D0,$18                                       ; $B4D2: D0 18 (BNE mid-instruction target)
0014D4r 1  AD 36 00       LDA a:$0036                                         ; $B4D4: AD 36 00
0014D7r 1  20 rr rr       JSR Proc_D304                                       ; $B4D7: 20 04 D3
0014DAr 1  CD 41 00       CMP a:$0041                                         ; $B4DA: CD 41 00
0014DDr 1  90 0D          .byte $90,$0D                                       ; $B4DD: 90 0D (BCC mid-instruction target)
0014DFr 1  20 3E B5       JSR $B53E                                           ; $B4DF: 20 3E B5
0014E2r 1  AD 3D 00       LDA a:$003D                                         ; $B4E2: AD 3D 00
0014E5r 1  C9 FF          CMP #$FF                                            ; $B4E5: C9 FF
0014E7r 1  F0 03          .byte $F0,$03                                       ; $B4E7: F0 03 (BEQ mid-instruction target)
0014E9r 1  4C rr rr       JMP Proc_B4BF                                       ; $B4E9: 4C BF B4
0014ECr 1  EE 36 00       INC a:$0036                                         ; $B4EC: EE 36 00
0014EFr 1  AD 36 00       LDA a:$0036                                         ; $B4EF: AD 36 00
0014F2r 1  C9 1E          CMP #$1E                                            ; $B4F2: C9 1E
0014F4r 1  90 C9          BCC Proc_B4BF                                       ; $B4F4: 90 C9
0014F6r 1  AD 40 00       LDA a:$0040                                         ; $B4F6: AD 40 00
0014F9r 1  18             CLC                                                 ; $B4F9: 18
0014FAr 1  69 02          ADC #$02                                            ; $B4FA: 69 02
0014FCr 1  8D 41 00       STA a:$0041                                         ; $B4FC: 8D 41 00
0014FFr 1  A9 00          LDA #$00                                            ; $B4FF: A9 00
001501r 1  8D 36 00       STA a:$0036                                         ; $B501: 8D 36 00
001504r 1               .endproc
001504r 1               
001504r 1               ;===============================================================================
001504r 1               ; $B504: Proc_B504
001504r 1               ;===============================================================================
001504r 1               .proc Proc_B504
001504r 1               
001504r 1  AD 36 00       LDA a:$0036                                         ; $B504: AD 36 00
001507r 1  CD 45 00       CMP a:$0045                                         ; $B507: CD 45 00
00150Ar 1  F0 25          .byte $F0,$25                                       ; $B50A: F0 25 (BEQ mid-instruction target)
00150Cr 1  20 rr rr       JSR Proc_D105                                       ; $B50C: 20 05 D1
00150Fr 1  CD 03 6F       CMP $6F03                                           ; $B50F: CD 03 6F
001512r 1  D0 1D          .byte $D0,$1D                                       ; $B512: D0 1D (BNE mid-instruction target)
001514r 1  20 rr rr       JSR Proc_D1A4                                       ; $B514: 20 A4 D1
001517r 1  F0 18          .byte $F0,$18                                       ; $B517: F0 18 (BEQ mid-instruction target)
001519r 1  AD 36 00       LDA a:$0036                                         ; $B519: AD 36 00
00151Cr 1  20 rr rr       JSR Proc_D304                                       ; $B51C: 20 04 D3
00151Fr 1  CD 41 00       CMP a:$0041                                         ; $B51F: CD 41 00
001522r 1  90 0D          .byte $90,$0D                                       ; $B522: 90 0D (BCC mid-instruction target)
001524r 1  20 3E B5       JSR $B53E                                           ; $B524: 20 3E B5
001527r 1  AD 3D 00       LDA a:$003D                                         ; $B527: AD 3D 00
00152Ar 1  C9 FF          CMP #$FF                                            ; $B52A: C9 FF
00152Cr 1  F0 03          .byte $F0,$03                                       ; $B52C: F0 03 (BEQ mid-instruction target)
00152Er 1  4C rr rr       JMP Proc_B504                                       ; $B52E: 4C 04 B5
001531r 1  EE 36 00       INC a:$0036                                         ; $B531: EE 36 00
001534r 1  AD 36 00       LDA a:$0036                                         ; $B534: AD 36 00
001537r 1  C9 1E          CMP #$1E                                            ; $B537: C9 1E
001539r 1  90 C9          BCC Proc_B504                                       ; $B539: 90 C9
00153Br 1  4C rr rr       JMP Proc_BD7A                                       ; $B53B: 4C 7A BD
00153Er 1  AD 36 00       LDA a:$0036                                         ; $B53E: AD 36 00
001541r 1  8D 3B 00       STA a:$003B                                         ; $B541: 8D 3B 00
001544r 1  A9 00          LDA #$00                                            ; $B544: A9 00
001546r 1  8D 36 00       STA a:$0036                                         ; $B546: 8D 36 00
001549r 1  A9 FF          LDA #$FF                                            ; $B549: A9 FF
00154Br 1  8D 3C 00       STA a:$003C                                         ; $B54B: 8D 3C 00
00154Er 1  8D 3D 00       STA a:$003D                                         ; $B54E: 8D 3D 00
001551r 1  AD 36 00       LDA a:$0036                                         ; $B551: AD 36 00
001554r 1  CD 45 00       CMP a:$0045                                         ; $B554: CD 45 00
001557r 1  F0 0D          .byte $F0,$0D                                       ; $B557: F0 0D (BEQ mid-instruction target)
001559r 1  20 rr rr       JSR Proc_D105                                       ; $B559: 20 05 D1
00155Cr 1  CD 03 6F       CMP $6F03                                           ; $B55C: CD 03 6F
00155Fr 1  D0 2A          .byte $D0,$2A                                       ; $B55F: D0 2A (BNE mid-instruction target)
001561r 1  20 rr rr       JSR Proc_D1A4                                       ; $B561: 20 A4 D1
001564r 1  F0 25          .byte $F0,$25                                       ; $B564: F0 25 (BEQ mid-instruction target)
001566r 1  AE 3B 00       LDX a:$003B                                         ; $B566: AE 3B 00
001569r 1  AC 36 00       LDY a:$0036                                         ; $B569: AC 36 00
00156Cr 1  20 rr rr       JSR Proc_D583                                       ; $B56C: 20 83 D5
00156Fr 1  C9 FF          CMP #$FF                                            ; $B56F: C9 FF
001571r 1  D0 18          .byte $D0,$18                                       ; $B571: D0 18 (BNE mid-instruction target)
001573r 1  AD 36 00       LDA a:$0036                                         ; $B573: AD 36 00
001576r 1  20 rr rr       JSR Proc_D304                                       ; $B576: 20 04 D3
001579r 1  CD 3C 00       CMP a:$003C                                         ; $B579: CD 3C 00
00157Cr 1  B0 0D          .byte $B0,$0D                                       ; $B57C: B0 0D (BCS mid-instruction target)
00157Er 1  C9 0A          CMP #$0A                                            ; $B57E: C9 0A
001580r 1  B0 09          .byte $B0,$09                                       ; $B580: B0 09 (BCS mid-instruction target)
001582r 1  8D 3C 00       STA a:$003C                                         ; $B582: 8D 3C 00
001585r 1  AD 36 00       LDA a:$0036                                         ; $B585: AD 36 00
001588r 1  8D 3D 00       STA a:$003D                                         ; $B588: 8D 3D 00
00158Br 1  EE 36 00       INC a:$0036                                         ; $B58B: EE 36 00
00158Er 1  AD 36 00       LDA a:$0036                                         ; $B58E: AD 36 00
001591r 1  C9 1E          CMP #$1E                                            ; $B591: C9 1E
001593r 1  90 BC          .byte $90,$BC                                       ; $B593: 90 BC (BCC mid-instruction target)
001595r 1  AD 3D 00       LDA a:$003D                                         ; $B595: AD 3D 00
001598r 1  C9 FF          CMP #$FF                                            ; $B598: C9 FF
00159Ar 1  F0 59          .byte $F0,$59                                       ; $B59A: F0 59 (BEQ mid-instruction target)
00159Cr 1  AD 3B 00       LDA a:$003B                                         ; $B59C: AD 3B 00
00159Fr 1  20 rr rr       JSR Proc_D105                                       ; $B59F: 20 05 D1
0015A2r 1  A9 11          LDA #$11                                            ; $B5A2: A9 11
0015A4r 1  85 24          STA $24                                             ; $B5A4: 85 24
0015A6r 1  A9 00          LDA #$00                                            ; $B5A6: A9 00
0015A8r 1  85 25          STA $25                                             ; $B5A8: 85 25
0015AAr 1  85 26          STA $26                                             ; $B5AA: 85 26
0015ACr 1  A4 24          LDY $24                                             ; $B5AC: A4 24
0015AEr 1  B1 20          LDA ($20),Y                                         ; $B5AE: B1 20
0015B0r 1  C9 FF          CMP #$FF                                            ; $B5B0: C9 FF
0015B2r 1  F0 14          BEQ LB5C8                                           ; $B5B2: F0 14
0015B4r 1  A0 01          LDY #$01                                            ; $B5B4: A0 01
0015B6r 1  20 AB D2       JSR $D2AB                                           ; $B5B6: 20 AB D2
0015B9r 1  C5 25          CMP $25                                             ; $B5B9: C5 25
0015BBr 1  90 0B          BCC LB5C8                                           ; $B5BB: 90 0B
0015BDr 1  85 25          STA $25                                             ; $B5BD: 85 25
0015BFr 1  A4 24          LDY $24                                             ; $B5BF: A4 24
0015C1r 1  84 26          STY $26                                             ; $B5C1: 84 26
0015C3r 1  B1 20          LDA ($20),Y                                         ; $B5C3: B1 20
0015C5r 1  8D 3A 00       STA a:$003A                                         ; $B5C5: 8D 3A 00
0015C8r 1               LB5C8:
0015C8r 1  E6 24          INC $24                                             ; $B5C8: E6 24
0015CAr 1  A5 24          LDA $24                                             ; $B5CA: A5 24
0015CCr 1  C9 1B          CMP #$1B                                            ; $B5CC: C9 1B
0015CEr 1  90 DC          .byte $90,$DC                                       ; $B5CE: 90 DC (BCC mid-instruction target)
0015D0r 1  A4 26          LDY $26                                             ; $B5D0: A4 26
0015D2r 1  A9 FF          LDA #$FF                                            ; $B5D2: A9 FF
0015D4r 1  91 20          STA ($20),Y                                         ; $B5D4: 91 20
0015D6r 1  AD 3B 00       LDA a:$003B                                         ; $B5D6: AD 3B 00
0015D9r 1  20 rr rr       JSR Proc_D3DD                                       ; $B5D9: 20 DD D3
0015DCr 1  AD 3D 00       LDA a:$003D                                         ; $B5DC: AD 3D 00
0015DFr 1  20 rr rr       JSR Proc_D105                                       ; $B5DF: 20 05 D1
0015E2r 1  A0 10          LDY #$10                                            ; $B5E2: A0 10
0015E4r 1  C8             INY                                                 ; $B5E4: C8
0015E5r 1  B1 20          LDA ($20),Y                                         ; $B5E5: B1 20
0015E7r 1  C9 FF          CMP #$FF                                            ; $B5E7: C9 FF
0015E9r 1  D0 F9          .byte $D0,$F9                                       ; $B5E9: D0 F9 (BNE mid-instruction target)
0015EBr 1  AD 3A 00       LDA a:$003A                                         ; $B5EB: AD 3A 00
0015EEr 1  91 20          STA ($20),Y                                         ; $B5EE: 91 20
0015F0r 1  A9 02          LDA #$02                                            ; $B5F0: A9 02
0015F2r 1  20 rr rr       JSR Proc_D165                                       ; $B5F2: 20 65 D1
0015F5r 1  AD 3B 00       LDA a:$003B                                         ; $B5F5: AD 3B 00
0015F8r 1  8D 36 00       STA a:$0036                                         ; $B5F8: 8D 36 00
0015FBr 1  60             RTS                                                 ; $B5FB: 60
0015FCr 1               .endproc
0015FCr 1               LB5C8 = $B5C8
0015FCr 1               
0015FCr 1               
0015FCr 1               ;===============================================================================
0015FCr 1               ; $B5FC: Proc_B5FC
0015FCr 1               ;===============================================================================
0015FCr 1               .proc Proc_B5FC
0015FCr 1               
0015FCr 1  20 9A E8       JSR B1F_RandomByte3                                 ; $B5FC: 20 9A E8
0015FFr 1  29 7F          AND #$7F                                            ; $B5FF: 29 7F
001601r 1  C9 5A          CMP #$5A                                            ; $B601: C9 5A
001603r 1  B0 F7          BCS Proc_B5FC                                       ; $B603: B0 F7
001605r 1  C9 1E          CMP #$1E                                            ; $B605: C9 1E
001607r 1  90 07          .byte $90,$07                                       ; $B607: 90 07 (BCC mid-instruction target)
001609r 1  C9 3C          CMP #$3C                                            ; $B609: C9 3C
00160Br 1  90 06          BCC LB613                                           ; $B60B: 90 06
00160Dr 1  4C 19 B6       JMP $B619                                           ; $B60D: 4C 19 B6
001610r 1  4C rr rr       JMP Proc_BBB2                                       ; $B610: 4C B2 BB
001613r 1               LB613:
001613r 1  4C rr rr       JMP Proc_B98B                                       ; $B613: 4C 8B B9
001616r 1  4C C7 BE       JMP $BEC7                                           ; $B616: 4C C7 BE
001619r 1  AD 03 6F       LDA $6F03                                           ; $B619: AD 03 6F
00161Cr 1  20 rr rr       JSR Proc_D319                                       ; $B61C: 20 19 D3
00161Fr 1  A0 00          LDY #$00                                            ; $B61F: A0 00
001621r 1  B1 24          LDA ($24),Y                                         ; $B621: B1 24
001623r 1  8D 40 00       STA a:$0040                                         ; $B623: 8D 40 00
001626r 1  20 37 B8       JSR $B837                                           ; $B626: 20 37 B8
001629r 1  AD 3D 00       LDA a:$003D                                         ; $B629: AD 3D 00
00162Cr 1  C9 FF          CMP #$FF                                            ; $B62C: C9 FF
00162Er 1  F0 26          BEQ LB656                                           ; $B62E: F0 26
001630r 1  8D 42 00       STA a:$0042                                         ; $B630: 8D 42 00
001633r 1  A9 00          LDA #$00                                            ; $B633: A9 00
001635r 1  85 2A          STA $2A                                             ; $B635: 85 2A
001637r 1  85 2B          STA $2B                                             ; $B637: 85 2B
001639r 1               LB639:
001639r 1  A5 2A          LDA $2A                                             ; $B639: A5 2A
00163Br 1  20 rr rr       JSR Proc_D319                                       ; $B63B: 20 19 D3
00163Er 1  A0 00          LDY #$00                                            ; $B63E: A0 00
001640r 1  B1 24          LDA ($24),Y                                         ; $B640: B1 24
001642r 1  C9 FF          CMP #$FF                                            ; $B642: C9 FF
001644r 1  F0 02          BEQ LB648                                           ; $B644: F0 02
001646r 1  E6 2B          INC $2B                                             ; $B646: E6 2B
001648r 1               LB648:
001648r 1  E6 2A          INC $2A                                             ; $B648: E6 2A
00164Ar 1  A5 2A          LDA $2A                                             ; $B64A: A5 2A
00164Cr 1  C9 07          CMP #$07                                            ; $B64C: C9 07
00164Er 1  90 E9          BCC LB639                                           ; $B64E: 90 E9
001650r 1  A5 2B          LDA $2B                                             ; $B650: A5 2B
001652r 1  C9 03          CMP #$03                                            ; $B652: C9 03
001654r 1  B0 03          .byte $B0,$03                                       ; $B654: B0 03 (BCS mid-instruction target)
001656r 1               LB656:
001656r 1  4C 16 B6       JMP $B616                                           ; $B656: 4C 16 B6
001659r 1  AD 03 6F       LDA $6F03                                           ; $B659: AD 03 6F
00165Cr 1  20 rr rr       JSR Proc_D319                                       ; $B65C: 20 19 D3
00165Fr 1  A2 00          LDX #$00                                            ; $B65F: A2 00
001661r 1  A0 04          LDY #$04                                            ; $B661: A0 04
001663r 1  B1 24          LDA ($24),Y                                         ; $B663: B1 24
001665r 1  A0 05          LDY #$05                                            ; $B665: A0 05
001667r 1  18             CLC                                                 ; $B667: 18
001668r 1  71 24          ADC ($24),Y                                         ; $B668: 71 24
00166Ar 1  A0 06          LDY #$06                                            ; $B66A: A0 06
00166Cr 1  18             CLC                                                 ; $B66C: 18
00166Dr 1  71 24          ADC ($24),Y                                         ; $B66D: 71 24
00166Fr 1  A0 07          LDY #$07                                            ; $B66F: A0 07
001671r 1  18             CLC                                                 ; $B671: 18
001672r 1  71 24          ADC ($24),Y                                         ; $B672: 71 24
001674r 1  C9 00          CMP #$00                                            ; $B674: C9 00
001676r 1  D0 DE          BNE LB656                                           ; $B676: D0 DE
001678r 1  20 rr rr       JSR Proc_B898                                       ; $B678: 20 98 B8
00167Br 1  E0 02          CPX #$02                                            ; $B67B: E0 02
00167Dr 1  90 D7          BCC LB656                                           ; $B67D: 90 D7
00167Fr 1  A0 00          LDY #$00                                            ; $B67F: A0 00
001681r 1  8C 36 00       STY a:$0036                                         ; $B681: 8C 36 00
001684r 1  8C 37 00       STY a:$0037                                         ; $B684: 8C 37 00
001687r 1  8C 38 00       STY a:$0038                                         ; $B687: 8C 38 00
00168Ar 1               LB68A:
00168Ar 1  AC 36 00       LDY a:$0036                                         ; $B68A: AC 36 00
00168Dr 1  B9 73 6F       LDA $6F73,Y                                         ; $B68D: B9 73 6F
001690r 1  D0 16          BNE LB6A8                                           ; $B690: D0 16
001692r 1  AD 36 00       LDA a:$0036                                         ; $B692: AD 36 00
001695r 1  20 rr rr       JSR Proc_D080                                       ; $B695: 20 80 D0
001698r 1  A5 2B          LDA $2B                                             ; $B698: A5 2B
00169Ar 1  CD 37 00       CMP a:$0037                                         ; $B69A: CD 37 00
00169Dr 1  90 09          BCC LB6A8                                           ; $B69D: 90 09
00169Fr 1  8D 37 00       STA a:$0037                                         ; $B69F: 8D 37 00
0016A2r 1  AD 36 00       LDA a:$0036                                         ; $B6A2: AD 36 00
0016A5r 1  8D 38 00       STA a:$0038                                         ; $B6A5: 8D 38 00
0016A8r 1               LB6A8:
0016A8r 1  EE 36 00       INC a:$0036                                         ; $B6A8: EE 36 00
0016ABr 1  AD 36 00       LDA a:$0036                                         ; $B6AB: AD 36 00
0016AEr 1  C9 07          CMP #$07                                            ; $B6AE: C9 07
0016B0r 1  90 D8          BCC LB68A                                           ; $B6B0: 90 D8
0016B2r 1  AD 03 6F       LDA $6F03                                           ; $B6B2: AD 03 6F
0016B5r 1  20 rr rr       JSR Proc_D080                                       ; $B6B5: 20 80 D0
0016B8r 1  A5 2B          LDA $2B                                             ; $B6B8: A5 2B
0016BAr 1  18             CLC                                                 ; $B6BA: 18
0016BBr 1  69 02          ADC #$02                                            ; $B6BB: 69 02
0016BDr 1  CD 37 00       CMP a:$0037                                         ; $B6BD: CD 37 00
0016C0r 1  90 03          .byte $90,$03                                       ; $B6C0: 90 03 (BCC mid-instruction target)
0016C2r 1  4C rr rr       JMP LB656                                           ; $B6C2: 4C 56 B6
0016C5r 1  AD 37 00       LDA a:$0037                                         ; $B6C5: AD 37 00
0016C8r 1  85 20          STA $20                                             ; $B6C8: 85 20
0016CAr 1  A9 1E          LDA #$1E                                            ; $B6CA: A9 1E
0016CCr 1  85 21          STA $21                                             ; $B6CC: 85 21
0016CEr 1  20 rr rr       JSR Proc_D471                                       ; $B6CE: 20 71 D4
0016D1r 1  A5 2A          LDA $2A                                             ; $B6D1: A5 2A
0016D3r 1  18             CLC                                                 ; $B6D3: 18
0016D4r 1  69 46          ADC #$46                                            ; $B6D4: 69 46
0016D6r 1  85 21          STA $21                                             ; $B6D6: 85 21
0016D8r 1  A5 2B          LDA $2B                                             ; $B6D8: A5 2B
0016DAr 1  69 00          ADC #$00                                            ; $B6DA: 69 00
0016DCr 1  85 22          STA $22                                             ; $B6DC: 85 22
0016DEr 1  A9 0A          LDA #$0A                                            ; $B6DE: A9 0A
0016E0r 1  85 23          STA $23                                             ; $B6E0: 85 23
0016E2r 1  A9 00          LDA #$00                                            ; $B6E2: A9 00
0016E4r 1  85 24          STA $24                                             ; $B6E4: 85 24
0016E6r 1  20 rr rr       JSR Proc_D40F                                       ; $B6E6: 20 0F D4
0016E9r 1  A5 21          LDA $21                                             ; $B6E9: A5 21
0016EBr 1  8D 2F 04       STA $042F                                           ; $B6EB: 8D 2F 04
0016EEr 1  A5 22          LDA $22                                             ; $B6EE: A5 22
0016F0r 1  8D 30 04       STA $0430                                           ; $B6F0: 8D 30 04
0016F3r 1  0E 2F 04       ASL $042F                                           ; $B6F3: 0E 2F 04
0016F6r 1  2E 30 04       ROL $0430                                           ; $B6F6: 2E 30 04
0016F9r 1  0E 2F 04       ASL $042F                                           ; $B6F9: 0E 2F 04
0016FCr 1  2E 30 04       ROL $0430                                           ; $B6FC: 2E 30 04
0016FFr 1  A9 00          LDA #$00                                            ; $B6FF: A9 00
001701r 1  8D 31 04       STA $0431                                           ; $B701: 8D 31 04
001704r 1  A9 00          LDA #$00                                            ; $B704: A9 00
001706r 1  8D 39 00       STA a:$0039                                         ; $B706: 8D 39 00
001709r 1  A9 64          LDA #$64                                            ; $B709: A9 64
00170Br 1  20 rr rr       JSR Proc_D4BB                                       ; $B70B: 20 BB D4
00170Er 1  C9 32          CMP #$32                                            ; $B70E: C9 32
001710r 1  90 28          BCC LB73A                                           ; $B710: 90 28
001712r 1  A9 01          LDA #$01                                            ; $B712: A9 01
001714r 1  8D 39 00       STA a:$0039                                         ; $B714: 8D 39 00
001717r 1  A5 21          LDA $21                                             ; $B717: A5 21
001719r 1  85 20          STA $20                                             ; $B719: 85 20
00171Br 1  A5 22          LDA $22                                             ; $B71B: A5 22
00171Dr 1  85 21          STA $21                                             ; $B71D: 85 21
00171Fr 1  A9 00          LDA #$00                                            ; $B71F: A9 00
001721r 1  85 22          STA $22                                             ; $B721: 85 22
001723r 1  A9 06          LDA #$06                                            ; $B723: A9 06
001725r 1  85 23          STA $23                                             ; $B725: 85 23
001727r 1  20 rr rr       JSR Proc_D438                                       ; $B727: 20 38 D4
00172Ar 1  AD 26 00       LDA a:$0026                                         ; $B72A: AD 26 00
00172Dr 1  8D 2F 04       STA $042F                                           ; $B72D: 8D 2F 04
001730r 1  A5 27          LDA $27                                             ; $B730: A5 27
001732r 1  8D 30 04       STA $0430                                           ; $B732: 8D 30 04
001735r 1  A9 00          LDA #$00                                            ; $B735: A9 00
001737r 1  8D 31 04       STA $0431                                           ; $B737: 8D 31 04
00173Ar 1               LB73A:
00173Ar 1  AD 2F 04       LDA $042F                                           ; $B73A: AD 2F 04
00173Dr 1  8D 3A 00       STA a:$003A                                         ; $B73D: 8D 3A 00
001740r 1  AD 31 04       LDA $0431                                           ; $B740: AD 31 04
001743r 1  8D 3B 00       STA a:$003B                                         ; $B743: 8D 3B 00
001746r 1  20 A2 B7       JSR $B7A2                                           ; $B746: 20 A2 B7
001749r 1  B0 03          .byte $B0,$03                                       ; $B749: B0 03 (BCS mid-instruction target)
00174Br 1  4C rr rr       JMP LB656                                           ; $B74B: 4C 56 B6
00174Er 1  AD 38 00       LDA a:$0038                                         ; $B74E: AD 38 00
001751r 1  20 rr rr       JSR Proc_D319                                       ; $B751: 20 19 D3
001754r 1  A0 03          LDY #$03                                            ; $B754: A0 03
001756r 1  B1 24          LDA ($24),Y                                         ; $B756: B1 24
001758r 1  C9 03          CMP #$03                                            ; $B758: C9 03
00175Ar 1  D0 09          .byte $D0,$09                                       ; $B75A: D0 09 (BNE mid-instruction target)
00175Cr 1  20 rr rr       JSR Proc_B90A                                       ; $B75C: 20 0A B9
00175Fr 1  20 rr rr       JSR Proc_B7CE                                       ; $B75F: 20 CE B7
001762r 1  4C 16 B6       JMP $B616                                           ; $B762: 4C 16 B6
001765r 1  AD 03 6F       LDA $6F03                                           ; $B765: AD 03 6F
001768r 1  20 rr rr       JSR Proc_D319                                       ; $B768: 20 19 D3
00176Br 1  A0 00          LDY #$00                                            ; $B76B: A0 00
00176Dr 1  B1 24          LDA ($24),Y                                         ; $B76D: B1 24
00176Fr 1  8D 40 00       STA a:$0040                                         ; $B76F: 8D 40 00
001772r 1  AD 38 00       LDA a:$0038                                         ; $B772: AD 38 00
001775r 1  20 rr rr       JSR Proc_D319                                       ; $B775: 20 19 D3
001778r 1  A0 00          LDY #$00                                            ; $B778: A0 00
00177Ar 1  B1 24          LDA ($24),Y                                         ; $B77A: B1 24
00177Cr 1  8D 41 00       STA a:$0041                                         ; $B77C: 8D 41 00
00177Fr 1  A0 03          LDY #$03                                            ; $B77F: A0 03
001781r 1  B1 24          LDA ($24),Y                                         ; $B781: B1 24
001783r 1  8D 44 6F       STA $6F44                                           ; $B783: 8D 44 6F
001786r 1  A9 F8          LDA #$F8                                            ; $B786: A9 F8
001788r 1  8D 8B 6F       STA $6F8B                                           ; $B788: 8D 8B 6F
00178Br 1               LB78B:
00178Br 1  AD 8B 6F       LDA $6F8B                                           ; $B78B: AD 8B 6F
00178Er 1  C9 F8          CMP #$F8                                            ; $B78E: C9 F8
001790r 1  F0 F9          BEQ LB78B                                           ; $B790: F0 F9
001792r 1  C9 00          CMP #$00                                            ; $B792: C9 00
001794r 1  F0 03          .byte $F0,$03                                       ; $B794: F0 03 (BEQ mid-instruction target)
001796r 1  4C 16 B6       JMP $B616                                           ; $B796: 4C 16 B6
001799r 1  20 rr rr       JSR Proc_B90A                                       ; $B799: 20 0A B9
00179Cr 1  20 rr rr       JSR Proc_B7CE                                       ; $B79C: 20 CE B7
00179Fr 1  4C 16 B6       JMP $B616                                           ; $B79F: 4C 16 B6
0017A2r 1  AD 03 6F       LDA $6F03                                           ; $B7A2: AD 03 6F
0017A5r 1  20 rr rr       JSR Proc_B955                                       ; $B7A5: 20 55 B9
0017A8r 1  20 rr rr       JSR Proc_D105                                       ; $B7A8: 20 05 D1
0017ABr 1  AD 39 00       LDA a:$0039                                         ; $B7AB: AD 39 00
0017AEr 1  D0 0F          BNE LB7BF                                           ; $B7AE: D0 0F
0017B0r 1  A0 02          LDY #$02                                            ; $B7B0: A0 02
0017B2r 1  B1 20          LDA ($20),Y                                         ; $B7B2: B1 20
0017B4r 1  38             SEC                                                 ; $B7B4: 38
0017B5r 1  ED 2F 04       SBC $042F                                           ; $B7B5: ED 2F 04
0017B8r 1  C8             INY                                                 ; $B7B8: C8
0017B9r 1  B1 20          LDA ($20),Y                                         ; $B7B9: B1 20
0017BBr 1  ED 30 04       SBC $0430                                           ; $B7BB: ED 30 04
0017BEr 1  60             RTS                                                 ; $B7BE: 60
0017BFr 1               LB7BF:
0017BFr 1  A0 04          LDY #$04                                            ; $B7BF: A0 04
0017C1r 1  B1 20          LDA ($20),Y                                         ; $B7C1: B1 20
0017C3r 1  38             SEC                                                 ; $B7C3: 38
0017C4r 1  ED 2F 04       SBC $042F                                           ; $B7C4: ED 2F 04
0017C7r 1  C8             INY                                                 ; $B7C7: C8
0017C8r 1  B1 20          LDA ($20),Y                                         ; $B7C8: B1 20
0017CAr 1  ED 30 04       SBC $0430                                           ; $B7CA: ED 30 04
0017CDr 1  60             RTS                                                 ; $B7CD: 60
0017CEr 1               .endproc
0017CEr 1               LB613 = $B613
0017CEr 1               LB639 = $B639
0017CEr 1               LB648 = $B648
0017CEr 1               LB656 = $B656
0017CEr 1               LB68A = $B68A
0017CEr 1               LB6A8 = $B6A8
0017CEr 1               LB73A = $B73A
0017CEr 1               LB78B = $B78B
0017CEr 1               LB7BF = $B7BF
0017CEr 1               
0017CEr 1               
0017CEr 1               ;===============================================================================
0017CEr 1               ; $B7CE: Proc_B7CE
0017CEr 1               ;===============================================================================
0017CEr 1               .proc Proc_B7CE
0017CEr 1               
0017CEr 1  AD 03 6F       LDA $6F03                                           ; $B7CE: AD 03 6F
0017D1r 1  20 rr rr       JSR Proc_B955                                       ; $B7D1: 20 55 B9
0017D4r 1  20 rr rr       JSR Proc_D105                                       ; $B7D4: 20 05 D1
0017D7r 1  AD 39 00       LDA a:$0039                                         ; $B7D7: AD 39 00
0017DAr 1  D0 15          BNE LB7F1                                           ; $B7DA: D0 15
0017DCr 1  A0 02          LDY #$02                                            ; $B7DC: A0 02
0017DEr 1  B1 20          LDA ($20),Y                                         ; $B7DE: B1 20
0017E0r 1  38             SEC                                                 ; $B7E0: 38
0017E1r 1  ED 3A 00       SBC a:$003A                                         ; $B7E1: ED 3A 00
0017E4r 1  91 20          STA ($20),Y                                         ; $B7E4: 91 20
0017E6r 1  C8             INY                                                 ; $B7E6: C8
0017E7r 1  B1 20          LDA ($20),Y                                         ; $B7E7: B1 20
0017E9r 1  ED 3B 00       SBC a:$003B                                         ; $B7E9: ED 3B 00
0017ECr 1  91 20          STA ($20),Y                                         ; $B7EC: 91 20
0017EEr 1  4C 03 B8       JMP $B803                                           ; $B7EE: 4C 03 B8
0017F1r 1               LB7F1:
0017F1r 1  A0 04          LDY #$04                                            ; $B7F1: A0 04
0017F3r 1  B1 20          LDA ($20),Y                                         ; $B7F3: B1 20
0017F5r 1  38             SEC                                                 ; $B7F5: 38
0017F6r 1  ED 3A 00       SBC a:$003A                                         ; $B7F6: ED 3A 00
0017F9r 1  91 20          STA ($20),Y                                         ; $B7F9: 91 20
0017FBr 1  C8             INY                                                 ; $B7FB: C8
0017FCr 1  B1 20          LDA ($20),Y                                         ; $B7FC: B1 20
0017FEr 1  ED 3B 00       SBC a:$003B                                         ; $B7FE: ED 3B 00
001801r 1  91 20          STA ($20),Y                                         ; $B801: 91 20
001803r 1  AD 38 00       LDA a:$0038                                         ; $B803: AD 38 00
001806r 1  20 rr rr       JSR Proc_B955                                       ; $B806: 20 55 B9
001809r 1  20 rr rr       JSR Proc_D105                                       ; $B809: 20 05 D1
00180Cr 1  AD 39 00       LDA a:$0039                                         ; $B80C: AD 39 00
00180Fr 1  D0 13          .byte $D0,$13                                       ; $B80F: D0 13 (BNE mid-instruction target)
001811r 1  A0 02          LDY #$02                                            ; $B811: A0 02
001813r 1  B1 20          LDA ($20),Y                                         ; $B813: B1 20
001815r 1  18             CLC                                                 ; $B815: 18
001816r 1  6D 3A 00       ADC a:$003A                                         ; $B816: 6D 3A 00
001819r 1  91 20          STA ($20),Y                                         ; $B819: 91 20
00181Br 1  C8             INY                                                 ; $B81B: C8
00181Cr 1  B1 20          LDA ($20),Y                                         ; $B81C: B1 20
00181Er 1  6D 3B 00       ADC a:$003B                                         ; $B81E: 6D 3B 00
001821r 1  91 20          STA ($20),Y                                         ; $B821: 91 20
001823r 1  60             RTS                                                 ; $B823: 60
001824r 1  A0 04          LDY #$04                                            ; $B824: A0 04
001826r 1  B1 20          LDA ($20),Y                                         ; $B826: B1 20
001828r 1  18             CLC                                                 ; $B828: 18
001829r 1  6D 3A 00       ADC a:$003A                                         ; $B829: 6D 3A 00
00182Cr 1  91 20          STA ($20),Y                                         ; $B82C: 91 20
00182Er 1  C8             INY                                                 ; $B82E: C8
00182Fr 1  B1 20          LDA ($20),Y                                         ; $B82F: B1 20
001831r 1  6D 3B 00       ADC a:$003B                                         ; $B831: 6D 3B 00
001834r 1  91 20          STA ($20),Y                                         ; $B834: 91 20
001836r 1  60             RTS                                                 ; $B836: 60
001837r 1  A9 00          LDA #$00                                            ; $B837: A9 00
001839r 1  8D 36 00       STA a:$0036                                         ; $B839: 8D 36 00
00183Cr 1  A9 FF          LDA #$FF                                            ; $B83C: A9 FF
00183Er 1  8D 3D 00       STA a:$003D                                         ; $B83E: 8D 3D 00
001841r 1  A9 00          LDA #$00                                            ; $B841: A9 00
001843r 1  8D 3E 00       STA a:$003E                                         ; $B843: 8D 3E 00
001846r 1  AD 36 00       LDA a:$0036                                         ; $B846: AD 36 00
001849r 1  20 rr rr       JSR Proc_D105                                       ; $B849: 20 05 D1
00184Cr 1  CD 03 6F       CMP $6F03                                           ; $B84C: CD 03 6F
00184Fr 1  D0 03          BNE LB854                                           ; $B84F: D0 03
001851r 1  20 rr rr       JSR Proc_B85F                                       ; $B851: 20 5F B8
001854r 1               LB854:
001854r 1  EE 36 00       INC a:$0036                                         ; $B854: EE 36 00
001857r 1  AD 36 00       LDA a:$0036                                         ; $B857: AD 36 00
00185Ar 1  C9 1E          CMP #$1E                                            ; $B85A: C9 1E
00185Cr 1  90 E8          .byte $90,$E8                                       ; $B85C: 90 E8 (BCC mid-instruction target)
00185Er 1  60             RTS                                                 ; $B85E: 60
00185Fr 1               .endproc
00185Fr 1               LB7F1 = $B7F1
00185Fr 1               LB854 = $B854
00185Fr 1               
00185Fr 1               
00185Fr 1               ;===============================================================================
00185Fr 1               ; $B85F: Proc_B85F
00185Fr 1               ;===============================================================================
00185Fr 1               .proc Proc_B85F
00185Fr 1               
00185Fr 1  AD 36 00       LDA a:$0036                                         ; $B85F: AD 36 00
001862r 1  20 rr rr       JSR Proc_D105                                       ; $B862: 20 05 D1
001865r 1  A9 11          LDA #$11                                            ; $B865: A9 11
001867r 1  8D 3C 00       STA a:$003C                                         ; $B867: 8D 3C 00
00186Ar 1               LB86A:
00186Ar 1  AC 3C 00       LDY a:$003C                                         ; $B86A: AC 3C 00
00186Dr 1  B1 20          LDA ($20),Y                                         ; $B86D: B1 20
00186Fr 1  C9 FF          CMP #$FF                                            ; $B86F: C9 FF
001871r 1  F0 1A          .byte $F0,$1A                                       ; $B871: F0 1A (BEQ mid-instruction target)
001873r 1  CD 40 00       CMP a:$0040                                         ; $B873: CD 40 00
001876r 1  F0 15          .byte $F0,$15                                       ; $B876: F0 15 (BEQ mid-instruction target)
001878r 1  A0 03          LDY #$03                                            ; $B878: A0 03
00187Ar 1  20 AB D2       JSR $D2AB                                           ; $B87A: 20 AB D2
00187Dr 1  CD 3E 00       CMP a:$003E                                         ; $B87D: CD 3E 00
001880r 1  90 0B          .byte $90,$0B                                       ; $B880: 90 0B (BCC mid-instruction target)
001882r 1  8D 3E 00       STA a:$003E                                         ; $B882: 8D 3E 00
001885r 1  AC 3C 00       LDY a:$003C                                         ; $B885: AC 3C 00
001888r 1  B1 20          LDA ($20),Y                                         ; $B888: B1 20
00188Ar 1  8D 3D 00       STA a:$003D                                         ; $B88A: 8D 3D 00
00188Dr 1  EE 3C 00       INC a:$003C                                         ; $B88D: EE 3C 00
001890r 1  AD 3C 00       LDA a:$003C                                         ; $B890: AD 3C 00
001893r 1  C9 1B          CMP #$1B                                            ; $B893: C9 1B
001895r 1  90 D3          BCC LB86A                                           ; $B895: 90 D3
001897r 1  60             RTS                                                 ; $B897: 60
001898r 1               .endproc
001898r 1               LB86A = $B86A
001898r 1               
001898r 1               
001898r 1               ;===============================================================================
001898r 1               ; $B898: Proc_B898
001898r 1               ;===============================================================================
001898r 1               .proc Proc_B898
001898r 1               
001898r 1  A0 30          LDY #$30                                            ; $B898: A0 30
00189Ar 1  20 66 F2       JSR B1F_SwitchBank8_A                               ; $B89A: 20 66 F2
00189Dr 1  A0 07          LDY #$07                                            ; $B89D: A0 07
00189Fr 1               LB89F:
00189Fr 1  A9 FF          LDA #$FF                                            ; $B89F: A9 FF
0018A1r 1  99 73 6F       STA $6F73,Y                                         ; $B8A1: 99 73 6F
0018A4r 1  88             DEY                                                 ; $B8A4: 88
0018A5r 1  10 F8          BPL LB89F                                           ; $B8A5: 10 F8
0018A7r 1  A9 00          LDA #$00                                            ; $B8A7: A9 00
0018A9r 1  8D 36 00       STA a:$0036                                         ; $B8A9: 8D 36 00
0018ACr 1  8D 37 00       STA a:$0037                                         ; $B8AC: 8D 37 00
0018AFr 1               LB8AF:
0018AFr 1  A9 00          LDA #$00                                            ; $B8AF: A9 00
0018B1r 1  8D 39 00       STA a:$0039                                         ; $B8B1: 8D 39 00
0018B4r 1  AD 36 00       LDA a:$0036                                         ; $B8B4: AD 36 00
0018B7r 1  20 rr rr       JSR Proc_D105                                       ; $B8B7: 20 05 D1
0018BAr 1  CD 03 6F       CMP $6F03                                           ; $B8BA: CD 03 6F
0018BDr 1  D0 31          .byte $D0,$31                                       ; $B8BD: D0 31 (BNE mid-instruction target)
0018BFr 1  AD 36 00       LDA a:$0036                                         ; $B8BF: AD 36 00
0018C2r 1  0A             ASL A                                               ; $B8C2: 0A
0018C3r 1  0A             ASL A                                               ; $B8C3: 0A
0018C4r 1  0A             ASL A                                               ; $B8C4: 0A
0018C5r 1  A8             TAY                                                 ; $B8C5: A8
0018C6r 1               LB8C6:
0018C6r 1  B9 72 9D       LDA $9D72,Y                                         ; $B8C6: B9 72 9D
0018C9r 1  30 25          .byte $30,$25                                       ; $B8C9: 30 25 (BMI mid-instruction target)
0018CBr 1  85 23          STA $23                                             ; $B8CB: 85 23
0018CDr 1  84 24          STY $24                                             ; $B8CD: 84 24
0018CFr 1  20 rr rr       JSR Proc_D105                                       ; $B8CF: 20 05 D1
0018D2r 1  C9 07          CMP #$07                                            ; $B8D2: C9 07
0018D4r 1  F0 0B          BEQ LB8E1                                           ; $B8D4: F0 0B
0018D6r 1  CD 03 6F       CMP $6F03                                           ; $B8D6: CD 03 6F
0018D9r 1  F0 06          BEQ LB8E1                                           ; $B8D9: F0 06
0018DBr 1  A8             TAY                                                 ; $B8DB: A8
0018DCr 1  A9 00          LDA #$00                                            ; $B8DC: A9 00
0018DEr 1  99 73 6F       STA $6F73,Y                                         ; $B8DE: 99 73 6F
0018E1r 1               LB8E1:
0018E1r 1  A5 23          LDA $23                                             ; $B8E1: A5 23
0018E3r 1  A4 24          LDY $24                                             ; $B8E3: A4 24
0018E5r 1  C8             INY                                                 ; $B8E5: C8
0018E6r 1  EE 39 00       INC a:$0039                                         ; $B8E6: EE 39 00
0018E9r 1  AE 39 00       LDX a:$0039                                         ; $B8E9: AE 39 00
0018ECr 1  E0 08          CPX #$08                                            ; $B8EC: E0 08
0018EEr 1  90 D6          BCC LB8C6                                           ; $B8EE: 90 D6
0018F0r 1  EE 36 00       INC a:$0036                                         ; $B8F0: EE 36 00
0018F3r 1  AD 36 00       LDA a:$0036                                         ; $B8F3: AD 36 00
0018F6r 1  C9 1E          CMP #$1E                                            ; $B8F6: C9 1E
0018F8r 1  90 B5          BCC LB8AF                                           ; $B8F8: 90 B5
0018FAr 1  A0 00          LDY #$00                                            ; $B8FA: A0 00
0018FCr 1  A2 00          LDX #$00                                            ; $B8FC: A2 00
0018FEr 1               LB8FE:
0018FEr 1  B9 73 6F       LDA $6F73,Y                                         ; $B8FE: B9 73 6F
001901r 1  D0 01          BNE LB904                                           ; $B901: D0 01
001903r 1  E8             INX                                                 ; $B903: E8
001904r 1               LB904:
001904r 1  C8             INY                                                 ; $B904: C8
001905r 1  C0 07          CPY #$07                                            ; $B905: C0 07
001907r 1  90 F5          BCC LB8FE                                           ; $B907: 90 F5
001909r 1  60             RTS                                                 ; $B909: 60
00190Ar 1               .endproc
00190Ar 1               LB89F = $B89F
00190Ar 1               LB8AF = $B8AF
00190Ar 1               LB8C6 = $B8C6
00190Ar 1               LB8E1 = $B8E1
00190Ar 1               LB8FE = $B8FE
00190Ar 1               LB904 = $B904
00190Ar 1               
00190Ar 1               
00190Ar 1               ;===============================================================================
00190Ar 1               ; $B90A: Proc_B90A
00190Ar 1               ;===============================================================================
00190Ar 1               .proc Proc_B90A
00190Ar 1               
00190Ar 1  AD 03 6F       LDA $6F03                                           ; $B90A: AD 03 6F
00190Dr 1  20 rr rr       JSR Proc_D319                                       ; $B90D: 20 19 D3
001910r 1  AD 38 00       LDA a:$0038                                         ; $B910: AD 38 00
001913r 1  20 23 B9       JSR $B923                                           ; $B913: 20 23 B9
001916r 1  AD 38 00       LDA a:$0038                                         ; $B916: AD 38 00
001919r 1  20 rr rr       JSR Proc_D319                                       ; $B919: 20 19 D3
00191Cr 1  AD 03 6F       LDA $6F03                                           ; $B91C: AD 03 6F
00191Fr 1  20 23 B9       JSR $B923                                           ; $B91F: 20 23 B9
001922r 1  60             RTS                                                 ; $B922: 60
001923r 1  A0 04          LDY #$04                                            ; $B923: A0 04
001925r 1  C9 00          CMP #$00                                            ; $B925: C9 00
001927r 1  F0 1A          BEQ LB943                                           ; $B927: F0 1A
001929r 1  C9 01          CMP #$01                                            ; $B929: C9 01
00192Br 1  F0 1F          BEQ LB94C                                           ; $B92B: F0 1F
00192Dr 1  A0 05          LDY #$05                                            ; $B92D: A0 05
00192Fr 1  C9 02          CMP #$02                                            ; $B92F: C9 02
001931r 1  F0 10          BEQ LB943                                           ; $B931: F0 10
001933r 1  C9 03          CMP #$03                                            ; $B933: C9 03
001935r 1  F0 15          BEQ LB94C                                           ; $B935: F0 15
001937r 1  A0 06          LDY #$06                                            ; $B937: A0 06
001939r 1  C9 04          CMP #$04                                            ; $B939: C9 04
00193Br 1  F0 06          BEQ LB943                                           ; $B93B: F0 06
00193Dr 1  C9 05          CMP #$05                                            ; $B93D: C9 05
00193Fr 1  F0 0B          BEQ LB94C                                           ; $B93F: F0 0B
001941r 1  A0 07          LDY #$07                                            ; $B941: A0 07
001943r 1               LB943:
001943r 1  B1 24          LDA ($24),Y                                         ; $B943: B1 24
001945r 1  29 F0          AND #$F0                                            ; $B945: 29 F0
001947r 1  09 0A          ORA #$0A                                            ; $B947: 09 0A
001949r 1  91 24          STA ($24),Y                                         ; $B949: 91 24
00194Br 1  60             RTS                                                 ; $B94B: 60
00194Cr 1               LB94C:
00194Cr 1  B1 24          LDA ($24),Y                                         ; $B94C: B1 24
00194Er 1  29 0F          AND #$0F                                            ; $B94E: 29 0F
001950r 1  09 A0          ORA #$A0                                            ; $B950: 09 A0
001952r 1  91 24          STA ($24),Y                                         ; $B952: 91 24
001954r 1  60             RTS                                                 ; $B954: 60
001955r 1               .endproc
001955r 1               LB943 = $B943
001955r 1               LB94C = $B94C
001955r 1               
001955r 1               
001955r 1               ;===============================================================================
001955r 1               ; $B955: Proc_B955
001955r 1               ;===============================================================================
001955r 1               .proc Proc_B955
001955r 1               
001955r 1  85 2C          STA $2C                                             ; $B955: 85 2C
001957r 1  A0 00          LDY #$00                                            ; $B957: A0 00
001959r 1  84 2B          STY $2B                                             ; $B959: 84 2B
00195Br 1  20 rr rr       JSR Proc_D319                                       ; $B95B: 20 19 D3
00195Er 1  A0 00          LDY #$00                                            ; $B95E: A0 00
001960r 1  B1 24          LDA ($24),Y                                         ; $B960: B1 24
001962r 1  85 2A          STA $2A                                             ; $B962: 85 2A
001964r 1               LB964:
001964r 1  A5 2B          LDA $2B                                             ; $B964: A5 2B
001966r 1  20 rr rr       JSR Proc_D105                                       ; $B966: 20 05 D1
001969r 1  29 07          AND #$07                                            ; $B969: 29 07
00196Br 1  C5 2C          CMP $2C                                             ; $B96B: C5 2C
00196Dr 1  D0 10          BNE LB97F                                           ; $B96D: D0 10
00196Fr 1  A0 11          LDY #$11                                            ; $B96F: A0 11
001971r 1  B1 20          LDA ($20),Y                                         ; $B971: B1 20
001973r 1  C5 2A          CMP $2A                                             ; $B973: C5 2A
001975r 1  D0 03          BNE LB97A                                           ; $B975: D0 03
001977r 1  A5 2B          LDA $2B                                             ; $B977: A5 2B
001979r 1  60             RTS                                                 ; $B979: 60
00197Ar 1               LB97A:
00197Ar 1  C8             INY                                                 ; $B97A: C8
00197Br 1  C0 1B          CPY #$1B                                            ; $B97B: C0 1B
00197Dr 1  90 F2          .byte $90,$F2                                       ; $B97D: 90 F2 (BCC mid-instruction target)
00197Fr 1               LB97F:
00197Fr 1  E6 2B          INC $2B                                             ; $B97F: E6 2B
001981r 1  A5 2B          LDA $2B                                             ; $B981: A5 2B
001983r 1  C9 1E          CMP #$1E                                            ; $B983: C9 1E
001985r 1  90 DD          BCC LB964                                           ; $B985: 90 DD
001987r 1  A9 FF          LDA #$FF                                            ; $B987: A9 FF
001989r 1  18             CLC                                                 ; $B989: 18
00198Ar 1  60             RTS                                                 ; $B98A: 60
00198Br 1               .endproc
00198Br 1               LB964 = $B964
00198Br 1               LB97A = $B97A
00198Br 1               LB97F = $B97F
00198Br 1               
00198Br 1               
00198Br 1               ;===============================================================================
00198Br 1               ; $B98B: Proc_B98B
00198Br 1               ;===============================================================================
00198Br 1               .proc Proc_B98B
00198Br 1               
00198Br 1  A9 00          LDA #$00                                            ; $B98B: A9 00
00198Dr 1  8D 36 00       STA a:$0036                                         ; $B98D: 8D 36 00
001990r 1  8D 39 00       STA a:$0039                                         ; $B990: 8D 39 00
001993r 1  A9 FF          LDA #$FF                                            ; $B993: A9 FF
001995r 1  8D 37 00       STA a:$0037                                         ; $B995: 8D 37 00
001998r 1  8D 38 00       STA a:$0038                                         ; $B998: 8D 38 00
00199Br 1               LB99B:
00199Br 1  AD 36 00       LDA a:$0036                                         ; $B99B: AD 36 00
00199Er 1  20 rr rr       JSR Proc_D105                                       ; $B99E: 20 05 D1
0019A1r 1  CD 03 6F       CMP $6F03                                           ; $B9A1: CD 03 6F
0019A4r 1  D0 1B          BNE LB9C1                                           ; $B9A4: D0 1B
0019A6r 1  20 rr rr       JSR Proc_BB82                                       ; $B9A6: 20 82 BB
0019A9r 1  AD 36 00       LDA a:$0036                                         ; $B9A9: AD 36 00
0019ACr 1  20 rr rr       JSR Proc_D304                                       ; $B9AC: 20 04 D3
0019AFr 1  C9 0A          CMP #$0A                                            ; $B9AF: C9 0A
0019B1r 1  B0 0E          BCS LB9C1                                           ; $B9B1: B0 0E
0019B3r 1  CD 37 00       CMP a:$0037                                         ; $B9B3: CD 37 00
0019B6r 1  B0 09          BCS LB9C1                                           ; $B9B6: B0 09
0019B8r 1  8D 37 00       STA a:$0037                                         ; $B9B8: 8D 37 00
0019BBr 1  AD 36 00       LDA a:$0036                                         ; $B9BB: AD 36 00
0019BEr 1  8D 38 00       STA a:$0038                                         ; $B9BE: 8D 38 00
0019C1r 1               LB9C1:
0019C1r 1  EE 36 00       INC a:$0036                                         ; $B9C1: EE 36 00
0019C4r 1  AD 36 00       LDA a:$0036                                         ; $B9C4: AD 36 00
0019C7r 1  C9 1E          CMP #$1E                                            ; $B9C7: C9 1E
0019C9r 1  90 D0          BCC LB99B                                           ; $B9C9: 90 D0
0019CBr 1  AD 38 00       LDA a:$0038                                         ; $B9CB: AD 38 00
0019CEr 1  C9 FF          CMP #$FF                                            ; $B9CE: C9 FF
0019D0r 1  D0 03          .byte $D0,$03                                       ; $B9D0: D0 03 (BNE mid-instruction target)
0019D2r 1  4C 16 B6       JMP $B616                                           ; $B9D2: 4C 16 B6
0019D5r 1  A9 00          LDA #$00                                            ; $B9D5: A9 00
0019D7r 1  8D 36 00       STA a:$0036                                         ; $B9D7: 8D 36 00
0019DAr 1  A9 FF          LDA #$FF                                            ; $B9DA: A9 FF
0019DCr 1  8D 3D 00       STA a:$003D                                         ; $B9DC: 8D 3D 00
0019DFr 1  8D 3E 00       STA a:$003E                                         ; $B9DF: 8D 3E 00
0019E2r 1  8D 3F 00       STA a:$003F                                         ; $B9E2: 8D 3F 00
0019E5r 1               LB9E5:
0019E5r 1  AD 36 00       LDA a:$0036                                         ; $B9E5: AD 36 00
0019E8r 1  20 rr rr       JSR Proc_D105                                       ; $B9E8: 20 05 D1
0019EBr 1  CD 03 6F       CMP $6F03                                           ; $B9EB: CD 03 6F
0019EEr 1  F0 03          BEQ LB9F3                                           ; $B9EE: F0 03
0019F0r 1  20 48 BB       JSR $BB48                                           ; $B9F0: 20 48 BB
0019F3r 1               LB9F3:
0019F3r 1  EE 36 00       INC a:$0036                                         ; $B9F3: EE 36 00
0019F6r 1  AD 36 00       LDA a:$0036                                         ; $B9F6: AD 36 00
0019F9r 1  C9 1E          CMP #$1E                                            ; $B9F9: C9 1E
0019FBr 1  90 E8          BCC LB9E5                                           ; $B9FB: 90 E8
0019FDr 1  AD 3E 00       LDA a:$003E                                         ; $B9FD: AD 3E 00
001A00r 1  C9 46          CMP #$46                                            ; $BA00: C9 46
001A02r 1  90 03          .byte $90,$03                                       ; $BA02: 90 03 (BCC mid-instruction target)
001A04r 1  4C rr rr       JMP Proc_BA7E                                       ; $BA04: 4C 7E BA
001A07r 1  AD 3D 00       LDA a:$003D                                         ; $BA07: AD 3D 00
001A0Ar 1  A0 04          LDY #$04                                            ; $BA0A: A0 04
001A0Cr 1  20 AB D2       JSR $D2AB                                           ; $BA0C: 20 AB D2
001A0Fr 1  85 21          STA $21                                             ; $BA0F: 85 21
001A11r 1  A0 0B          LDY #$0B                                            ; $BA11: A0 0B
001A13r 1  B1 22          LDA ($22),Y                                         ; $BA13: B1 22
001A15r 1  4A             LSR A                                               ; $BA15: 4A
001A16r 1  4A             LSR A                                               ; $BA16: 4A
001A17r 1  4A             LSR A                                               ; $BA17: 4A
001A18r 1  4A             LSR A                                               ; $BA18: 4A
001A19r 1  85 20          STA $20                                             ; $BA19: 85 20
001A1Br 1  AD 39 00       LDA a:$0039                                         ; $BA1B: AD 39 00
001A1Er 1  38             SEC                                                 ; $BA1E: 38
001A1Fr 1  E5 20          SBC $20                                             ; $BA1F: E5 20
001A21r 1  8D 39 00       STA a:$0039                                         ; $BA21: 8D 39 00
001A24r 1  A0 02          LDY #$02                                            ; $BA24: A0 02
001A26r 1  B1 22          LDA ($22),Y                                         ; $BA26: B1 22
001A28r 1  18             CLC                                                 ; $BA28: 18
001A29r 1  65 21          ADC $21                                             ; $BA29: 65 21
001A2Br 1  A9 14          LDA #$14                                            ; $BA2B: A9 14
001A2Dr 1  85 23          STA $23                                             ; $BA2D: 85 23
001A2Fr 1  A9 00          LDA #$00                                            ; $BA2F: A9 00
001A31r 1  85 22          STA $22                                             ; $BA31: 85 22
001A33r 1  85 24          STA $24                                             ; $BA33: 85 24
001A35r 1  20 rr rr       JSR Proc_D40F                                       ; $BA35: 20 0F D4
001A38r 1  AD 3E 00       LDA a:$003E                                         ; $BA38: AD 3E 00
001A3Br 1  A0 00          LDY #$00                                            ; $BA3B: A0 00
001A3Dr 1  C9 1F          CMP #$1F                                            ; $BA3D: C9 1F
001A3Fr 1  90 06          BCC LBA47                                           ; $BA3F: 90 06
001A41r 1  C8             INY                                                 ; $BA41: C8
001A42r 1  C9 33          CMP #$33                                            ; $BA42: C9 33
001A44r 1  90 01          BCC LBA47                                           ; $BA44: 90 01
001A46r 1  C8             INY                                                 ; $BA46: C8
001A47r 1               LBA47:
001A47r 1  84 20          STY $20                                             ; $BA47: 84 20
001A49r 1  AD 02 6F       LDA $6F02                                           ; $BA49: AD 02 6F
001A4Cr 1  0A             ASL A                                               ; $BA4C: 0A
001A4Dr 1  0A             ASL A                                               ; $BA4D: 0A
001A4Er 1  05 20          ORA $20                                             ; $BA4E: 05 20
001A50r 1  A8             TAY                                                 ; $BA50: A8
001A51r 1  B9 81 BA       LDA $BA81,Y                                         ; $BA51: B9 81 BA
001A54r 1  18             CLC                                                 ; $BA54: 18
001A55r 1  65 21          ADC $21                                             ; $BA55: 65 21
001A57r 1  85 2A          STA $2A                                             ; $BA57: 85 2A
001A59r 1  AD 39 00       LDA a:$0039                                         ; $BA59: AD 39 00
001A5Cr 1  10 12          BPL LBA70                                           ; $BA5C: 10 12
001A5Er 1  49 FF          EOR #$FF                                            ; $BA5E: 49 FF
001A60r 1  18             CLC                                                 ; $BA60: 18
001A61r 1  69 01          ADC #$01                                            ; $BA61: 69 01
001A63r 1  0A             ASL A                                               ; $BA63: 0A
001A64r 1  85 20          STA $20                                             ; $BA64: 85 20
001A66r 1  A5 2A          LDA $2A                                             ; $BA66: A5 2A
001A68r 1  38             SEC                                                 ; $BA68: 38
001A69r 1  E5 20          SBC $20                                             ; $BA69: E5 20
001A6Br 1  85 2A          STA $2A                                             ; $BA6B: 85 2A
001A6Dr 1  4C rr rr       JMP Proc_BA75                                       ; $BA6D: 4C 75 BA
001A70r 1               LBA70:
001A70r 1  18             CLC                                                 ; $BA70: 18
001A71r 1  65 2A          ADC $2A                                             ; $BA71: 65 2A
001A73r 1  85 2A          STA $2A                                             ; $BA73: 85 2A
001A75r 1               .endproc
001A75r 1               LB99B = $B99B
001A75r 1               LB9C1 = $B9C1
001A75r 1               LB9E5 = $B9E5
001A75r 1               LB9F3 = $B9F3
001A75r 1               LBA47 = $BA47
001A75r 1               LBA70 = $BA70
001A75r 1               
001A75r 1               
001A75r 1               ;===============================================================================
001A75r 1               ; $BA75: Proc_BA75
001A75r 1               ;===============================================================================
001A75r 1               .proc Proc_BA75
001A75r 1               
001A75r 1  A9 64          LDA #$64                                            ; $BA75: A9 64
001A77r 1  20 rr rr       JSR Proc_D4BB                                       ; $BA77: 20 BB D4
001A7Ar 1  C5 2A          CMP $2A                                             ; $BA7A: C5 2A
001A7Cr 1  90 0F          .byte $90,$0F                                       ; $BA7C: 90 0F (BCC cross-proc)
001A7Er 1               .endproc
001A7Er 1               
001A7Er 1               ;===============================================================================
001A7Er 1               ; $BA7E: Proc_BA7E
001A7Er 1               ;===============================================================================
001A7Er 1               .proc Proc_BA7E
001A7Er 1               
001A7Er 1  4C 16 B6       JMP $B616                                           ; $BA7E: 4C 16 B6
001A81r 1  28             PLP                                                 ; $BA81: 28
001A82r 1  0F 00 00 32    .byte $0F,$00,$00,$32,$14,$00,$00,$3C,$1E,$0A,$00   ; $BA82: 0F 00 00 32 14 00 00 3C 1E 0A 00
001A86r 1  14 00 00 3C  
001A8Ar 1  1E 0A 00     
001A8Dr 1               LBA8D:
001A8Dr 1  AD 38 00       LDA a:$0038                                         ; $BA8D: AD 38 00
001A90r 1  20 rr rr       JSR Proc_D105                                       ; $BA90: 20 05 D1
001A93r 1  A0 10          LDY #$10                                            ; $BA93: A0 10
001A95r 1  C8             INY                                                 ; $BA95: C8
001A96r 1  B1 20          LDA ($20),Y                                         ; $BA96: B1 20
001A98r 1  C9 FF          CMP #$FF                                            ; $BA98: C9 FF
001A9Ar 1  D0 F9          .byte $D0,$F9                                       ; $BA9A: D0 F9 (BNE mid-instruction target)
001A9Cr 1  AD 3D 00       LDA a:$003D                                         ; $BA9C: AD 3D 00
001A9Fr 1  91 20          STA ($20),Y                                         ; $BA9F: 91 20
001AA1r 1  AD 03 6F       LDA $6F03                                           ; $BAA1: AD 03 6F
001AA4r 1  20 rr rr       JSR Proc_D319                                       ; $BAA4: 20 19 D3
001AA7r 1  A0 00          LDY #$00                                            ; $BAA7: A0 00
001AA9r 1  B1 24          LDA ($24),Y                                         ; $BAA9: B1 24
001AABr 1  85 30          STA $30                                             ; $BAAB: 85 30
001AADr 1  AD 3D 00       LDA a:$003D                                         ; $BAAD: AD 3D 00
001AB0r 1  85 31          STA $31                                             ; $BAB0: 85 31
001AB2r 1  20 rr rr       JSR B0B_ArmyValueCalc                               ; $BAB2: 20 3F CF
001AB5r 1  AD 3F 00       LDA a:$003F                                         ; $BAB5: AD 3F 00
001AB8r 1  20 rr rr       JSR Proc_D105                                       ; $BAB8: 20 05 D1
001ABBr 1  8D 42 00       STA a:$0042                                         ; $BABB: 8D 42 00
001ABEr 1  A0 10          LDY #$10                                            ; $BABE: A0 10
001AC0r 1  C8             INY                                                 ; $BAC0: C8
001AC1r 1  B1 20          LDA ($20),Y                                         ; $BAC1: B1 20
001AC3r 1  CD 3D 00       CMP a:$003D                                         ; $BAC3: CD 3D 00
001AC6r 1  D0 F8          .byte $D0,$F8                                       ; $BAC6: D0 F8 (BNE mid-instruction target)
001AC8r 1  A9 FF          LDA #$FF                                            ; $BAC8: A9 FF
001ACAr 1  91 20          STA ($20),Y                                         ; $BACA: 91 20
001ACCr 1  AD 3F 00       LDA a:$003F                                         ; $BACC: AD 3F 00
001ACFr 1  20 rr rr       JSR Proc_D3DD                                       ; $BACF: 20 DD D3
001AD2r 1  AD 3F 00       LDA a:$003F                                         ; $BAD2: AD 3F 00
001AD5r 1  20 rr rr       JSR Proc_D304                                       ; $BAD5: 20 04 D3
001AD8r 1  C9 00          CMP #$00                                            ; $BAD8: C9 00
001ADAr 1  D0 06          .byte $D0,$06                                       ; $BADA: D0 06 (BNE mid-instruction target)
001ADCr 1  A0 00          LDY #$00                                            ; $BADC: A0 00
001ADEr 1  A9 07          LDA #$07                                            ; $BADE: A9 07
001AE0r 1  91 20          STA ($20),Y                                         ; $BAE0: 91 20
001AE2r 1  AD 3D 00       LDA a:$003D                                         ; $BAE2: AD 3D 00
001AE5r 1  8D 43 00       STA a:$0043                                         ; $BAE5: 8D 43 00
001AE8r 1  AD 38 00       LDA a:$0038                                         ; $BAE8: AD 38 00
001AEBr 1  20 rr rr       JSR Proc_D105                                       ; $BAEB: 20 05 D1
001AEEr 1  20 rr rr       JSR Proc_D319                                       ; $BAEE: 20 19 D3
001AF1r 1  A0 00          LDY #$00                                            ; $BAF1: A0 00
001AF3r 1  B1 24          LDA ($24),Y                                         ; $BAF3: B1 24
001AF5r 1  8D 40 00       STA a:$0040                                         ; $BAF5: 8D 40 00
001AF8r 1  AD 42 00       LDA a:$0042                                         ; $BAF8: AD 42 00
001AFBr 1  20 rr rr       JSR Proc_D319                                       ; $BAFB: 20 19 D3
001AFEr 1  A0 00          LDY #$00                                            ; $BAFE: A0 00
001B00r 1  B1 24          LDA ($24),Y                                         ; $BB00: B1 24
001B02r 1  8D 41 00       STA a:$0041                                         ; $BB02: 8D 41 00
001B05r 1  A0 03          LDY #$03                                            ; $BB05: A0 03
001B07r 1  B1 24          LDA ($24),Y                                         ; $BB07: B1 24
001B09r 1  C9 03          CMP #$03                                            ; $BB09: C9 03
001B0Br 1  F0 38          BEQ LBB45                                           ; $BB0B: F0 38
001B0Dr 1  A9 00          LDA #$00                                            ; $BB0D: A9 00
001B0Fr 1  8D 36 00       STA a:$0036                                         ; $BB0F: 8D 36 00
001B12r 1  A9 FF          LDA #$FF                                            ; $BB12: A9 FF
001B14r 1  8D 3D 00       STA a:$003D                                         ; $BB14: 8D 3D 00
001B17r 1  A9 00          LDA #$00                                            ; $BB17: A9 00
001B19r 1  8D 3E 00       STA a:$003E                                         ; $BB19: 8D 3E 00
001B1Cr 1  AD 36 00       LDA a:$0036                                         ; $BB1C: AD 36 00
001B1Fr 1  20 rr rr       JSR Proc_D105                                       ; $BB1F: 20 05 D1
001B22r 1  C9 07          CMP #$07                                            ; $BB22: C9 07
001B24r 1  F0 0B          .byte $F0,$0B                                       ; $BB24: F0 0B (BEQ mid-instruction target)
001B26r 1  CD 42 00       CMP a:$0042                                         ; $BB26: CD 42 00
001B29r 1  D0 06          .byte $D0,$06                                       ; $BB29: D0 06 (BNE mid-instruction target)
001B2Br 1  AD 41 00       LDA a:$0041                                         ; $BB2B: AD 41 00
001B2Er 1  20 rr rr       JSR Proc_BD40                                       ; $BB2E: 20 40 BD
001B31r 1  EE 36 00       INC a:$0036                                         ; $BB31: EE 36 00
001B34r 1  AD 36 00       LDA a:$0036                                         ; $BB34: AD 36 00
001B37r 1  C9 1E          CMP #$1E                                            ; $BB37: C9 1E
001B39r 1  90 E1          .byte $90,$E1                                       ; $BB39: 90 E1 (BCC mid-instruction target)
001B3Br 1  A9 FA          LDA #$FA                                            ; $BB3B: A9 FA
001B3Dr 1  8D 8B 6F       STA $6F8B                                           ; $BB3D: 8D 8B 6F
001B40r 1               LBB40:
001B40r 1  AD 8B 6F       LDA $6F8B                                           ; $BB40: AD 8B 6F
001B43r 1  D0 FB          BNE LBB40                                           ; $BB43: D0 FB
001B45r 1               LBB45:
001B45r 1  4C 16 B6       JMP $B616                                           ; $BB45: 4C 16 B6
001B48r 1  AD 36 00       LDA a:$0036                                         ; $BB48: AD 36 00
001B4Br 1  20 rr rr       JSR Proc_D105                                       ; $BB4B: 20 05 D1
001B4Er 1  A9 11          LDA #$11                                            ; $BB4E: A9 11
001B50r 1  8D 3C 00       STA a:$003C                                         ; $BB50: 8D 3C 00
001B53r 1               LBB53:
001B53r 1  AC 3C 00       LDY a:$003C                                         ; $BB53: AC 3C 00
001B56r 1  B1 20          LDA ($20),Y                                         ; $BB56: B1 20
001B58r 1  C9 FF          CMP #$FF                                            ; $BB58: C9 FF
001B5Ar 1  F0 1B          BEQ LBB77                                           ; $BB5A: F0 1B
001B5Cr 1  A0 03          LDY #$03                                            ; $BB5C: A0 03
001B5Er 1  20 AB D2       JSR $D2AB                                           ; $BB5E: 20 AB D2
001B61r 1  CD 3E 00       CMP a:$003E                                         ; $BB61: CD 3E 00
001B64r 1  B0 11          BCS LBB77                                           ; $BB64: B0 11
001B66r 1  8D 3E 00       STA a:$003E                                         ; $BB66: 8D 3E 00
001B69r 1  AC 3C 00       LDY a:$003C                                         ; $BB69: AC 3C 00
001B6Cr 1  B1 20          LDA ($20),Y                                         ; $BB6C: B1 20
001B6Er 1  8D 3D 00       STA a:$003D                                         ; $BB6E: 8D 3D 00
001B71r 1  AD 36 00       LDA a:$0036                                         ; $BB71: AD 36 00
001B74r 1  8D 3F 00       STA a:$003F                                         ; $BB74: 8D 3F 00
001B77r 1               LBB77:
001B77r 1  EE 3C 00       INC a:$003C                                         ; $BB77: EE 3C 00
001B7Ar 1  AD 3C 00       LDA a:$003C                                         ; $BB7A: AD 3C 00
001B7Dr 1  C9 1B          CMP #$1B                                            ; $BB7D: C9 1B
001B7Fr 1  90 D2          BCC LBB53                                           ; $BB7F: 90 D2
001B81r 1  60             RTS                                                 ; $BB81: 60
001B82r 1               .endproc
001B82r 1               LBA8D = $BA8D
001B82r 1               LBB40 = $BB40
001B82r 1               LBB45 = $BB45
001B82r 1               LBB53 = $BB53
001B82r 1               LBB77 = $BB77
001B82r 1               
001B82r 1               
001B82r 1               ;===============================================================================
001B82r 1               ; $BB82: Proc_BB82
001B82r 1               ;===============================================================================
001B82r 1               .proc Proc_BB82
001B82r 1               
001B82r 1  AD 36 00       LDA a:$0036                                         ; $BB82: AD 36 00
001B85r 1  20 rr rr       JSR Proc_D105                                       ; $BB85: 20 05 D1
001B88r 1  A9 11          LDA #$11                                            ; $BB88: A9 11
001B8Ar 1  8D 3C 00       STA a:$003C                                         ; $BB8A: 8D 3C 00
001B8Dr 1               LBB8D:
001B8Dr 1  AC 3C 00       LDY a:$003C                                         ; $BB8D: AC 3C 00
001B90r 1  B1 20          LDA ($20),Y                                         ; $BB90: B1 20
001B92r 1  C9 FF          CMP #$FF                                            ; $BB92: C9 FF
001B94r 1  F0 11          .byte $F0,$11                                       ; $BB94: F0 11 (BEQ mid-instruction target)
001B96r 1  A0 0B          LDY #$0B                                            ; $BB96: A0 0B
001B98r 1  20 AB D2       JSR $D2AB                                           ; $BB98: 20 AB D2
001B9Br 1  4A             LSR A                                               ; $BB9B: 4A
001B9Cr 1  4A             LSR A                                               ; $BB9C: 4A
001B9Dr 1  4A             LSR A                                               ; $BB9D: 4A
001B9Er 1  4A             LSR A                                               ; $BB9E: 4A
001B9Fr 1  CD 39 00       CMP a:$0039                                         ; $BB9F: CD 39 00
001BA2r 1  90 03          .byte $90,$03                                       ; $BBA2: 90 03 (BCC mid-instruction target)
001BA4r 1  8D 39 00       STA a:$0039                                         ; $BBA4: 8D 39 00
001BA7r 1  EE 3C 00       INC a:$003C                                         ; $BBA7: EE 3C 00
001BAAr 1  AD 3C 00       LDA a:$003C                                         ; $BBAA: AD 3C 00
001BADr 1  C9 1B          CMP #$1B                                            ; $BBAD: C9 1B
001BAFr 1  90 DC          BCC LBB8D                                           ; $BBAF: 90 DC
001BB1r 1  60             RTS                                                 ; $BBB1: 60
001BB2r 1               .endproc
001BB2r 1               LBB8D = $BB8D
001BB2r 1               
001BB2r 1               
001BB2r 1               ;===============================================================================
001BB2r 1               ; $BBB2: Proc_BBB2
001BB2r 1               ;===============================================================================
001BB2r 1               .proc Proc_BBB2
001BB2r 1               
001BB2r 1  A9 00          LDA #$00                                            ; $BBB2: A9 00
001BB4r 1  8D 36 00       STA a:$0036                                         ; $BBB4: 8D 36 00
001BB7r 1  A9 FF          LDA #$FF                                            ; $BBB7: A9 FF
001BB9r 1  8D 3D 00       STA a:$003D                                         ; $BBB9: 8D 3D 00
001BBCr 1  A9 00          LDA #$00                                            ; $BBBC: A9 00
001BBEr 1  8D 3E 00       STA a:$003E                                         ; $BBBE: 8D 3E 00
001BC1r 1  AD 36 00       LDA a:$0036                                         ; $BBC1: AD 36 00
001BC4r 1  20 rr rr       JSR Proc_D105                                       ; $BBC4: 20 05 D1
001BC7r 1  CD 03 6F       CMP $6F03                                           ; $BBC7: CD 03 6F
001BCAr 1  D0 03          .byte $D0,$03                                       ; $BBCA: D0 03 (BNE mid-instruction target)
001BCCr 1  20 3E BD       JSR $BD3E                                           ; $BBCC: 20 3E BD
001BCFr 1  EE 36 00       INC a:$0036                                         ; $BBCF: EE 36 00
001BD2r 1  AD 36 00       LDA a:$0036                                         ; $BBD2: AD 36 00
001BD5r 1  C9 1E          CMP #$1E                                            ; $BBD5: C9 1E
001BD7r 1  90 E8          .byte $90,$E8                                       ; $BBD7: 90 E8 (BCC mid-instruction target)
001BD9r 1  A9 00          LDA #$00                                            ; $BBD9: A9 00
001BDBr 1  8D 36 00       STA a:$0036                                         ; $BBDB: 8D 36 00
001BDEr 1  8D 37 00       STA a:$0037                                         ; $BBDE: 8D 37 00
001BE1r 1  A9 FF          LDA #$FF                                            ; $BBE1: A9 FF
001BE3r 1  8D 38 00       STA a:$0038                                         ; $BBE3: 8D 38 00
001BE6r 1               LBBE6:
001BE6r 1  AD 36 00       LDA a:$0036                                         ; $BBE6: AD 36 00
001BE9r 1  20 rr rr       JSR Proc_D105                                       ; $BBE9: 20 05 D1
001BECr 1  CD 03 6F       CMP $6F03                                           ; $BBEC: CD 03 6F
001BEFr 1  F0 1F          BEQ LBC10                                           ; $BBEF: F0 1F
001BF1r 1  20 rr rr       JSR Proc_D319                                       ; $BBF1: 20 19 D3
001BF4r 1  A0 03          LDY #$03                                            ; $BBF4: A0 03
001BF6r 1  B1 24          LDA ($24),Y                                         ; $BBF6: B1 24
001BF8r 1  C9 03          CMP #$03                                            ; $BBF8: C9 03
001BFAr 1  F0 14          BEQ LBC10                                           ; $BBFA: F0 14
001BFCr 1  AD 36 00       LDA a:$0036                                         ; $BBFC: AD 36 00
001BFFr 1  20 rr rr       JSR Proc_D304                                       ; $BBFF: 20 04 D3
001C02r 1  CD 37 00       CMP a:$0037                                         ; $BC02: CD 37 00
001C05r 1  90 09          BCC LBC10                                           ; $BC05: 90 09
001C07r 1  8D 37 00       STA a:$0037                                         ; $BC07: 8D 37 00
001C0Ar 1  AD 36 00       LDA a:$0036                                         ; $BC0A: AD 36 00
001C0Dr 1  8D 38 00       STA a:$0038                                         ; $BC0D: 8D 38 00
001C10r 1               LBC10:
001C10r 1  EE 36 00       INC a:$0036                                         ; $BC10: EE 36 00
001C13r 1  AD 36 00       LDA a:$0036                                         ; $BC13: AD 36 00
001C16r 1  C9 1E          CMP #$1E                                            ; $BC16: C9 1E
001C18r 1  90 CC          BCC LBBE6                                           ; $BC18: 90 CC
001C1Ar 1  AD 37 00       LDA a:$0037                                         ; $BC1A: AD 37 00
001C1Dr 1  C9 06          CMP #$06                                            ; $BC1D: C9 06
001C1Fr 1  B0 03          .byte $B0,$03                                       ; $BC1F: B0 03 (BCS mid-instruction target)
001C21r 1  4C 16 B6       JMP $B616                                           ; $BC21: 4C 16 B6
001C24r 1  A0 0F          LDY #$0F                                            ; $BC24: A0 0F
001C26r 1  A9 FF          LDA #$FF                                            ; $BC26: A9 FF
001C28r 1               LBC28:
001C28r 1  99 73 6F       STA $6F73,Y                                         ; $BC28: 99 73 6F
001C2Br 1  88             DEY                                                 ; $BC2B: 88
001C2Cr 1  10 FA          BPL LBC28                                           ; $BC2C: 10 FA
001C2Er 1  AD 38 00       LDA a:$0038                                         ; $BC2E: AD 38 00
001C31r 1  20 rr rr       JSR Proc_D105                                       ; $BC31: 20 05 D1
001C34r 1  A9 11          LDA #$11                                            ; $BC34: A9 11
001C36r 1  8D 36 00       STA a:$0036                                         ; $BC36: 8D 36 00
001C39r 1  A9 00          LDA #$00                                            ; $BC39: A9 00
001C3Br 1  8D 37 00       STA a:$0037                                         ; $BC3B: 8D 37 00
001C3Er 1               LBC3E:
001C3Er 1  AC 36 00       LDY a:$0036                                         ; $BC3E: AC 36 00
001C41r 1  B1 20          LDA ($20),Y                                         ; $BC41: B1 20
001C43r 1  C9 FF          CMP #$FF                                            ; $BC43: C9 FF
001C45r 1  F0 1B          BEQ LBC62                                           ; $BC45: F0 1B
001C47r 1  A0 03          LDY #$03                                            ; $BC47: A0 03
001C49r 1  20 AB D2       JSR $D2AB                                           ; $BC49: 20 AB D2
001C4Cr 1  C9 32          CMP #$32                                            ; $BC4C: C9 32
001C4Er 1  90 12          BCC LBC62                                           ; $BC4E: 90 12
001C50r 1  C9 5A          CMP #$5A                                            ; $BC50: C9 5A
001C52r 1  B0 0E          BCS LBC62                                           ; $BC52: B0 0E
001C54r 1  AC 36 00       LDY a:$0036                                         ; $BC54: AC 36 00
001C57r 1  B1 20          LDA ($20),Y                                         ; $BC57: B1 20
001C59r 1  AC 37 00       LDY a:$0037                                         ; $BC59: AC 37 00
001C5Cr 1               LBC5C:
001C5Cr 1  99 73 6F       STA $6F73,Y                                         ; $BC5C: 99 73 6F
001C5Fr 1  EE 37 00       INC a:$0037                                         ; $BC5F: EE 37 00
001C62r 1               LBC62:
001C62r 1  EE 36 00       INC a:$0036                                         ; $BC62: EE 36 00
001C65r 1  AD 36 00       LDA a:$0036                                         ; $BC65: AD 36 00
001C68r 1  C9 1B          CMP #$1B                                            ; $BC68: C9 1B
001C6Ar 1  90 D2          BCC LBC3E                                           ; $BC6A: 90 D2
001C6Cr 1  AD 37 00       LDA a:$0037                                         ; $BC6C: AD 37 00
001C6Fr 1  F0 37          .byte $F0,$37                                       ; $BC6F: F0 37 (BEQ mid-instruction target)
001C71r 1  C9 01          CMP #$01                                            ; $BC71: C9 01
001C73r 1  F0 06          .byte $F0,$06                                       ; $BC73: F0 06 (BEQ mid-instruction target)
001C75r 1  20 rr rr       JSR Proc_D4AD                                       ; $BC75: 20 AD D4
001C78r 1  18             CLC                                                 ; $BC78: 18
001C79r 1  69 01          ADC #$01                                            ; $BC79: 69 01
001C7Br 1  A8             TAY                                                 ; $BC7B: A8
001C7Cr 1  B9 72 6F       LDA $6F72,Y                                         ; $BC7C: B9 72 6F
001C7Fr 1  8D 37 00       STA a:$0037                                         ; $BC7F: 8D 37 00
001C82r 1  AD 37 00       LDA a:$0037                                         ; $BC82: AD 37 00
001C85r 1  A0 02          LDY #$02                                            ; $BC85: A0 02
001C87r 1  20 AB D2       JSR $D2AB                                           ; $BC87: 20 AB D2
001C8Ar 1  85 00          STA $00                                             ; $BC8A: 85 00
001C8Cr 1  AD 3E 00       LDA a:$003E                                         ; $BC8C: AD 3E 00
001C8Fr 1  38             SEC                                                 ; $BC8F: 38
001C90r 1  E5 00          SBC $00                                             ; $BC90: E5 00
001C92r 1  B0 02          BCS LBC96                                           ; $BC92: B0 02
001C94r 1  A9 00          LDA #$00                                            ; $BC94: A9 00
001C96r 1               LBC96:
001C96r 1  AC 02 6F       LDY $6F02                                           ; $BC96: AC 02 6F
001C99r 1  18             CLC                                                 ; $BC99: 18
001C9Ar 1  79 AB BC       ADC $BCAB,Y                                         ; $BC9A: 79 AB BC
001C9Dr 1  85 2A          STA $2A                                             ; $BC9D: 85 2A
001C9Fr 1  A9 64          LDA #$64                                            ; $BC9F: A9 64
001CA1r 1  20 rr rr       JSR Proc_D4BB                                       ; $BCA1: 20 BB D4
001CA4r 1  C5 2A          CMP $2A                                             ; $BCA4: C5 2A
001CA6r 1  90 06          .byte $90,$06                                       ; $BCA6: 90 06 (BCC mid-instruction target)
001CA8r 1  4C 16 B6       JMP $B616                                           ; $BCA8: 4C 16 B6
001CABr 1  10 20          .byte $10,$20                                       ; $BCAB: 10 20 (BPL mid-instruction target)
001CADr 1  30 AD          BMI LBC5C                                           ; $BCAD: 30 AD
001CAFr 1  3E 00 85       ROL $8500,X                                         ; $BCAF: 3E 00 85
001CB2r 1  21 A9          AND ($A9,X)                                         ; $BCB2: 21 A9
001CB4r 1  14             .byte $14                                           ; $BCB4: 14
001CB5r 1  85 23          STA $23                                             ; $BCB5: 85 23
001CB7r 1  A9 00          LDA #$00                                            ; $BCB7: A9 00
001CB9r 1  85 22          STA $22                                             ; $BCB9: 85 22
001CBBr 1  85 24          STA $24                                             ; $BCBB: 85 24
001CBDr 1  20 rr rr       JSR Proc_D40F                                       ; $BCBD: 20 0F D4
001CC0r 1  A9 07          LDA #$07                                            ; $BCC0: A9 07
001CC2r 1  20 rr rr       JSR Proc_D4AD                                       ; $BCC2: 20 AD D4
001CC5r 1  18             CLC                                                 ; $BCC5: 18
001CC6r 1  69 01          ADC #$01                                            ; $BCC6: 69 01
001CC8r 1  18             CLC                                                 ; $BCC8: 18
001CC9r 1  65 21          ADC $21                                             ; $BCC9: 65 21
001CCBr 1  8D 39 00       STA a:$0039                                         ; $BCCB: 8D 39 00
001CCEr 1  AD 37 00       LDA a:$0037                                         ; $BCCE: AD 37 00
001CD1r 1  A0 03          LDY #$03                                            ; $BCD1: A0 03
001CD3r 1  20 AB D2       JSR $D2AB                                           ; $BCD3: 20 AB D2
001CD6r 1  38             SEC                                                 ; $BCD6: 38
001CD7r 1  ED 39 00       SBC a:$0039                                         ; $BCD7: ED 39 00
001CDAr 1  B0 02          BCS LBCDE                                           ; $BCDA: B0 02
001CDCr 1  A9 00          LDA #$00                                            ; $BCDC: A9 00
001CDEr 1               LBCDE:
001CDEr 1  91 22          STA ($22),Y                                         ; $BCDE: 91 22
001CE0r 1  AD 03 6F       LDA $6F03                                           ; $BCE0: AD 03 6F
001CE3r 1  20 rr rr       JSR Proc_D319                                       ; $BCE3: 20 19 D3
001CE6r 1  A0 00          LDY #$00                                            ; $BCE6: A0 00
001CE8r 1  B1 24          LDA ($24),Y                                         ; $BCE8: B1 24
001CEAr 1  8D 39 00       STA a:$0039                                         ; $BCEA: 8D 39 00
001CEDr 1  AD 38 00       LDA a:$0038                                         ; $BCED: AD 38 00
001CF0r 1  20 rr rr       JSR Proc_D105                                       ; $BCF0: 20 05 D1
001CF3r 1  8D 3B 00       STA a:$003B                                         ; $BCF3: 8D 3B 00
001CF6r 1  20 rr rr       JSR Proc_D319                                       ; $BCF6: 20 19 D3
001CF9r 1  A0 00          LDY #$00                                            ; $BCF9: A0 00
001CFBr 1  B1 24          LDA ($24),Y                                         ; $BCFB: B1 24
001CFDr 1  8D 3A 00       STA a:$003A                                         ; $BCFD: 8D 3A 00
001D00r 1  A0 03          LDY #$03                                            ; $BD00: A0 03
001D02r 1  B1 24          LDA ($24),Y                                         ; $BD02: B1 24
001D04r 1  8D 44 6F       STA $6F44                                           ; $BD04: 8D 44 6F
001D07r 1  A9 00          LDA #$00                                            ; $BD07: A9 00
001D09r 1  8D 36 00       STA a:$0036                                         ; $BD09: 8D 36 00
001D0Cr 1  A9 FF          LDA #$FF                                            ; $BD0C: A9 FF
001D0Er 1  8D 3D 00       STA a:$003D                                         ; $BD0E: 8D 3D 00
001D11r 1  A9 00          LDA #$00                                            ; $BD11: A9 00
001D13r 1  8D 3E 00       STA a:$003E                                         ; $BD13: 8D 3E 00
001D16r 1  AD 36 00       LDA a:$0036                                         ; $BD16: AD 36 00
001D19r 1  20 rr rr       JSR Proc_D105                                       ; $BD19: 20 05 D1
001D1Cr 1  CD 3B 00       CMP a:$003B                                         ; $BD1C: CD 3B 00
001D1Fr 1  D0 06          .byte $D0,$06                                       ; $BD1F: D0 06 (BNE mid-instruction target)
001D21r 1  AD 3A 00       LDA a:$003A                                         ; $BD21: AD 3A 00
001D24r 1  20 rr rr       JSR Proc_BD40                                       ; $BD24: 20 40 BD
001D27r 1  EE 36 00       INC a:$0036                                         ; $BD27: EE 36 00
001D2Ar 1  AD 36 00       LDA a:$0036                                         ; $BD2A: AD 36 00
001D2Dr 1  C9 1E          CMP #$1E                                            ; $BD2D: C9 1E
001D2Fr 1  90 E5          .byte $90,$E5                                       ; $BD2F: 90 E5 (BCC mid-instruction target)
001D31r 1  A9 F9          LDA #$F9                                            ; $BD31: A9 F9
001D33r 1  8D 8B 6F       STA $6F8B                                           ; $BD33: 8D 8B 6F
001D36r 1               LBD36:
001D36r 1  AD 8B 6F       LDA $6F8B                                           ; $BD36: AD 8B 6F
001D39r 1  D0 FB          BNE LBD36                                           ; $BD39: D0 FB
001D3Br 1  4C 16 B6       JMP $B616                                           ; $BD3B: 4C 16 B6
001D3Er 1  A9 FF          LDA #$FF                                            ; $BD3E: A9 FF
001D40r 1               .endproc
001D40r 1               LBBE6 = $BBE6
001D40r 1               LBC10 = $BC10
001D40r 1               LBC28 = $BC28
001D40r 1               LBC3E = $BC3E
001D40r 1               LBC5C = $BC5C
001D40r 1               LBC62 = $BC62
001D40r 1               LBC96 = $BC96
001D40r 1               LBCDE = $BCDE
001D40r 1               LBD36 = $BD36
001D40r 1               
001D40r 1               
001D40r 1               ;===============================================================================
001D40r 1               ; $BD40: Proc_BD40
001D40r 1               ;===============================================================================
001D40r 1               .proc Proc_BD40
001D40r 1               
001D40r 1  85 2A          STA $2A                                             ; $BD40: 85 2A
001D42r 1  AD 36 00       LDA a:$0036                                         ; $BD42: AD 36 00
001D45r 1  20 rr rr       JSR Proc_D105                                       ; $BD45: 20 05 D1
001D48r 1  A9 11          LDA #$11                                            ; $BD48: A9 11
001D4Ar 1  8D 3C 00       STA a:$003C                                         ; $BD4A: 8D 3C 00
001D4Dr 1               LBD4D:
001D4Dr 1  AC 3C 00       LDY a:$003C                                         ; $BD4D: AC 3C 00
001D50r 1  B1 20          LDA ($20),Y                                         ; $BD50: B1 20
001D52r 1  C9 FF          CMP #$FF                                            ; $BD52: C9 FF
001D54r 1  F0 19          .byte $F0,$19                                       ; $BD54: F0 19 (BEQ mid-instruction target)
001D56r 1  C5 2A          CMP $2A                                             ; $BD56: C5 2A
001D58r 1  F0 15          .byte $F0,$15                                       ; $BD58: F0 15 (BEQ mid-instruction target)
001D5Ar 1  A0 02          LDY #$02                                            ; $BD5A: A0 02
001D5Cr 1  20 AB D2       JSR $D2AB                                           ; $BD5C: 20 AB D2
001D5Fr 1  CD 3E 00       CMP a:$003E                                         ; $BD5F: CD 3E 00
001D62r 1  90 0B          .byte $90,$0B                                       ; $BD62: 90 0B (BCC mid-instruction target)
001D64r 1  8D 3E 00       STA a:$003E                                         ; $BD64: 8D 3E 00
001D67r 1  AC 3C 00       LDY a:$003C                                         ; $BD67: AC 3C 00
001D6Ar 1  B1 20          LDA ($20),Y                                         ; $BD6A: B1 20
001D6Cr 1  8D 3D 00       STA a:$003D                                         ; $BD6C: 8D 3D 00
001D6Fr 1  EE 3C 00       INC a:$003C                                         ; $BD6F: EE 3C 00
001D72r 1  AD 3C 00       LDA a:$003C                                         ; $BD72: AD 3C 00
001D75r 1  C9 1B          CMP #$1B                                            ; $BD75: C9 1B
001D77r 1  90 D4          BCC LBD4D                                           ; $BD77: 90 D4
001D79r 1  60             RTS                                                 ; $BD79: 60
001D7Ar 1               .endproc
001D7Ar 1               LBD4D = $BD4D
001D7Ar 1               
001D7Ar 1               
001D7Ar 1               ;===============================================================================
001D7Ar 1               ; $BD7A: Proc_BD7A
001D7Ar 1               ;===============================================================================
001D7Ar 1               .proc Proc_BD7A
001D7Ar 1               
001D7Ar 1  A9 00          LDA #$00                                            ; $BD7A: A9 00
001D7Cr 1  8D 36 00       STA a:$0036                                         ; $BD7C: 8D 36 00
001D7Fr 1  8D 37 00       STA a:$0037                                         ; $BD7F: 8D 37 00
001D82r 1  A9 FF          LDA #$FF                                            ; $BD82: A9 FF
001D84r 1  8D 38 00       STA a:$0038                                         ; $BD84: 8D 38 00
001D87r 1  8D 39 00       STA a:$0039                                         ; $BD87: 8D 39 00
001D8Ar 1  AD 36 00       LDA a:$0036                                         ; $BD8A: AD 36 00
001D8Dr 1  20 rr rr       JSR Proc_D105                                       ; $BD8D: 20 05 D1
001D90r 1  CD 03 6F       CMP $6F03                                           ; $BD90: CD 03 6F
001D93r 1  D0 59          .byte $D0,$59                                       ; $BD93: D0 59 (BNE cross-proc)
001D95r 1  A0 01          LDY #$01                                            ; $BD95: A0 01
001D97r 1  B1 20          LDA ($20),Y                                         ; $BD97: B1 20
001D99r 1  38             SEC                                                 ; $BD99: 38
001D9Ar 1  E9 2C          SBC #$2C                                            ; $BD9A: E9 2C
001D9Cr 1  C8             INY                                                 ; $BD9C: C8
001D9Dr 1  B1 20          LDA ($20),Y                                         ; $BD9D: B1 20
001D9Fr 1  E9 01          SBC #$01                                            ; $BD9F: E9 01
001DA1r 1  90 4B          .byte $90,$4B                                       ; $BDA1: 90 4B (BCC cross-proc)
001DA3r 1  A0 11          LDY #$11                                            ; $BDA3: A0 11
001DA5r 1  84 24          STY $24                                             ; $BDA5: 84 24
001DA7r 1  A4 24          LDY $24                                             ; $BDA7: A4 24
001DA9r 1  B1 20          LDA ($20),Y                                         ; $BDA9: B1 20
001DABr 1  C9 FF          CMP #$FF                                            ; $BDAB: C9 FF
001DADr 1  F0 37          .byte $F0,$37                                       ; $BDAD: F0 37 (BEQ cross-proc)
001DAFr 1  A0 09          LDY #$09                                            ; $BDAF: A0 09
001DB1r 1  20 AB D2       JSR $D2AB                                           ; $BDB1: 20 AB D2
001DB4r 1  29 03          AND #$03                                            ; $BDB4: 29 03
001DB6r 1  C9 03          CMP #$03                                            ; $BDB6: C9 03
001DB8r 1  D0 08          .byte $D0,$08                                       ; $BDB8: D0 08 (BNE mid-instruction target)
001DBAr 1  A0 08          LDY #$08                                            ; $BDBA: A0 08
001DBCr 1  B1 22          LDA ($22),Y                                         ; $BDBC: B1 22
001DBEr 1  C9 E8          CMP #$E8                                            ; $BDBE: C9 E8
001DC0r 1  F0 24          .byte $F0,$24                                       ; $BDC0: F0 24 (BEQ cross-proc)
001DC2r 1  A4 24          LDY $24                                             ; $BDC2: A4 24
001DC4r 1  C0 11          CPY #$11                                            ; $BDC4: C0 11
001DC6r 1  D0 05          .byte $D0,$05                                       ; $BDC6: D0 05 (BNE mid-instruction target)
001DC8r 1  A9 64          LDA #$64                                            ; $BDC8: A9 64
001DCAr 1  4C rr rr       JMP Proc_BDD1                                       ; $BDCA: 4C D1 BD
001DCDr 1  A0 01          LDY #$01                                            ; $BDCD: A0 01
001DCFr 1  B1 22          LDA ($22),Y                                         ; $BDCF: B1 22
001DD1r 1               .endproc
001DD1r 1               
001DD1r 1               ;===============================================================================
001DD1r 1               ; $BDD1: Proc_BDD1
001DD1r 1               ;===============================================================================
001DD1r 1               .proc Proc_BDD1
001DD1r 1               
001DD1r 1  CD 37 00       CMP a:$0037                                         ; $BDD1: CD 37 00
001DD4r 1  90 10          .byte $90,$10                                       ; $BDD4: 90 10 (BCC mid-instruction target)
001DD6r 1  8D 37 00       STA a:$0037                                         ; $BDD6: 8D 37 00
001DD9r 1  A4 24          LDY $24                                             ; $BDD9: A4 24
001DDBr 1  B1 20          LDA ($20),Y                                         ; $BDDB: B1 20
001DDDr 1  8D 38 00       STA a:$0038                                         ; $BDDD: 8D 38 00
001DE0r 1  AD 36 00       LDA a:$0036                                         ; $BDE0: AD 36 00
001DE3r 1  8D 39 00       STA a:$0039                                         ; $BDE3: 8D 39 00
001DE6r 1  E6 24          INC $24                                             ; $BDE6: E6 24
001DE8r 1  A5 24          LDA $24                                             ; $BDE8: A5 24
001DEAr 1  C9 1B          CMP #$1B                                            ; $BDEA: C9 1B
001DECr 1  90 B9          .byte $90,$B9                                       ; $BDEC: 90 B9 (BCC cross-proc)
001DEEr 1  EE 36 00       INC a:$0036                                         ; $BDEE: EE 36 00
001DF1r 1  AD 36 00       LDA a:$0036                                         ; $BDF1: AD 36 00
001DF4r 1  C9 1E          CMP #$1E                                            ; $BDF4: C9 1E
001DF6r 1  90 92          .byte $90,$92                                       ; $BDF6: 90 92 (BCC cross-proc)
001DF8r 1  AD 38 00       LDA a:$0038                                         ; $BDF8: AD 38 00
001DFBr 1  C9 FF          CMP #$FF                                            ; $BDFB: C9 FF
001DFDr 1  D0 03          .byte $D0,$03                                       ; $BDFD: D0 03 (BNE mid-instruction target)
001DFFr 1  4C C7 BE       JMP $BEC7                                           ; $BDFF: 4C C7 BE
001E02r 1  AD 39 00       LDA a:$0039                                         ; $BE02: AD 39 00
001E05r 1  20 rr rr       JSR Proc_D105                                       ; $BE05: 20 05 D1
001E08r 1  AD 38 00       LDA a:$0038                                         ; $BE08: AD 38 00
001E0Br 1  A0 08          LDY #$08                                            ; $BE0B: A0 08
001E0Dr 1  20 AB D2       JSR $D2AB                                           ; $BE0D: 20 AB D2
001E10r 1  85 2A          STA $2A                                             ; $BE10: 85 2A
001E12r 1  C8             INY                                                 ; $BE12: C8
001E13r 1  B1 22          LDA ($22),Y                                         ; $BE13: B1 22
001E15r 1  29 03          AND #$03                                            ; $BE15: 29 03
001E17r 1  85 2B          STA $2B                                             ; $BE17: 85 2B
001E19r 1  A9 E8          LDA #$E8                                            ; $BE19: A9 E8
001E1Br 1  38             SEC                                                 ; $BE1B: 38
001E1Cr 1  E5 2A          SBC $2A                                             ; $BE1C: E5 2A
001E1Er 1  8D 3A 00       STA a:$003A                                         ; $BE1E: 8D 3A 00
001E21r 1  85 2C          STA $2C                                             ; $BE21: 85 2C
001E23r 1  A9 03          LDA #$03                                            ; $BE23: A9 03
001E25r 1  E5 2B          SBC $2B                                             ; $BE25: E5 2B
001E27r 1  8D 3B 00       STA a:$003B                                         ; $BE27: 8D 3B 00
001E2Ar 1  85 2D          STA $2D                                             ; $BE2A: 85 2D
001E2Cr 1  A0 0C          LDY #$0C                                            ; $BE2C: A0 0C
001E2Er 1  AD 3A 00       LDA a:$003A                                         ; $BE2E: AD 3A 00
001E31r 1  38             SEC                                                 ; $BE31: 38
001E32r 1  F1 20          SBC ($20),Y                                         ; $BE32: F1 20
001E34r 1  8D 3C 00       STA a:$003C                                         ; $BE34: 8D 3C 00
001E37r 1  C8             INY                                                 ; $BE37: C8
001E38r 1  AD 3B 00       LDA a:$003B                                         ; $BE38: AD 3B 00
001E3Br 1  F1 20          SBC ($20),Y                                         ; $BE3B: F1 20
001E3Dr 1  8D 3D 00       STA a:$003D                                         ; $BE3D: 8D 3D 00
001E40r 1  90 52          .byte $90,$52                                       ; $BE40: 90 52 (BCC mid-instruction target)
001E42r 1  A0 00          LDY #$00                                            ; $BE42: A0 00
001E44r 1  84 28          STY $28                                             ; $BE44: 84 28
001E46r 1  84 29          STY $29                                             ; $BE46: 84 29
001E48r 1  98             TYA                                                 ; $BE48: 98
001E49r 1  18             CLC                                                 ; $BE49: 18
001E4Ar 1  69 14          ADC #$14                                            ; $BE4A: 69 14
001E4Cr 1  A8             TAY                                                 ; $BE4C: A8
001E4Dr 1  A5 28          LDA $28                                             ; $BE4D: A5 28
001E4Fr 1  18             CLC                                                 ; $BE4F: 18
001E50r 1  69 64          ADC #$64                                            ; $BE50: 69 64
001E52r 1  85 28          STA $28                                             ; $BE52: 85 28
001E54r 1  A5 29          LDA $29                                             ; $BE54: A5 29
001E56r 1  69 00          ADC #$00                                            ; $BE56: 69 00
001E58r 1  85 29          STA $29                                             ; $BE58: 85 29
001E5Ar 1  AD 3C 00       LDA a:$003C                                         ; $BE5A: AD 3C 00
001E5Dr 1  38             SEC                                                 ; $BE5D: 38
001E5Er 1  E9 64          SBC #$64                                            ; $BE5E: E9 64
001E60r 1  8D 3C 00       STA a:$003C                                         ; $BE60: 8D 3C 00
001E63r 1  AD 3D 00       LDA a:$003D                                         ; $BE63: AD 3D 00
001E66r 1  E9 00          SBC #$00                                            ; $BE66: E9 00
001E68r 1  8D 3D 00       STA a:$003D                                         ; $BE68: 8D 3D 00
001E6Br 1  B0 DB          .byte $B0,$DB                                       ; $BE6B: B0 DB (BCS mid-instruction target)
001E6Dr 1  98             TYA                                                 ; $BE6D: 98
001E6Er 1  85 22          STA $22                                             ; $BE6E: 85 22
001E70r 1  A9 00          LDA #$00                                            ; $BE70: A9 00
001E72r 1  85 23          STA $23                                             ; $BE72: 85 23
001E74r 1  A9 00          LDA #$00                                            ; $BE74: A9 00
001E76r 1  85 24          STA $24                                             ; $BE76: 85 24
001E78r 1  AD 39 00       LDA a:$0039                                         ; $BE78: AD 39 00
001E7Br 1  20 rr rr       JSR Proc_D36F                                       ; $BE7B: 20 6F D3
001E7Er 1  AD 39 00       LDA a:$0039                                         ; $BE7E: AD 39 00
001E81r 1  20 rr rr       JSR Proc_D105                                       ; $BE81: 20 05 D1
001E84r 1  A0 0C          LDY #$0C                                            ; $BE84: A0 0C
001E86r 1  A5 28          LDA $28                                             ; $BE86: A5 28
001E88r 1  18             CLC                                                 ; $BE88: 18
001E89r 1  71 20          ADC ($20),Y                                         ; $BE89: 71 20
001E8Br 1  91 20          STA ($20),Y                                         ; $BE8B: 91 20
001E8Dr 1  C8             INY                                                 ; $BE8D: C8
001E8Er 1  A5 29          LDA $29                                             ; $BE8E: A5 29
001E90r 1  71 20          ADC ($20),Y                                         ; $BE90: 71 20
001E92r 1  91 20          STA ($20),Y                                         ; $BE92: 91 20
001E94r 1  20 rr rr       JSR Proc_D69D                                       ; $BE94: 20 9D D6
001E97r 1  A0 0C          LDY #$0C                                            ; $BE97: A0 0C
001E99r 1  B1 20          LDA ($20),Y                                         ; $BE99: B1 20
001E9Br 1  38             SEC                                                 ; $BE9B: 38
001E9Cr 1  ED 3A 00       SBC a:$003A                                         ; $BE9C: ED 3A 00
001E9Fr 1  91 20          STA ($20),Y                                         ; $BE9F: 91 20
001EA1r 1  C8             INY                                                 ; $BEA1: C8
001EA2r 1  B1 20          LDA ($20),Y                                         ; $BEA2: B1 20
001EA4r 1  ED 3B 00       SBC a:$003B                                         ; $BEA4: ED 3B 00
001EA7r 1  91 20          STA ($20),Y                                         ; $BEA7: 91 20
001EA9r 1  20 rr rr       JSR Proc_D69D                                       ; $BEA9: 20 9D D6
001EACr 1  AD 38 00       LDA a:$0038                                         ; $BEAC: AD 38 00
001EAFr 1  A0 08          LDY #$08                                            ; $BEAF: A0 08
001EB1r 1  20 AB D2       JSR $D2AB                                           ; $BEB1: 20 AB D2
001EB4r 1  A0 08          LDY #$08                                            ; $BEB4: A0 08
001EB6r 1  A9 E8          LDA #$E8                                            ; $BEB6: A9 E8
001EB8r 1  91 22          STA ($22),Y                                         ; $BEB8: 91 22
001EBAr 1  C8             INY                                                 ; $BEBA: C8
001EBBr 1  A9 03          LDA #$03                                            ; $BEBB: A9 03
001EBDr 1  91 22          STA ($22),Y                                         ; $BEBD: 91 22
001EBFr 1  A9 02          LDA #$02                                            ; $BEBF: A9 02
001EC1r 1  20 rr rr       JSR Proc_D152                                       ; $BEC1: 20 52 D1
001EC4r 1  4C rr rr       JMP Proc_BD7A                                       ; $BEC4: 4C 7A BD
001EC7r 1  20 rr rr       JSR Proc_BEE6                                       ; $BEC7: 20 E6 BE
001ECAr 1  A9 50          LDA #$50                                            ; $BECA: A9 50
001ECCr 1  20 rr rr       JSR Proc_D4BB                                       ; $BECC: 20 BB D4
001ECFr 1  48             PHA                                                 ; $BECF: 48
001ED0r 1  AD 03 6F       LDA $6F03                                           ; $BED0: AD 03 6F
001ED3r 1  29 07          AND #$07                                            ; $BED3: 29 07
001ED5r 1  A8             TAY                                                 ; $BED5: A8
001ED6r 1  68             PLA                                                 ; $BED6: 68
001ED7r 1  D9 DF BE       CMP $BEDF,Y                                         ; $BED7: D9 DF BE
001EDAr 1  90 3A          .byte $90,$3A                                       ; $BEDA: 90 3A (BCC cross-proc)
001EDCr 1  4C E0 C1       JMP $C1E0                                           ; $BEDC: 4C E0 C1
001EDFr 1  14 32 28 1E    .byte $14,$32,$28,$1E,$28,$3C,$32                   ; $BEDF: 14 32 28 1E 28 3C 32
001EE3r 1  28 3C 32     
001EE6r 1               .endproc
001EE6r 1               
001EE6r 1               ;===============================================================================
001EE6r 1               ; $BEE6: Proc_BEE6
001EE6r 1               ;===============================================================================
001EE6r 1               .proc Proc_BEE6
001EE6r 1               
001EE6r 1  AE 03 6F       LDX $6F03                                           ; $BEE6: AE 03 6F
001EE9r 1  FE 83 6F       INC $6F83,X                                         ; $BEE9: FE 83 6F
001EECr 1  BD 83 6F       LDA $6F83,X                                         ; $BEEC: BD 83 6F
001EEFr 1  C9 1E          CMP #$1E                                            ; $BEEF: C9 1E
001EF1r 1  90 14          BCC LBF07                                           ; $BEF1: 90 14
001EF3r 1  EE 62 6F       INC $6F62                                           ; $BEF3: EE 62 6F
001EF6r 1  AD 62 6F       LDA $6F62                                           ; $BEF6: AD 62 6F
001EF9r 1  C9 03          CMP #$03                                            ; $BEF9: C9 03
001EFBr 1  D0 08          .byte $D0,$08                                       ; $BEFB: D0 08 (BNE mid-instruction target)
001EFDr 1  A9 00          LDA #$00                                            ; $BEFD: A9 00
001EFFr 1  8D 62 6F       STA $6F62                                           ; $BEFF: 8D 62 6F
001F02r 1  4C 40 D1       JMP $D140                                           ; $BF02: 4C 40 D1
001F05r 1  A9 00          LDA #$00                                            ; $BF05: A9 00
001F07r 1               LBF07:
001F07r 1  9D 83 6F       STA $6F83,X                                         ; $BF07: 9D 83 6F
001F0Ar 1  8D 5E 6F       STA $6F5E                                           ; $BF0A: 8D 5E 6F
001F0Dr 1  20 rr rr       JSR Proc_D105                                       ; $BF0D: 20 05 D1
001F10r 1  CD 03 6F       CMP $6F03                                           ; $BF10: CD 03 6F
001F13r 1  D0 D1          BNE Proc_BEE6                                       ; $BF13: D0 D1
001F15r 1  60             RTS                                                 ; $BF15: 60
001F16r 1               LBF16:
001F16r 1  A9 64          LDA #$64                                            ; $BF16: A9 64
001F18r 1  20 rr rr       JSR Proc_D4BB                                       ; $BF18: 20 BB D4
001F1Br 1  C9 28          CMP #$28                                            ; $BF1B: C9 28
001F1Dr 1  B0 03          BCS LBF22                                           ; $BF1D: B0 03
001F1Fr 1  4C 33 BF       JMP $BF33                                           ; $BF1F: 4C 33 BF
001F22r 1               LBF22:
001F22r 1  C9 46          CMP #$46                                            ; $BF22: C9 46
001F24r 1  B0 03          .byte $B0,$03                                       ; $BF24: B0 03 (BCS mid-instruction target)
001F26r 1  4C rr rr       JMP Proc_C04E                                       ; $BF26: 4C 4E C0
001F29r 1  C9 5A          CMP #$5A                                            ; $BF29: C9 5A
001F2Br 1  B0 03          .byte $B0,$03                                       ; $BF2B: B0 03 (BCS mid-instruction target)
001F2Dr 1  4C CF C0       JMP $C0CF                                           ; $BF2D: 4C CF C0
001F30r 1  4C 30 C1       JMP $C130                                           ; $BF30: 4C 30 C1
001F33r 1  AD 01 6F       LDA $6F01                                           ; $BF33: AD 01 6F
001F36r 1  C9 03          CMP #$03                                            ; $BF36: C9 03
001F38r 1  90 07          BCC LBF41                                           ; $BF38: 90 07
001F3Ar 1  C9 08          CMP #$08                                            ; $BF3A: C9 08
001F3Cr 1  B0 03          BCS LBF41                                           ; $BF3C: B0 03
001F3Er 1  4C rr rr       JMP Proc_BF44                                       ; $BF3E: 4C 44 BF
001F41r 1               LBF41:
001F41r 1  4C C3 BF       JMP $BFC3                                           ; $BF41: 4C C3 BF
001F44r 1               .endproc
001F44r 1               LBF07 = $BF07
001F44r 1               LBF16 = $BF16
001F44r 1               LBF22 = $BF22
001F44r 1               LBF41 = $BF41
001F44r 1               
001F44r 1               
001F44r 1               ;===============================================================================
001F44r 1               ; $BF44: Proc_BF44
001F44r 1               ;===============================================================================
001F44r 1               .proc Proc_BF44
001F44r 1               
001F44r 1  A9 0A          LDA #$0A                                            ; $BF44: A9 0A
001F46r 1  85 22          STA $22                                             ; $BF46: 85 22
001F48r 1  A9 00          LDA #$00                                            ; $BF48: A9 00
001F4Ar 1  85 23          STA $23                                             ; $BF4A: 85 23
001F4Cr 1  A9 0E          LDA #$0E                                            ; $BF4C: A9 0E
001F4Er 1  85 24          STA $24                                             ; $BF4E: 85 24
001F50r 1  AD 5E 6F       LDA $6F5E                                           ; $BF50: AD 5E 6F
001F53r 1  20 rr rr       JSR Proc_D36F                                       ; $BF53: 20 6F D3
001F56r 1  90 68          .byte $90,$68                                       ; $BF56: 90 68 (BCC mid-instruction target)
001F58r 1  A5 22          LDA $22                                             ; $BF58: A5 22
001F5Ar 1  85 20          STA $20                                             ; $BF5A: 85 20
001F5Cr 1  A5 23          LDA $23                                             ; $BF5C: A5 23
001F5Er 1  85 21          STA $21                                             ; $BF5E: 85 21
001F60r 1  A9 00          LDA #$00                                            ; $BF60: A9 00
001F62r 1  85 22          STA $22                                             ; $BF62: 85 22
001F64r 1  AC 02 6F       LDY $6F02                                           ; $BF64: AC 02 6F
001F67r 1  B9 42 C0       LDA $C042,Y                                         ; $BF67: B9 42 C0
001F6Ar 1  85 23          STA $23                                             ; $BF6A: 85 23
001F6Cr 1  20 rr rr       JSR Proc_D438                                       ; $BF6C: 20 38 D4
001F6Fr 1  A5 26          LDA $26                                             ; $BF6F: A5 26
001F71r 1  85 21          STA $21                                             ; $BF71: 85 21
001F73r 1  A5 27          LDA $27                                             ; $BF73: A5 27
001F75r 1  85 22          STA $22                                             ; $BF75: 85 22
001F77r 1  A9 0A          LDA #$0A                                            ; $BF77: A9 0A
001F79r 1  85 23          STA $23                                             ; $BF79: 85 23
001F7Br 1  A9 00          LDA #$00                                            ; $BF7B: A9 00
001F7Dr 1  85 24          STA $24                                             ; $BF7D: 85 24
001F7Fr 1  20 rr rr       JSR Proc_D40F                                       ; $BF7F: 20 0F D4
001F82r 1  A5 22          LDA $22                                             ; $BF82: A5 22
001F84r 1  85 23          STA $23                                             ; $BF84: 85 23
001F86r 1  A5 21          LDA $21                                             ; $BF86: A5 21
001F88r 1  85 22          STA $22                                             ; $BF88: 85 22
001F8Ar 1  AD 5E 6F       LDA $6F5E                                           ; $BF8A: AD 5E 6F
001F8Dr 1  20 rr rr       JSR Proc_D105                                       ; $BF8D: 20 05 D1
001F90r 1  A5 22          LDA $22                                             ; $BF90: A5 22
001F92r 1  20 A7 C1       JSR $C1A7                                           ; $BF92: 20 A7 C1
001F95r 1  A0 08          LDY #$08                                            ; $BF95: A0 08
001F97r 1  B1 20          LDA ($20),Y                                         ; $BF97: B1 20
001F99r 1  18             CLC                                                 ; $BF99: 18
001F9Ar 1  65 22          ADC $22                                             ; $BF9A: 65 22
001F9Cr 1  91 20          STA ($20),Y                                         ; $BF9C: 91 20
001F9Er 1  C8             INY                                                 ; $BF9E: C8
001F9Fr 1  B1 20          LDA ($20),Y                                         ; $BF9F: B1 20
001FA1r 1  65 23          ADC $23                                             ; $BFA1: 65 23
001FA3r 1  29 03          AND #$03                                            ; $BFA3: 29 03
001FA5r 1  91 20          STA ($20),Y                                         ; $BFA5: 91 20
001FA7r 1  C9 03          CMP #$03                                            ; $BFA7: C9 03
001FA9r 1  90 10          .byte $90,$10                                       ; $BFA9: 90 10 (BCC mid-instruction target)
001FABr 1  88             DEY                                                 ; $BFAB: 88
001FACr 1  B1 20          LDA ($20),Y                                         ; $BFAC: B1 20
001FAEr 1  C9 E7          CMP #$E7                                            ; $BFAE: C9 E7
001FB0r 1  90 09          .byte $90,$09                                       ; $BFB0: 90 09 (BCC mid-instruction target)
001FB2r 1  A9 E7          LDA #$E7                                            ; $BFB2: A9 E7
001FB4r 1  91 20          STA ($20),Y                                         ; $BFB4: 91 20
001FB6r 1  C8             INY                                                 ; $BFB6: C8
001FB7r 1  A9 03          LDA #$03                                            ; $BFB7: A9 03
001FB9r 1  91 20          STA ($20),Y                                         ; $BFB9: 91 20
001FBBr 1  A9 05          LDA #$05                                            ; $BFBB: A9 05
001FBDr 1  20 rr rr       JSR Proc_D152                                       ; $BFBD: 20 52 D1
001FC0r 1  4C C7 BE       JMP $BEC7                                           ; $BFC0: 4C C7 BE
001FC3r 1  A9 0A          LDA #$0A                                            ; $BFC3: A9 0A
001FC5r 1  85 22          STA $22                                             ; $BFC5: 85 22
001FC7r 1  A9 00          LDA #$00                                            ; $BFC7: A9 00
001FC9r 1  85 23          STA $23                                             ; $BFC9: 85 23
001FCBr 1  A9 0E          LDA #$0E                                            ; $BFCB: A9 0E
001FCDr 1  85 24          STA $24                                             ; $BFCD: 85 24
001FCFr 1  AD 5E 6F       LDA $6F5E                                           ; $BFCF: AD 5E 6F
001FD2r 1  20 rr rr       JSR Proc_D36F                                       ; $BFD2: 20 6F D3
001FD5r 1  90 68          .byte $90,$68                                       ; $BFD5: 90 68 (BCC cross-bank)
001FD7r 1  A5 22          LDA $22                                             ; $BFD7: A5 22
001FD9r 1  85 20          STA $20                                             ; $BFD9: 85 20
001FDBr 1  A5 23          LDA $23                                             ; $BFDB: A5 23
001FDDr 1  85 21          STA $21                                             ; $BFDD: 85 21
001FDFr 1  A9 00          LDA #$00                                            ; $BFDF: A9 00
001FE1r 1  85 22          STA $22                                             ; $BFE1: 85 22
001FE3r 1  AC 02 6F       LDY $6F02                                           ; $BFE3: AC 02 6F
001FE6r 1  B9 42 C0       LDA $C042,Y                                         ; $BFE6: B9 42 C0
001FE9r 1  85 23          STA $23                                             ; $BFE9: 85 23
001FEBr 1  20 rr rr       JSR Proc_D438                                       ; $BFEB: 20 38 D4
001FEEr 1  A5 26          LDA $26                                             ; $BFEE: A5 26
001FF0r 1  85 21          STA $21                                             ; $BFF0: 85 21
001FF2r 1  A5 27          LDA $27                                             ; $BFF2: A5 27
001FF4r 1  85 22          STA $22                                             ; $BFF4: 85 22
001FF6r 1  A9 0A          LDA #$0A                                            ; $BFF6: A9 0A
001FF8r 1  85 23          STA $23                                             ; $BFF8: 85 23
001FFAr 1  A9 00          LDA #$00                                            ; $BFFA: A9 00
001FFCr 1  85 24          STA $24                                             ; $BFFC: 85 24
001FFEr 1  20             .byte $20                                           ; $BFFE: 20
001FFFr 1  0F             .byte $0F                                           ; $BFFF: 0F
002000r 1               .endproc
002000r 1               
002000r 1               
002000r 1               ;===============================================================================
002000r 1               ; Bank $0B - $C000-$DFFF
002000r 1               ;===============================================================================
002000r 1               
002000r 1               .segment "CODE_BANK0B"
000000r 1               
000000r 1               ;===============================================================================
000000r 1               ; $C000: B0B_Init
000000r 1               ;===============================================================================
000000r 1               .proc B0B_Init
000000r 1               
000000r 1  D4             .byte $D4                                           ; $C000: D4
000001r 1  A5 22          LDA $22                                             ; $C001: A5 22
000003r 1  85 23          STA $23                                             ; $C003: 85 23
000005r 1  A5 21          LDA $21                                             ; $C005: A5 21
000007r 1  85 22          STA $22                                             ; $C007: 85 22
000009r 1  AD 5E 6F       LDA $6F5E                                           ; $C009: AD 5E 6F
00000Cr 1  20 rr rr       JSR Proc_D105                                       ; $C00C: 20 05 D1
00000Fr 1  A5 22          LDA $22                                             ; $C00F: A5 22
000011r 1  20 A7 C1       JSR $C1A7                                           ; $C011: 20 A7 C1
000014r 1  A0 0E          LDY #$0E                                            ; $C014: A0 0E
000016r 1  B1 20          LDA ($20),Y                                         ; $C016: B1 20
000018r 1  18             CLC                                                 ; $C018: 18
000019r 1  65 22          ADC $22                                             ; $C019: 65 22
00001Br 1  91 20          STA ($20),Y                                         ; $C01B: 91 20
00001Dr 1  C8             INY                                                 ; $C01D: C8
00001Er 1  B1 20          LDA ($20),Y                                         ; $C01E: B1 20
000020r 1  65 23          ADC $23                                             ; $C020: 65 23
000022r 1  29 03          AND #$03                                            ; $C022: 29 03
000024r 1  91 20          STA ($20),Y                                         ; $C024: 91 20
000026r 1  C9 03          CMP #$03                                            ; $C026: C9 03
000028r 1  90 10          .byte $90,$10                                       ; $C028: 90 10 (BCC mid-instruction target)
00002Ar 1  88             DEY                                                 ; $C02A: 88
00002Br 1  B1 20          LDA ($20),Y                                         ; $C02B: B1 20
00002Dr 1  C9 E7          CMP #$E7                                            ; $C02D: C9 E7
00002Fr 1  90 09          .byte $90,$09                                       ; $C02F: 90 09 (BCC mid-instruction target)
000031r 1  A9 E7          LDA #$E7                                            ; $C031: A9 E7
000033r 1  91 20          STA ($20),Y                                         ; $C033: 91 20
000035r 1  C8             INY                                                 ; $C035: C8
000036r 1  A9 03          LDA #$03                                            ; $C036: A9 03
000038r 1  91 20          STA ($20),Y                                         ; $C038: 91 20
00003Ar 1  A9 05          LDA #$05                                            ; $C03A: A9 05
00003Cr 1  20 rr rr       JSR Proc_D152                                       ; $C03C: 20 52 D1
00003Fr 1  4C C7 BE       JMP $BEC7                                           ; $C03F: 4C C7 BE
000042r 1  0C 0F 12 06    .byte $0C,$0F,$12,$06,$07,$08,$19,$14,$0F,$03,$05,$07; $C042: 0C 0F 12 06 07 08 19 14 0F 03 05 07
000046r 1  07 08 19 14  
00004Ar 1  0F 03 05 07  
00004Er 1               .endproc
00004Er 1               
00004Er 1               ;===============================================================================
00004Er 1               ; $C04E: Proc_C04E
00004Er 1               ;===============================================================================
00004Er 1               .proc Proc_C04E
00004Er 1               
00004Er 1  A9 0A          LDA #$0A                                            ; $C04E: A9 0A
000050r 1  85 22          STA $22                                             ; $C050: 85 22
000052r 1  A9 00          LDA #$00                                            ; $C052: A9 00
000054r 1  85 23          STA $23                                             ; $C054: 85 23
000056r 1  A9 0E          LDA #$0E                                            ; $C056: A9 0E
000058r 1  85 24          STA $24                                             ; $C058: 85 24
00005Ar 1  AD 5E 6F       LDA $6F5E                                           ; $C05A: AD 5E 6F
00005Dr 1  20 rr rr       JSR Proc_D36F                                       ; $C05D: 20 6F D3
000060r 1  90 6A          .byte $90,$6A                                       ; $C060: 90 6A (BCC mid-instruction target)
000062r 1  A5 22          LDA $22                                             ; $C062: A5 22
000064r 1  85 20          STA $20                                             ; $C064: 85 20
000066r 1  A5 23          LDA $23                                             ; $C066: A5 23
000068r 1  85 21          STA $21                                             ; $C068: 85 21
00006Ar 1  A9 00          LDA #$00                                            ; $C06A: A9 00
00006Cr 1  85 22          STA $22                                             ; $C06C: 85 22
00006Er 1  AC 02 6F       LDY $6F02                                           ; $C06E: AC 02 6F
000071r 1  B9 42 C0       LDA $C042,Y                                         ; $C071: B9 42 C0
000074r 1  85 23          STA $23                                             ; $C074: 85 23
000076r 1  20 rr rr       JSR Proc_D438                                       ; $C076: 20 38 D4
000079r 1  A5 26          LDA $26                                             ; $C079: A5 26
00007Br 1  85 21          STA $21                                             ; $C07B: 85 21
00007Dr 1  A5 27          LDA $27                                             ; $C07D: A5 27
00007Fr 1  85 22          STA $22                                             ; $C07F: 85 22
000081r 1  A9 0A          LDA #$0A                                            ; $C081: A9 0A
000083r 1  85 23          STA $23                                             ; $C083: 85 23
000085r 1  A9 00          LDA #$00                                            ; $C085: A9 00
000087r 1  85 24          STA $24                                             ; $C087: 85 24
000089r 1  20 rr rr       JSR Proc_D40F                                       ; $C089: 20 0F D4
00008Cr 1  A5 22          LDA $22                                             ; $C08C: A5 22
00008Er 1  85 23          STA $23                                             ; $C08E: 85 23
000090r 1  A5 21          LDA $21                                             ; $C090: A5 21
000092r 1  85 22          STA $22                                             ; $C092: 85 22
000094r 1  46 23          LSR $23                                             ; $C094: 46 23
000096r 1  66 22          ROR $22                                             ; $C096: 66 22
000098r 1  AD 5E 6F       LDA $6F5E                                           ; $C098: AD 5E 6F
00009Br 1  20 rr rr       JSR Proc_D105                                       ; $C09B: 20 05 D1
00009Er 1  20 C0 C1       JSR $C1C0                                           ; $C09E: 20 C0 C1
0000A1r 1  A0 06          LDY #$06                                            ; $C0A1: A0 06
0000A3r 1  B1 20          LDA ($20),Y                                         ; $C0A3: B1 20
0000A5r 1  18             CLC                                                 ; $C0A5: 18
0000A6r 1  65 22          ADC $22                                             ; $C0A6: 65 22
0000A8r 1  91 20          STA ($20),Y                                         ; $C0A8: 91 20
0000AAr 1  C8             INY                                                 ; $C0AA: C8
0000ABr 1  B1 20          LDA ($20),Y                                         ; $C0AB: B1 20
0000ADr 1  65 23          ADC $23                                             ; $C0AD: 65 23
0000AFr 1  29 7F          AND #$7F                                            ; $C0AF: 29 7F
0000B1r 1  91 20          STA ($20),Y                                         ; $C0B1: 91 20
0000B3r 1  C9 27          CMP #$27                                            ; $C0B3: C9 27
0000B5r 1  90 10          .byte $90,$10                                       ; $C0B5: 90 10 (BCC mid-instruction target)
0000B7r 1  88             DEY                                                 ; $C0B7: 88
0000B8r 1  B1 20          LDA ($20),Y                                         ; $C0B8: B1 20
0000BAr 1  C9 10          CMP #$10                                            ; $C0BA: C9 10
0000BCr 1  90 09          .byte $90,$09                                       ; $C0BC: 90 09 (BCC mid-instruction target)
0000BEr 1  A9 0F          LDA #$0F                                            ; $C0BE: A9 0F
0000C0r 1  91 20          STA ($20),Y                                         ; $C0C0: 91 20
0000C2r 1  C8             INY                                                 ; $C0C2: C8
0000C3r 1  A9 27          LDA #$27                                            ; $C0C3: A9 27
0000C5r 1  91 20          STA ($20),Y                                         ; $C0C5: 91 20
0000C7r 1  A9 05          LDA #$05                                            ; $C0C7: A9 05
0000C9r 1  20 rr rr       JSR Proc_D152                                       ; $C0C9: 20 52 D1
0000CCr 1  4C C7 BE       JMP $BEC7                                           ; $C0CC: 4C C7 BE
0000CFr 1  A9 0A          LDA #$0A                                            ; $C0CF: A9 0A
0000D1r 1  85 22          STA $22                                             ; $C0D1: 85 22
0000D3r 1  A9 00          LDA #$00                                            ; $C0D3: A9 00
0000D5r 1  85 23          STA $23                                             ; $C0D5: 85 23
0000D7r 1  A9 0A          LDA #$0A                                            ; $C0D7: A9 0A
0000D9r 1  85 24          STA $24                                             ; $C0D9: 85 24
0000DBr 1  AD 5E 6F       LDA $6F5E                                           ; $C0DB: AD 5E 6F
0000DEr 1  20 rr rr       JSR Proc_D36F                                       ; $C0DE: 20 6F D3
0000E1r 1  90 4A          .byte $90,$4A                                       ; $C0E1: 90 4A (BCC mid-instruction target)
0000E3r 1  A5 22          LDA $22                                             ; $C0E3: A5 22
0000E5r 1  85 20          STA $20                                             ; $C0E5: 85 20
0000E7r 1  A5 23          LDA $23                                             ; $C0E7: A5 23
0000E9r 1  85 21          STA $21                                             ; $C0E9: 85 21
0000EBr 1  A9 00          LDA #$00                                            ; $C0EB: A9 00
0000EDr 1  85 22          STA $22                                             ; $C0ED: 85 22
0000EFr 1  AC 02 6F       LDY $6F02                                           ; $C0EF: AC 02 6F
0000F2r 1  B9 45 C0       LDA $C045,Y                                         ; $C0F2: B9 45 C0
0000F5r 1  85 23          STA $23                                             ; $C0F5: 85 23
0000F7r 1  20 rr rr       JSR Proc_D438                                       ; $C0F7: 20 38 D4
0000FAr 1  A5 26          LDA $26                                             ; $C0FA: A5 26
0000FCr 1  85 21          STA $21                                             ; $C0FC: 85 21
0000FEr 1  A5 27          LDA $27                                             ; $C0FE: A5 27
000100r 1  85 22          STA $22                                             ; $C100: 85 22
000102r 1  A9 0A          LDA #$0A                                            ; $C102: A9 0A
000104r 1  85 23          STA $23                                             ; $C104: 85 23
000106r 1  A9 00          LDA #$00                                            ; $C106: A9 00
000108r 1  85 24          STA $24                                             ; $C108: 85 24
00010Ar 1  20 rr rr       JSR Proc_D40F                                       ; $C10A: 20 0F D4
00010Dr 1  A5 21          LDA $21                                             ; $C10D: A5 21
00010Fr 1  85 23          STA $23                                             ; $C10F: 85 23
000111r 1  AD 5E 6F       LDA $6F5E                                           ; $C111: AD 5E 6F
000114r 1  20 rr rr       JSR Proc_D105                                       ; $C114: 20 05 D1
000117r 1  A0 0A          LDY #$0A                                            ; $C117: A0 0A
000119r 1  B1 20          LDA ($20),Y                                         ; $C119: B1 20
00011Br 1  18             CLC                                                 ; $C11B: 18
00011Cr 1  65 23          ADC $23                                             ; $C11C: 65 23
00011Er 1  91 20          STA ($20),Y                                         ; $C11E: 91 20
000120r 1  C9 63          CMP #$63                                            ; $C120: C9 63
000122r 1  90 04          .byte $90,$04                                       ; $C122: 90 04 (BCC mid-instruction target)
000124r 1  A9 63          LDA #$63                                            ; $C124: A9 63
000126r 1  91 20          STA ($20),Y                                         ; $C126: 91 20
000128r 1  A9 05          LDA #$05                                            ; $C128: A9 05
00012Ar 1  20 rr rr       JSR Proc_D152                                       ; $C12A: 20 52 D1
00012Dr 1  4C C7 BE       JMP $BEC7                                           ; $C12D: 4C C7 BE
000130r 1  A9 1E          LDA #$1E                                            ; $C130: A9 1E
000132r 1  85 22          STA $22                                             ; $C132: 85 22
000134r 1  A9 00          LDA #$00                                            ; $C134: A9 00
000136r 1  85 23          STA $23                                             ; $C136: 85 23
000138r 1  A9 1E          LDA #$1E                                            ; $C138: A9 1E
00013Ar 1  85 24          STA $24                                             ; $C13A: 85 24
00013Cr 1  AD 5E 6F       LDA $6F5E                                           ; $C13C: AD 5E 6F
00013Fr 1  20 rr rr       JSR Proc_D36F                                       ; $C13F: 20 6F D3
000142r 1  90 60          .byte $90,$60                                       ; $C142: 90 60 (BCC mid-instruction target)
000144r 1  A5 22          LDA $22                                             ; $C144: A5 22
000146r 1  85 2A          STA $2A                                             ; $C146: 85 2A
000148r 1  A5 23          LDA $23                                             ; $C148: A5 23
00014Ar 1  85 2B          STA $2B                                             ; $C14A: 85 2B
00014Cr 1  A9 1E          LDA #$1E                                            ; $C14C: A9 1E
00014Er 1  85 22          STA $22                                             ; $C14E: 85 22
000150r 1  A9 00          LDA #$00                                            ; $C150: A9 00
000152r 1  85 23          STA $23                                             ; $C152: 85 23
000154r 1  A9 1E          LDA #$1E                                            ; $C154: A9 1E
000156r 1  85 24          STA $24                                             ; $C156: 85 24
000158r 1  AD 5E 6F       LDA $6F5E                                           ; $C158: AD 5E 6F
00015Br 1  20 rr rr       JSR Proc_D3A9                                       ; $C15B: 20 A9 D3
00015Er 1  90 44          .byte $90,$44                                       ; $C15E: 90 44 (BCC mid-instruction target)
000160r 1  A5 22          LDA $22                                             ; $C160: A5 22
000162r 1  18             CLC                                                 ; $C162: 18
000163r 1  65 2A          ADC $2A                                             ; $C163: 65 2A
000165r 1  85 2A          STA $2A                                             ; $C165: 85 2A
000167r 1  A5 23          LDA $23                                             ; $C167: A5 23
000169r 1  65 2B          ADC $2B                                             ; $C169: 65 2B
00016Br 1  85 2B          STA $2B                                             ; $C16B: 85 2B
00016Dr 1  A5 2A          LDA $2A                                             ; $C16D: A5 2A
00016Fr 1  85 21          STA $21                                             ; $C16F: 85 21
000171r 1  A5 2B          LDA $2B                                             ; $C171: A5 2B
000173r 1  85 22          STA $22                                             ; $C173: 85 22
000175r 1  AC 02 6F       LDY $6F02                                           ; $C175: AC 02 6F
000178r 1  B9 48 C0       LDA $C048,Y                                         ; $C178: B9 48 C0
00017Br 1  85 23          STA $23                                             ; $C17B: 85 23
00017Dr 1  A9 00          LDA #$00                                            ; $C17D: A9 00
00017Fr 1  85 24          STA $24                                             ; $C17F: 85 24
000181r 1  20 rr rr       JSR Proc_D40F                                       ; $C181: 20 0F D4
000184r 1  A5 21          LDA $21                                             ; $C184: A5 21
000186r 1  85 23          STA $23                                             ; $C186: 85 23
000188r 1  AD 5E 6F       LDA $6F5E                                           ; $C188: AD 5E 6F
00018Br 1  20 rr rr       JSR Proc_D105                                       ; $C18B: 20 05 D1
00018Er 1  A0 0B          LDY #$0B                                            ; $C18E: A0 0B
000190r 1  B1 20          LDA ($20),Y                                         ; $C190: B1 20
000192r 1  18             CLC                                                 ; $C192: 18
000193r 1  65 23          ADC $23                                             ; $C193: 65 23
000195r 1  91 20          STA ($20),Y                                         ; $C195: 91 20
000197r 1  C9 63          CMP #$63                                            ; $C197: C9 63
000199r 1  90 04          .byte $90,$04                                       ; $C199: 90 04 (BCC mid-instruction target)
00019Br 1  A9 63          LDA #$63                                            ; $C19B: A9 63
00019Dr 1  91 20          STA ($20),Y                                         ; $C19D: 91 20
00019Fr 1  A9 05          LDA #$05                                            ; $C19F: A9 05
0001A1r 1  20 rr rr       JSR Proc_D152                                       ; $C1A1: 20 52 D1
0001A4r 1  4C C7 BE       JMP $BEC7                                           ; $C1A4: 4C C7 BE
0001A7r 1  A0 01          LDY #$01                                            ; $C1A7: A0 01
0001A9r 1  C9 1F          CMP #$1F                                            ; $C1A9: C9 1F
0001ABr 1  90 01          BCC LC1AE                                           ; $C1AB: 90 01
0001ADr 1  C8             INY                                                 ; $C1AD: C8
0001AEr 1               LC1AE:
0001AEr 1  84 2A          STY $2A                                             ; $C1AE: 84 2A
0001B0r 1  A0 0B          LDY #$0B                                            ; $C1B0: A0 0B
0001B2r 1  B1 20          LDA ($20),Y                                         ; $C1B2: B1 20
0001B4r 1  18             CLC                                                 ; $C1B4: 18
0001B5r 1  65 2A          ADC $2A                                             ; $C1B5: 65 2A
0001B7r 1  C9 64          CMP #$64                                            ; $C1B7: C9 64
0001B9r 1  90 02          BCC LC1BD                                           ; $C1B9: 90 02
0001BBr 1  A9 64          LDA #$64                                            ; $C1BB: A9 64
0001BDr 1               LC1BD:
0001BDr 1  91 20          STA ($20),Y                                         ; $C1BD: 91 20
0001BFr 1  60             RTS                                                 ; $C1BF: 60
0001C0r 1  A0 01          LDY #$01                                            ; $C1C0: A0 01
0001C2r 1  A5 22          LDA $22                                             ; $C1C2: A5 22
0001C4r 1  38             SEC                                                 ; $C1C4: 38
0001C5r 1  E9 B8          SBC #$B8                                            ; $C1C5: E9 B8
0001C7r 1  A5 23          LDA $23                                             ; $C1C7: A5 23
0001C9r 1  E9 0B          SBC #$0B                                            ; $C1C9: E9 0B
0001CBr 1  90 01          BCC LC1CE                                           ; $C1CB: 90 01
0001CDr 1  C8             INY                                                 ; $C1CD: C8
0001CEr 1               LC1CE:
0001CEr 1  84 2A          STY $2A                                             ; $C1CE: 84 2A
0001D0r 1  A0 0B          LDY #$0B                                            ; $C1D0: A0 0B
0001D2r 1  B1 20          LDA ($20),Y                                         ; $C1D2: B1 20
0001D4r 1  18             CLC                                                 ; $C1D4: 18
0001D5r 1  65 2A          ADC $2A                                             ; $C1D5: 65 2A
0001D7r 1  C9 64          CMP #$64                                            ; $C1D7: C9 64
0001D9r 1  90 02          BCC LC1DD                                           ; $C1D9: 90 02
0001DBr 1  A9 64          LDA #$64                                            ; $C1DB: A9 64
0001DDr 1               LC1DD:
0001DDr 1  91 20          STA ($20),Y                                         ; $C1DD: 91 20
0001DFr 1  60             RTS                                                 ; $C1DF: 60
0001E0r 1  A0 0F          LDY #$0F                                            ; $C1E0: A0 0F
0001E2r 1  A9 FF          LDA #$FF                                            ; $C1E2: A9 FF
0001E4r 1               LC1E4:
0001E4r 1  99 73 6F       STA $6F73,Y                                         ; $C1E4: 99 73 6F
0001E7r 1  88             DEY                                                 ; $C1E7: 88
0001E8r 1  10 FA          BPL LC1E4                                           ; $C1E8: 10 FA
0001EAr 1  A9 64          LDA #$64                                            ; $C1EA: A9 64
0001ECr 1  20 rr rr       JSR Proc_D4BB                                       ; $C1EC: 20 BB D4
0001EFr 1  C9 1E          CMP #$1E                                            ; $C1EF: C9 1E
0001F1r 1  90 03          BCC LC1F6                                           ; $C1F1: 90 03
0001F3r 1  4C rr rr       JMP Proc_C298                                       ; $C1F3: 4C 98 C2
0001F6r 1               LC1F6:
0001F6r 1  20 48 C2       JSR $C248                                           ; $C1F6: 20 48 C2
0001F9r 1  A5 23          LDA $23                                             ; $C1F9: A5 23
0001FBr 1  C9 FF          CMP #$FF                                            ; $C1FB: C9 FF
0001FDr 1  D0 03          BNE LC202                                           ; $C1FD: D0 03
0001FFr 1  4C rr rr       JMP Proc_C337                                       ; $C1FF: 4C 37 C3
000202r 1               LC202:
000202r 1  8D 36 00       STA a:$0036                                         ; $C202: 8D 36 00
000205r 1  A0 03          LDY #$03                                            ; $C205: A0 03
000207r 1  20 rr rr       JSR Proc_D283                                       ; $C207: 20 83 D2
00020Ar 1  C9 46          CMP #$46                                            ; $C20A: C9 46
00020Cr 1  B0 E8          BCS LC1F6                                           ; $C20C: B0 E8
00020Er 1  A9 14          LDA #$14                                            ; $C20E: A9 14
000210r 1  85 22          STA $22                                             ; $C210: 85 22
000212r 1  A9 00          LDA #$00                                            ; $C212: A9 00
000214r 1  85 23          STA $23                                             ; $C214: 85 23
000216r 1  A9 0A          LDA #$0A                                            ; $C216: A9 0A
000218r 1  85 24          STA $24                                             ; $C218: 85 24
00021Ar 1  AD 5E 6F       LDA $6F5E                                           ; $C21A: AD 5E 6F
00021Dr 1  20 rr rr       JSR Proc_D36F                                       ; $C21D: 20 6F D3
000220r 1  90 23          .byte $90,$23                                       ; $C220: 90 23 (BCC mid-instruction target)
000222r 1  A9 05          LDA #$05                                            ; $C222: A9 05
000224r 1  20 rr rr       JSR Proc_D4AD                                       ; $C224: 20 AD D4
000227r 1  18             CLC                                                 ; $C227: 18
000228r 1  AC 02 6F       LDY $6F02                                           ; $C228: AC 02 6F
00022Br 1  79 4B C0       ADC $C04B,Y                                         ; $C22B: 79 4B C0
00022Er 1  85 22          STA $22                                             ; $C22E: 85 22
000230r 1  AD 36 00       LDA a:$0036                                         ; $C230: AD 36 00
000233r 1  A0 03          LDY #$03                                            ; $C233: A0 03
000235r 1  20 rr rr       JSR Proc_D283                                       ; $C235: 20 83 D2
000238r 1  18             CLC                                                 ; $C238: 18
000239r 1  65 22          ADC $22                                             ; $C239: 65 22
00023Br 1  91 20          STA ($20),Y                                         ; $C23B: 91 20
00023Dr 1  20 rr rr       JSR Proc_D5E7                                       ; $C23D: 20 E7 D5
000240r 1  A9 05          LDA #$05                                            ; $C240: A9 05
000242r 1  20 rr rr       JSR Proc_D152                                       ; $C242: 20 52 D1
000245r 1  4C C7 BE       JMP $BEC7                                           ; $C245: 4C C7 BE
000248r 1  A9 11          LDA #$11                                            ; $C248: A9 11
00024Ar 1  85 24          STA $24                                             ; $C24A: 85 24
00024Cr 1  A9 FF          LDA #$FF                                            ; $C24C: A9 FF
00024Er 1  85 22          STA $22                                             ; $C24E: 85 22
000250r 1  85 23          STA $23                                             ; $C250: 85 23
000252r 1               LC252:
000252r 1  AD 5E 6F       LDA $6F5E                                           ; $C252: AD 5E 6F
000255r 1  20 rr rr       JSR Proc_D105                                       ; $C255: 20 05 D1
000258r 1  A4 24          LDY $24                                             ; $C258: A4 24
00025Ar 1  B1 20          LDA ($20),Y                                         ; $C25A: B1 20
00025Cr 1  85 25          STA $25                                             ; $C25C: 85 25
00025Er 1  C9 FF          CMP #$FF                                            ; $C25E: C9 FF
000260r 1  F0 1A          BEQ LC27C                                           ; $C260: F0 1A
000262r 1  B9 62 6F       LDA $6F62,Y                                         ; $C262: B9 62 6F
000265r 1  F0 15          BEQ LC27C                                           ; $C265: F0 15
000267r 1  A0 03          LDY #$03                                            ; $C267: A0 03
000269r 1  A5 25          LDA $25                                             ; $C269: A5 25
00026Br 1  20 rr rr       JSR Proc_D283                                       ; $C26B: 20 83 D2
00026Er 1  C9 64          CMP #$64                                            ; $C26E: C9 64
000270r 1  F0 0A          BEQ LC27C                                           ; $C270: F0 0A
000272r 1  C5 22          CMP $22                                             ; $C272: C5 22
000274r 1  B0 06          BCS LC27C                                           ; $C274: B0 06
000276r 1  85 22          STA $22                                             ; $C276: 85 22
000278r 1  A5 24          LDA $24                                             ; $C278: A5 24
00027Ar 1  85 23          STA $23                                             ; $C27A: 85 23
00027Cr 1               LC27C:
00027Cr 1  E6 24          INC $24                                             ; $C27C: E6 24
00027Er 1  A4 24          LDY $24                                             ; $C27E: A4 24
000280r 1  C0 1B          CPY #$1B                                            ; $C280: C0 1B
000282r 1  90 CE          BCC LC252                                           ; $C282: 90 CE
000284r 1  AD 5E 6F       LDA $6F5E                                           ; $C284: AD 5E 6F
000287r 1  20 rr rr       JSR Proc_D105                                       ; $C287: 20 05 D1
00028Ar 1  A4 23          LDY $23                                             ; $C28A: A4 23
00028Cr 1  30 09          BMI LC297                                           ; $C28C: 30 09
00028Er 1  A9 00          LDA #$00                                            ; $C28E: A9 00
000290r 1  99 62 6F       STA $6F62,Y                                         ; $C290: 99 62 6F
000293r 1  B1 20          LDA ($20),Y                                         ; $C293: B1 20
000295r 1  85 23          STA $23                                             ; $C295: 85 23
000297r 1               LC297:
000297r 1  60             RTS                                                 ; $C297: 60
000298r 1               .endproc
000298r 1               LC1AE = $C1AE
000298r 1               LC1BD = $C1BD
000298r 1               LC1CE = $C1CE
000298r 1               LC1DD = $C1DD
000298r 1               LC1E4 = $C1E4
000298r 1               LC1F6 = $C1F6
000298r 1               LC202 = $C202
000298r 1               LC252 = $C252
000298r 1               LC27C = $C27C
000298r 1               LC297 = $C297
000298r 1               
000298r 1               
000298r 1               ;===============================================================================
000298r 1               ; $C298: Proc_C298
000298r 1               ;===============================================================================
000298r 1               .proc Proc_C298
000298r 1               
000298r 1  20 EB C2       JSR $C2EB                                           ; $C298: 20 EB C2
00029Br 1  A5 23          LDA $23                                             ; $C29B: A5 23
00029Dr 1  C9 FF          CMP #$FF                                            ; $C29D: C9 FF
00029Fr 1  F0 47          .byte $F0,$47                                       ; $C29F: F0 47 (BEQ mid-instruction target)
0002A1r 1  8D 36 00       STA a:$0036                                         ; $C2A1: 8D 36 00
0002A4r 1  A0 02          LDY #$02                                            ; $C2A4: A0 02
0002A6r 1  20 rr rr       JSR Proc_D283                                       ; $C2A6: 20 83 D2
0002A9r 1  C9 32          CMP #$32                                            ; $C2A9: C9 32
0002ABr 1  90 EB          BCC Proc_C298                                       ; $C2AB: 90 EB
0002ADr 1  C9 50          CMP #$50                                            ; $C2AD: C9 50
0002AFr 1  B0 E7          BCS Proc_C298                                       ; $C2AF: B0 E7
0002B1r 1  A9 14          LDA #$14                                            ; $C2B1: A9 14
0002B3r 1  85 22          STA $22                                             ; $C2B3: 85 22
0002B5r 1  A9 00          LDA #$00                                            ; $C2B5: A9 00
0002B7r 1  85 23          STA $23                                             ; $C2B7: 85 23
0002B9r 1  A9 0A          LDA #$0A                                            ; $C2B9: A9 0A
0002BBr 1  85 24          STA $24                                             ; $C2BB: 85 24
0002BDr 1  AD 5E 6F       LDA $6F5E                                           ; $C2BD: AD 5E 6F
0002C0r 1  20 rr rr       JSR Proc_D36F                                       ; $C2C0: 20 6F D3
0002C3r 1  90 23          .byte $90,$23                                       ; $C2C3: 90 23 (BCC mid-instruction target)
0002C5r 1  A9 05          LDA #$05                                            ; $C2C5: A9 05
0002C7r 1  20 rr rr       JSR Proc_D4AD                                       ; $C2C7: 20 AD D4
0002CAr 1  18             CLC                                                 ; $C2CA: 18
0002CBr 1  AC 02 6F       LDY $6F02                                           ; $C2CB: AC 02 6F
0002CEr 1  79 4B C0       ADC $C04B,Y                                         ; $C2CE: 79 4B C0
0002D1r 1  85 22          STA $22                                             ; $C2D1: 85 22
0002D3r 1  AD 36 00       LDA a:$0036                                         ; $C2D3: AD 36 00
0002D6r 1  A0 02          LDY #$02                                            ; $C2D6: A0 02
0002D8r 1  20 rr rr       JSR Proc_D283                                       ; $C2D8: 20 83 D2
0002DBr 1  18             CLC                                                 ; $C2DB: 18
0002DCr 1  65 22          ADC $22                                             ; $C2DC: 65 22
0002DEr 1  91 20          STA ($20),Y                                         ; $C2DE: 91 20
0002E0r 1  20 rr rr       JSR Proc_D5E7                                       ; $C2E0: 20 E7 D5
0002E3r 1  A9 05          LDA #$05                                            ; $C2E3: A9 05
0002E5r 1  20 rr rr       JSR Proc_D152                                       ; $C2E5: 20 52 D1
0002E8r 1  4C C7 BE       JMP $BEC7                                           ; $C2E8: 4C C7 BE
0002EBr 1  A9 11          LDA #$11                                            ; $C2EB: A9 11
0002EDr 1  85 24          STA $24                                             ; $C2ED: 85 24
0002EFr 1  A9 FF          LDA #$FF                                            ; $C2EF: A9 FF
0002F1r 1  85 22          STA $22                                             ; $C2F1: 85 22
0002F3r 1  85 23          STA $23                                             ; $C2F3: 85 23
0002F5r 1               LC2F5:
0002F5r 1  AD 5E 6F       LDA $6F5E                                           ; $C2F5: AD 5E 6F
0002F8r 1  20 rr rr       JSR Proc_D105                                       ; $C2F8: 20 05 D1
0002FBr 1  A4 24          LDY $24                                             ; $C2FB: A4 24
0002FDr 1  B1 20          LDA ($20),Y                                         ; $C2FD: B1 20
0002FFr 1  85 25          STA $25                                             ; $C2FF: 85 25
000301r 1  C9 FF          CMP #$FF                                            ; $C301: C9 FF
000303r 1  F0 16          BEQ LC31B                                           ; $C303: F0 16
000305r 1  B9 62 6F       LDA $6F62,Y                                         ; $C305: B9 62 6F
000308r 1  F0 11          BEQ LC31B                                           ; $C308: F0 11
00030Ar 1  A0 02          LDY #$02                                            ; $C30A: A0 02
00030Cr 1  A5 25          LDA $25                                             ; $C30C: A5 25
00030Er 1  20 rr rr       JSR Proc_D283                                       ; $C30E: 20 83 D2
000311r 1  C5 22          CMP $22                                             ; $C311: C5 22
000313r 1  B0 06          BCS LC31B                                           ; $C313: B0 06
000315r 1  85 22          STA $22                                             ; $C315: 85 22
000317r 1  A5 24          LDA $24                                             ; $C317: A5 24
000319r 1  85 23          STA $23                                             ; $C319: 85 23
00031Br 1               LC31B:
00031Br 1  E6 24          INC $24                                             ; $C31B: E6 24
00031Dr 1  A4 24          LDY $24                                             ; $C31D: A4 24
00031Fr 1  C0 1B          CPY #$1B                                            ; $C31F: C0 1B
000321r 1  90 D2          BCC LC2F5                                           ; $C321: 90 D2
000323r 1  AD 5E 6F       LDA $6F5E                                           ; $C323: AD 5E 6F
000326r 1  20 rr rr       JSR Proc_D105                                       ; $C326: 20 05 D1
000329r 1  A4 23          LDY $23                                             ; $C329: A4 23
00032Br 1  30 09          BMI LC336                                           ; $C32B: 30 09
00032Dr 1  A9 00          LDA #$00                                            ; $C32D: A9 00
00032Fr 1  99 62 6F       STA $6F62,Y                                         ; $C32F: 99 62 6F
000332r 1  B1 20          LDA ($20),Y                                         ; $C332: B1 20
000334r 1  85 23          STA $23                                             ; $C334: 85 23
000336r 1               LC336:
000336r 1  60             RTS                                                 ; $C336: 60
000337r 1               .endproc
000337r 1               LC2F5 = $C2F5
000337r 1               LC31B = $C31B
000337r 1               LC336 = $C336
000337r 1               
000337r 1               
000337r 1               ;===============================================================================
000337r 1               ; $C337: Proc_C337
000337r 1               ;===============================================================================
000337r 1               .proc Proc_C337
000337r 1               
000337r 1  A0 30          LDY #$30                                            ; $C337: A0 30
000339r 1  20 66 F2       JSR B1F_SwitchBank8_A                               ; $C339: 20 66 F2
00033Cr 1  AC 5E 6F       LDY $6F5E                                           ; $C33C: AC 5E 6F
00033Fr 1  B9 FC 8F       LDA $8FFC,Y                                         ; $C33F: B9 FC 8F
000342r 1  29 01          AND #$01                                            ; $C342: 29 01
000344r 1  D0 03          .byte $D0,$03                                       ; $C344: D0 03 (BNE mid-instruction target)
000346r 1               LC346:
000346r 1  4C C7 BE       JMP $BEC7                                           ; $C346: 4C C7 BE
000349r 1  20 rr rr       JSR Proc_C3FF                                       ; $C349: 20 FF C3
00034Cr 1  AD 38 00       LDA a:$0038                                         ; $C34C: AD 38 00
00034Fr 1  C9 FF          CMP #$FF                                            ; $C34F: C9 FF
000351r 1  F0 F3          BEQ LC346                                           ; $C351: F0 F3
000353r 1  AD 5E 6F       LDA $6F5E                                           ; $C353: AD 5E 6F
000356r 1  20 rr rr       JSR Proc_D105                                       ; $C356: 20 05 D1
000359r 1  AD 3A 00       LDA a:$003A                                         ; $C359: AD 3A 00
00035Cr 1  29 1F          AND #$1F                                            ; $C35C: 29 1F
00035Er 1  F0 1E          BEQ LC37E                                           ; $C35E: F0 1E
000360r 1  0A             ASL A                                               ; $C360: 0A
000361r 1  AA             TAX                                                 ; $C361: AA
000362r 1  20 rr rr       JSR Proc_C3A4                                       ; $C362: 20 A4 C3
000365r 1  90 DF          BCC LC346                                           ; $C365: 90 DF
000367r 1  AD 38 00       LDA a:$0038                                         ; $C367: AD 38 00
00036Ar 1  A0 0A          LDY #$0A                                            ; $C36A: A0 0A
00036Cr 1  20 AB D2       JSR $D2AB                                           ; $C36C: 20 AB D2
00036Fr 1  29 E0          AND #$E0                                            ; $C36F: 29 E0
000371r 1  0D 3A 00       ORA a:$003A                                         ; $C371: 0D 3A 00
000374r 1  91 22          STA ($22),Y                                         ; $C374: 91 22
000376r 1  A9 05          LDA #$05                                            ; $C376: A9 05
000378r 1  20 rr rr       JSR Proc_D152                                       ; $C378: 20 52 D1
00037Br 1  4C 49 C3       JMP $C349                                           ; $C37B: 4C 49 C3
00037Er 1               LC37E:
00037Er 1  4A             LSR A                                               ; $C37E: 4A
00037Fr 1  4A             LSR A                                               ; $C37F: 4A
000380r 1  4A             LSR A                                               ; $C380: 4A
000381r 1  4A             LSR A                                               ; $C381: 4A
000382r 1  4A             LSR A                                               ; $C382: 4A
000383r 1  18             CLC                                                 ; $C383: 18
000384r 1  69 0C          ADC #$0C                                            ; $C384: 69 0C
000386r 1  0A             ASL A                                               ; $C386: 0A
000387r 1  AA             TAX                                                 ; $C387: AA
000388r 1  20 rr rr       JSR Proc_C3A4                                       ; $C388: 20 A4 C3
00038Br 1  90 B9          BCC LC346                                           ; $C38B: 90 B9
00038Dr 1  AD 38 00       LDA a:$0038                                         ; $C38D: AD 38 00
000390r 1  A0 0A          LDY #$0A                                            ; $C390: A0 0A
000392r 1  20 AB D2       JSR $D2AB                                           ; $C392: 20 AB D2
000395r 1  29 1F          AND #$1F                                            ; $C395: 29 1F
000397r 1  0D 3A 00       ORA a:$003A                                         ; $C397: 0D 3A 00
00039Ar 1  91 22          STA ($22),Y                                         ; $C39A: 91 22
00039Cr 1  A9 05          LDA #$05                                            ; $C39C: A9 05
00039Er 1  20 rr rr       JSR Proc_D152                                       ; $C39E: 20 52 D1
0003A1r 1  4C 49 C3       JMP $C349                                           ; $C3A1: 4C 49 C3
0003A4r 1               .endproc
0003A4r 1               LC346 = $C346
0003A4r 1               LC37E = $C37E
0003A4r 1               
0003A4r 1               
0003A4r 1               ;===============================================================================
0003A4r 1               ; $C3A4: Proc_C3A4
0003A4r 1               ;===============================================================================
0003A4r 1               .proc Proc_C3A4
0003A4r 1               
0003A4r 1  A0 02          LDY #$02                                            ; $C3A4: A0 02
0003A6r 1  B1 20          LDA ($20),Y                                         ; $C3A6: B1 20
0003A8r 1  38             SEC                                                 ; $C3A8: 38
0003A9r 1  FD BF C3       SBC $C3BF,X                                         ; $C3A9: FD BF C3
0003ACr 1  85 22          STA $22                                             ; $C3AC: 85 22
0003AEr 1  C8             INY                                                 ; $C3AE: C8
0003AFr 1  B1 20          LDA ($20),Y                                         ; $C3AF: B1 20
0003B1r 1  FD C0 C3       SBC $C3C0,X                                         ; $C3B1: FD C0 C3
0003B4r 1  90 08          .byte $90,$08                                       ; $C3B4: 90 08 (BCC mid-instruction target)
0003B6r 1  91 20          STA ($20),Y                                         ; $C3B6: 91 20
0003B8r 1  A5 22          LDA $22                                             ; $C3B8: A5 22
0003BAr 1  88             DEY                                                 ; $C3BA: 88
0003BBr 1  91 20          STA ($20),Y                                         ; $C3BB: 91 20
0003BDr 1  38             SEC                                                 ; $C3BD: 38
0003BEr 1  60             RTS                                                 ; $C3BE: 60
0003BFr 1  32 00 46 00    .byte $32,$00,$46,$00,$78,$00,$B4,$00,$FA,$00,$00,$00,$00,$00,$00,$00; $C3BF: 32 00 46 00 78 00 B4 00 FA 00 00 00 00 00 00 00
0003C3r 1  78 00 B4 00  
0003C7r 1  FA 00 00 00  
0003CFr 1  3C 00 64 00    .byte $3C,$00,$64,$00,$96,$00,$C8,$00,$F0,$00,$04,$01,$00,$00,$90,$01; $C3CF: 3C 00 64 00 96 00 C8 00 F0 00 04 01 00 00 90 01
0003D3r 1  96 00 C8 00  
0003D7r 1  F0 00 04 01  
0003DFr 1  50 00 64 00    .byte $50,$00,$64,$00,$78,$00,$C8,$00,$FA,$00,$2C,$01,$5E,$01,$90,$01; $C3DF: 50 00 64 00 78 00 C8 00 FA 00 2C 01 5E 01 90 01
0003E3r 1  78 00 C8 00  
0003E7r 1  FA 00 2C 01  
0003EFr 1  32 00 50 00    .byte $32,$00,$50,$00,$64,$00,$96,$00,$C8,$00,$FA,$00,$5E,$01,$90,$01; $C3EF: 32 00 50 00 64 00 96 00 C8 00 FA 00 5E 01 90 01
0003F3r 1  64 00 96 00  
0003F7r 1  C8 00 FA 00  
0003FFr 1               .endproc
0003FFr 1               
0003FFr 1               ;===============================================================================
0003FFr 1               ; $C3FF: Proc_C3FF
0003FFr 1               ;===============================================================================
0003FFr 1               .proc Proc_C3FF
0003FFr 1               
0003FFr 1  A9 11          LDA #$11                                            ; $C3FF: A9 11
000401r 1  8D 37 00       STA a:$0037                                         ; $C401: 8D 37 00
000404r 1  A9 FF          LDA #$FF                                            ; $C404: A9 FF
000406r 1  8D 38 00       STA a:$0038                                         ; $C406: 8D 38 00
000409r 1  A9 00          LDA #$00                                            ; $C409: A9 00
00040Br 1  8D 39 00       STA a:$0039                                         ; $C40B: 8D 39 00
00040Er 1  AD 5E 6F       LDA $6F5E                                           ; $C40E: AD 5E 6F
000411r 1  20 rr rr       JSR Proc_D105                                       ; $C411: 20 05 D1
000414r 1  AC 37 00       LDY a:$0037                                         ; $C414: AC 37 00
000417r 1  B1 20          LDA ($20),Y                                         ; $C417: B1 20
000419r 1  C9 FF          CMP #$FF                                            ; $C419: C9 FF
00041Br 1  F0 29          BEQ LC446                                           ; $C41B: F0 29
00041Dr 1  8D 3B 00       STA a:$003B                                         ; $C41D: 8D 3B 00
000420r 1  20 51 C4       JSR $C451                                           ; $C420: 20 51 C4
000423r 1  C9 FF          CMP #$FF                                            ; $C423: C9 FF
000425r 1  F0 1F          BEQ LC446                                           ; $C425: F0 1F
000427r 1  8D 3C 00       STA a:$003C                                         ; $C427: 8D 3C 00
00042Ar 1  AD 3B 00       LDA a:$003B                                         ; $C42A: AD 3B 00
00042Dr 1  A0 01          LDY #$01                                            ; $C42D: A0 01
00042Fr 1  20 AB D2       JSR $D2AB                                           ; $C42F: 20 AB D2
000432r 1  CD 39 00       CMP a:$0039                                         ; $C432: CD 39 00
000435r 1  90 0F          BCC LC446                                           ; $C435: 90 0F
000437r 1  8D 39 00       STA a:$0039                                         ; $C437: 8D 39 00
00043Ar 1  AD 3B 00       LDA a:$003B                                         ; $C43A: AD 3B 00
00043Dr 1  8D 38 00       STA a:$0038                                         ; $C43D: 8D 38 00
000440r 1  AD 3C 00       LDA a:$003C                                         ; $C440: AD 3C 00
000443r 1  8D 3A 00       STA a:$003A                                         ; $C443: 8D 3A 00
000446r 1               LC446:
000446r 1  EE 37 00       INC a:$0037                                         ; $C446: EE 37 00
000449r 1  AD 37 00       LDA a:$0037                                         ; $C449: AD 37 00
00044Cr 1  C9 1B          CMP #$1B                                            ; $C44C: C9 1B
00044Er 1  90 BE          .byte $90,$BE                                       ; $C44E: 90 BE (BCC mid-instruction target)
000450r 1  60             RTS                                                 ; $C450: 60
000451r 1  A0 0A          LDY #$0A                                            ; $C451: A0 0A
000453r 1  20 AB D2       JSR $D2AB                                           ; $C453: 20 AB D2
000456r 1  85 2A          STA $2A                                             ; $C456: 85 2A
000458r 1  29 1F          AND #$1F                                            ; $C458: 29 1F
00045Ar 1  48             PHA                                                 ; $C45A: 48
00045Br 1  A0 00          LDY #$00                                            ; $C45B: A0 00
00045Dr 1  C9 08          CMP #$08                                            ; $C45D: C9 08
00045Fr 1  90 08          BCC LC469                                           ; $C45F: 90 08
000461r 1  A0 04          LDY #$04                                            ; $C461: A0 04
000463r 1  C9 10          CMP #$10                                            ; $C463: C9 10
000465r 1  90 02          BCC LC469                                           ; $C465: 90 02
000467r 1  A0 08          LDY #$08                                            ; $C467: A0 08
000469r 1               LC469:
000469r 1  84 2B          STY $2B                                             ; $C469: 84 2B
00046Br 1  AC 5E 6F       LDY $6F5E                                           ; $C46B: AC 5E 6F
00046Er 1  B9 D0 C4       LDA $C4D0,Y                                         ; $C46E: B9 D0 C4
000471r 1  0A             ASL A                                               ; $C471: 0A
000472r 1  0A             ASL A                                               ; $C472: 0A
000473r 1  0A             ASL A                                               ; $C473: 0A
000474r 1  0A             ASL A                                               ; $C474: 0A
000475r 1  18             CLC                                                 ; $C475: 18
000476r 1  65 2B          ADC $2B                                             ; $C476: 65 2B
000478r 1  A8             TAY                                                 ; $C478: A8
000479r 1  68             PLA                                                 ; $C479: 68
00047Ar 1  D9 EE C4       CMP $C4EE,Y                                         ; $C47A: D9 EE C4
00047Dr 1  90 15          .byte $90,$15                                       ; $C47D: 90 15 (BCC mid-instruction target)
00047Fr 1  C8             INY                                                 ; $C47F: C8
000480r 1  D9 EE C4       CMP $C4EE,Y                                         ; $C480: D9 EE C4
000483r 1  90 0F          .byte $90,$0F                                       ; $C483: 90 0F (BCC mid-instruction target)
000485r 1  C8             INY                                                 ; $C485: C8
000486r 1  D9 EE C4       CMP $C4EE,Y                                         ; $C486: D9 EE C4
000489r 1  90 09          .byte $90,$09                                       ; $C489: 90 09 (BCC mid-instruction target)
00048Br 1  C8             INY                                                 ; $C48B: C8
00048Cr 1  D9 EE C4       CMP $C4EE,Y                                         ; $C48C: D9 EE C4
00048Fr 1  90 03          .byte $90,$03                                       ; $C48F: 90 03 (BCC mid-instruction target)
000491r 1  4C rr rr       JMP Proc_C498                                       ; $C491: 4C 98 C4
000494r 1  B9 EE C4       LDA $C4EE,Y                                         ; $C494: B9 EE C4
000497r 1  60             RTS                                                 ; $C497: 60
000498r 1               .endproc
000498r 1               LC446 = $C446
000498r 1               LC469 = $C469
000498r 1               
000498r 1               
000498r 1               ;===============================================================================
000498r 1               ; $C498: Proc_C498
000498r 1               ;===============================================================================
000498r 1               .proc Proc_C498
000498r 1               
000498r 1  AC 5E 6F       LDY $6F5E                                           ; $C498: AC 5E 6F
00049Br 1  B9 D0 C4       LDA $C4D0,Y                                         ; $C49B: B9 D0 C4
00049Er 1  0A             ASL A                                               ; $C49E: 0A
00049Fr 1  0A             ASL A                                               ; $C49F: 0A
0004A0r 1  0A             ASL A                                               ; $C4A0: 0A
0004A1r 1  0A             ASL A                                               ; $C4A1: 0A
0004A2r 1  18             CLC                                                 ; $C4A2: 18
0004A3r 1  69 0C          ADC #$0C                                            ; $C4A3: 69 0C
0004A5r 1  A8             TAY                                                 ; $C4A5: A8
0004A6r 1  A5 2A          LDA $2A                                             ; $C4A6: A5 2A
0004A8r 1  4A             LSR A                                               ; $C4A8: 4A
0004A9r 1  4A             LSR A                                               ; $C4A9: 4A
0004AAr 1  4A             LSR A                                               ; $C4AA: 4A
0004ABr 1  4A             LSR A                                               ; $C4AB: 4A
0004ACr 1  4A             LSR A                                               ; $C4AC: 4A
0004ADr 1  D9 EE C4       CMP $C4EE,Y                                         ; $C4AD: D9 EE C4
0004B0r 1  90 15          BCC LC4C7                                           ; $C4B0: 90 15
0004B2r 1  C8             INY                                                 ; $C4B2: C8
0004B3r 1  D9 EE C4       CMP $C4EE,Y                                         ; $C4B3: D9 EE C4
0004B6r 1  90 0F          BCC LC4C7                                           ; $C4B6: 90 0F
0004B8r 1  C8             INY                                                 ; $C4B8: C8
0004B9r 1  D9 EE C4       CMP $C4EE,Y                                         ; $C4B9: D9 EE C4
0004BCr 1  90 09          BCC LC4C7                                           ; $C4BC: 90 09
0004BEr 1  C8             INY                                                 ; $C4BE: C8
0004BFr 1  D9 EE C4       CMP $C4EE,Y                                         ; $C4BF: D9 EE C4
0004C2r 1  90 03          BCC LC4C7                                           ; $C4C2: 90 03
0004C4r 1  A9 FF          LDA #$FF                                            ; $C4C4: A9 FF
0004C6r 1  60             RTS                                                 ; $C4C6: 60
0004C7r 1               LC4C7:
0004C7r 1  B9 EE C4       LDA $C4EE,Y                                         ; $C4C7: B9 EE C4
0004CAr 1  0A             ASL A                                               ; $C4CA: 0A
0004CBr 1  0A             ASL A                                               ; $C4CB: 0A
0004CCr 1  0A             ASL A                                               ; $C4CC: 0A
0004CDr 1  0A             ASL A                                               ; $C4CD: 0A
0004CEr 1  0A             ASL A                                               ; $C4CE: 0A
0004CFr 1  60             RTS                                                 ; $C4CF: 60
0004D0r 1               .endproc
0004D0r 1               LC4C7 = $C4C7
0004D0r 1               
0004D0r 1               
0004D0r 1               ;===============================================================================
0004D0r 1               ; $C4D0: Proc_C4D0
0004D0r 1               ;===============================================================================
0004D0r 1               .proc Proc_C4D0
0004D0r 1               
0004D0r 1  00             BRK                                                 ; $C4D0: 00
0004D1r 1  00 00 00 01    .byte $00,$00,$00,$01,$00,$00,$00,$01,$00,$00,$00,$01,$00,$00,$00,$00; $C4D1: 00 00 00 01 00 00 00 01 00 00 00 01 00 00 00 00
0004D5r 1  00 00 00 01  
0004D9r 1  00 00 00 01  
0004E1r 1  00 00 00 01    .byte $00,$00,$00,$01,$00,$00,$00,$00,$01,$01,$00,$00,$01,$00,$01,$02; $C4E1: 00 00 00 01 00 00 00 00 01 01 00 00 01 00 01 02
0004E5r 1  00 00 00 00  
0004E9r 1  01 01 00 00  
0004F1r 1  03 08 09 0A    .byte $03,$08,$09,$0A,$0B,$10,$11,$12,$13,$00,$01,$02,$03,$01,$02,$03; $C4F1: 03 08 09 0A 0B 10 11 12 13 00 01 02 03 01 02 03
0004F5r 1  0B 10 11 12  
0004F9r 1  13 00 01 02  
000501r 1  04 0A 0B 0C    .byte $04,$0A,$0B,$0C,$0D,$12,$13,$14,$15,$02,$03,$04,$05; $C501: 04 0A 0B 0C 0D 12 13 14 15 02 03 04 05
000505r 1  0D 12 13 14  
000509r 1  15 02 03 04  
00050Er 1               .endproc
00050Er 1               
00050Er 1               ;===============================================================================
00050Er 1               ; $C50E: Proc_C50E
00050Er 1               ;===============================================================================
00050Er 1               .proc Proc_C50E
00050Er 1               
00050Er 1  20 rr rr       JSR Proc_D249                                       ; $C50E: 20 49 D2
000511r 1  8D 45 00       STA a:$0045                                         ; $C511: 8D 45 00
000514r 1  AD 45 00       LDA a:$0045                                         ; $C514: AD 45 00
000517r 1  8D 36 00       STA a:$0036                                         ; $C517: 8D 36 00
00051Ar 1  20 rr rr       JSR Proc_D1A4                                       ; $C51A: 20 A4 D1
00051Dr 1  D0 01          BNE LC520                                           ; $C51D: D0 01
00051Fr 1  60             RTS                                                 ; $C51F: 60
000520r 1               LC520:
000520r 1  A9 00          LDA #$00                                            ; $C520: A9 00
000522r 1  8D 3B 00       STA a:$003B                                         ; $C522: 8D 3B 00
000525r 1  8D 3C 00       STA a:$003C                                         ; $C525: 8D 3C 00
000528r 1  A9 FF          LDA #$FF                                            ; $C528: A9 FF
00052Ar 1  8D 3D 00       STA a:$003D                                         ; $C52A: 8D 3D 00
00052Dr 1  AD 3B 00       LDA a:$003B                                         ; $C52D: AD 3B 00
000530r 1  8D 36 00       STA a:$0036                                         ; $C530: 8D 36 00
000533r 1  20 rr rr       JSR Proc_D105                                       ; $C533: 20 05 D1
000536r 1  29 07          AND #$07                                            ; $C536: 29 07
000538r 1  CD 03 6F       CMP $6F03                                           ; $C538: CD 03 6F
00053Br 1  D0 2A          .byte $D0,$2A                                       ; $C53B: D0 2A (BNE mid-instruction target)
00053Dr 1  20 rr rr       JSR Proc_D1A4                                       ; $C53D: 20 A4 D1
000540r 1  D0 25          .byte $D0,$25                                       ; $C540: D0 25 (BNE mid-instruction target)
000542r 1  AE 45 00       LDX a:$0045                                         ; $C542: AE 45 00
000545r 1  AC 36 00       LDY a:$0036                                         ; $C545: AC 36 00
000548r 1  20 rr rr       JSR Proc_D583                                       ; $C548: 20 83 D5
00054Br 1  C9 FF          CMP #$FF                                            ; $C54B: C9 FF
00054Dr 1  D0 18          .byte $D0,$18                                       ; $C54D: D0 18 (BNE mid-instruction target)
00054Fr 1  AD 3B 00       LDA a:$003B                                         ; $C54F: AD 3B 00
000552r 1  20 rr rr       JSR Proc_D304                                       ; $C552: 20 04 D3
000555r 1  CD 3C 00       CMP a:$003C                                         ; $C555: CD 3C 00
000558r 1  90 0D          .byte $90,$0D                                       ; $C558: 90 0D (BCC mid-instruction target)
00055Ar 1  C9 0A          CMP #$0A                                            ; $C55A: C9 0A
00055Cr 1  F0 09          .byte $F0,$09                                       ; $C55C: F0 09 (BEQ mid-instruction target)
00055Er 1  8D 3C 00       STA a:$003C                                         ; $C55E: 8D 3C 00
000561r 1  AD 3B 00       LDA a:$003B                                         ; $C561: AD 3B 00
000564r 1  8D 3D 00       STA a:$003D                                         ; $C564: 8D 3D 00
000567r 1  EE 3B 00       INC a:$003B                                         ; $C567: EE 3B 00
00056Ar 1  AD 3B 00       LDA a:$003B                                         ; $C56A: AD 3B 00
00056Dr 1  C9 1E          CMP #$1E                                            ; $C56D: C9 1E
00056Fr 1  90 BC          .byte $90,$BC                                       ; $C56F: 90 BC (BCC mid-instruction target)
000571r 1  AD 3D 00       LDA a:$003D                                         ; $C571: AD 3D 00
000574r 1  C9 FF          CMP #$FF                                            ; $C574: C9 FF
000576r 1  F0 3D          .byte $F0,$3D                                       ; $C576: F0 3D (BEQ mid-instruction target)
000578r 1  AD 45 00       LDA a:$0045                                         ; $C578: AD 45 00
00057Br 1  20 rr rr       JSR Proc_D105                                       ; $C57B: 20 05 D1
00057Er 1  A0 00          LDY #$00                                            ; $C57E: A0 00
000580r 1  B1 EE          LDA ($EE),Y                                         ; $C580: B1 EE
000582r 1  85 2A          STA $2A                                             ; $C582: 85 2A
000584r 1  A0 11          LDY #$11                                            ; $C584: A0 11
000586r 1  B1 20          LDA ($20),Y                                         ; $C586: B1 20
000588r 1  C5 2A          CMP $2A                                             ; $C588: C5 2A
00058Ar 1  F0 04          .byte $F0,$04                                       ; $C58A: F0 04 (BEQ mid-instruction target)
00058Cr 1  C8             INY                                                 ; $C58C: C8
00058Dr 1  4C 86 C5       JMP $C586                                           ; $C58D: 4C 86 C5
000590r 1  A9 FF          LDA #$FF                                            ; $C590: A9 FF
000592r 1  91 20          STA ($20),Y                                         ; $C592: 91 20
000594r 1  AD 3D 00       LDA a:$003D                                         ; $C594: AD 3D 00
000597r 1  20 rr rr       JSR Proc_D105                                       ; $C597: 20 05 D1
00059Ar 1  A0 11          LDY #$11                                            ; $C59A: A0 11
00059Cr 1  B1 20          LDA ($20),Y                                         ; $C59C: B1 20
00059Er 1  C9 FF          CMP #$FF                                            ; $C59E: C9 FF
0005A0r 1  F0 04          .byte $F0,$04                                       ; $C5A0: F0 04 (BEQ mid-instruction target)
0005A2r 1  C8             INY                                                 ; $C5A2: C8
0005A3r 1  4C 9C C5       JMP $C59C                                           ; $C5A3: 4C 9C C5
0005A6r 1  A5 2A          LDA $2A                                             ; $C5A6: A5 2A
0005A8r 1  91 20          STA ($20),Y                                         ; $C5A8: 91 20
0005AAr 1  AD 45 00       LDA a:$0045                                         ; $C5AA: AD 45 00
0005ADr 1  20 rr rr       JSR Proc_D3DD                                       ; $C5AD: 20 DD D3
0005B0r 1  A9 02          LDA #$02                                            ; $C5B0: A9 02
0005B2r 1  20 rr rr       JSR Proc_D165                                       ; $C5B2: 20 65 D1
0005B5r 1  20 rr rr       JSR Proc_D249                                       ; $C5B5: 20 49 D2
0005B8r 1  60             RTS                                                 ; $C5B8: 60
0005B9r 1               .endproc
0005B9r 1               LC520 = $C520
0005B9r 1               
0005B9r 1               
0005B9r 1               ;===============================================================================
0005B9r 1               ; $C5B9: Proc_C5B9
0005B9r 1               ;===============================================================================
0005B9r 1               .proc Proc_C5B9
0005B9r 1               
0005B9r 1  A9 00          LDA #$00                                            ; $C5B9: A9 00
0005BBr 1  8D 36 00       STA a:$0036                                         ; $C5BB: 8D 36 00
0005BEr 1               LC5BE:
0005BEr 1  20 rr rr       JSR Proc_C5D2                                       ; $C5BE: 20 D2 C5
0005C1r 1  20 CC C6       JSR $C6CC                                           ; $C5C1: 20 CC C6
0005C4r 1  EE 36 00       INC a:$0036                                         ; $C5C4: EE 36 00
0005C7r 1  AD 36 00       LDA a:$0036                                         ; $C5C7: AD 36 00
0005CAr 1  C9 1E          CMP #$1E                                            ; $C5CA: C9 1E
0005CCr 1  90 F0          BCC LC5BE                                           ; $C5CC: 90 F0
0005CEr 1  20 rr rr       JSR Proc_D249                                       ; $C5CE: 20 49 D2
0005D1r 1  60             RTS                                                 ; $C5D1: 60
0005D2r 1               .endproc
0005D2r 1               LC5BE = $C5BE
0005D2r 1               
0005D2r 1               
0005D2r 1               ;===============================================================================
0005D2r 1               ; $C5D2: Proc_C5D2
0005D2r 1               ;===============================================================================
0005D2r 1               .proc Proc_C5D2
0005D2r 1               
0005D2r 1  A0 31          LDY #$31                                            ; $C5D2: A0 31
0005D4r 1  20 66 F2       JSR B1F_SwitchBank8_A                               ; $C5D4: 20 66 F2
0005D7r 1  AD 36 00       LDA a:$0036                                         ; $C5D7: AD 36 00
0005DAr 1  20 rr rr       JSR Proc_D105                                       ; $C5DA: 20 05 D1
0005DDr 1  29 07          AND #$07                                            ; $C5DD: 29 07
0005DFr 1  CD 03 6F       CMP $6F03                                           ; $C5DF: CD 03 6F
0005E2r 1  D0 09          .byte $D0,$09                                       ; $C5E2: D0 09 (BNE mid-instruction target)
0005E4r 1  A9 64          LDA #$64                                            ; $C5E4: A9 64
0005E6r 1  20 rr rr       JSR Proc_D4BB                                       ; $C5E6: 20 BB D4
0005E9r 1  C9 0A          CMP #$0A                                            ; $C5E9: C9 0A
0005EBr 1  90 01          BCC LC5EE                                           ; $C5EB: 90 01
0005EDr 1  60             RTS                                                 ; $C5ED: 60
0005EEr 1               LC5EE:
0005EEr 1  AD 36 00       LDA a:$0036                                         ; $C5EE: AD 36 00
0005F1r 1  20 rr rr       JSR Proc_D304                                       ; $C5F1: 20 04 D3
0005F4r 1  C9 0A          CMP #$0A                                            ; $C5F4: C9 0A
0005F6r 1  B0 F5          .byte $B0,$F5                                       ; $C5F6: B0 F5 (BCS mid-instruction target)
0005F8r 1  AD 36 00       LDA a:$0036                                         ; $C5F8: AD 36 00
0005FBr 1  85 20          STA $20                                             ; $C5FB: 85 20
0005FDr 1  A9 14          LDA #$14                                            ; $C5FD: A9 14
0005FFr 1  85 21          STA $21                                             ; $C5FF: 85 21
000601r 1  20 rr rr       JSR Proc_D471                                       ; $C601: 20 71 D4
000604r 1  A9 00          LDA #$00                                            ; $C604: A9 00
000606r 1  8D 37 00       STA a:$0037                                         ; $C606: 8D 37 00
000609r 1  A5 2A          LDA $2A                                             ; $C609: A5 2A
00060Br 1  18             CLC                                                 ; $C60B: 18
00060Cr 1  69 1C          ADC #$1C                                            ; $C60C: 69 1C
00060Er 1  85 22          STA $22                                             ; $C60E: 85 22
000610r 1  A5 2B          LDA $2B                                             ; $C610: A5 2B
000612r 1  69 8B          ADC #$8B                                            ; $C612: 69 8B
000614r 1  85 23          STA $23                                             ; $C614: 85 23
000616r 1               LC616:
000616r 1  AC 37 00       LDY a:$0037                                         ; $C616: AC 37 00
000619r 1  EE 37 00       INC a:$0037                                         ; $C619: EE 37 00
00061Cr 1  EE 37 00       INC a:$0037                                         ; $C61C: EE 37 00
00061Fr 1  B1 22          LDA ($22),Y                                         ; $C61F: B1 22
000621r 1  85 24          STA $24                                             ; $C621: 85 24
000623r 1  C8             INY                                                 ; $C623: C8
000624r 1  B1 22          LDA ($22),Y                                         ; $C624: B1 22
000626r 1  38             SEC                                                 ; $C626: 38
000627r 1  E9 64          SBC #$64                                            ; $C627: E9 64
000629r 1  85 20          STA $20                                             ; $C629: 85 20
00062Br 1  AD 00 6F       LDA $6F00                                           ; $C62B: AD 00 6F
00062Er 1  C5 20          CMP $20                                             ; $C62E: C5 20
000630r 1  90 3C          .byte $90,$3C                                       ; $C630: 90 3C (BCC mid-instruction target)
000632r 1  A5 24          LDA $24                                             ; $C632: A5 24
000634r 1  A0 0B          LDY #$0B                                            ; $C634: A0 0B
000636r 1  20 rr rr       JSR Proc_D283                                       ; $C636: 20 83 D2
000639r 1  29 03          AND #$03                                            ; $C639: 29 03
00063Br 1  C9 01          CMP #$01                                            ; $C63B: C9 01
00063Dr 1  D0 D7          BNE LC616                                           ; $C63D: D0 D7
00063Fr 1  A5 24          LDA $24                                             ; $C63F: A5 24
000641r 1  20 6F C6       JSR $C66F                                           ; $C641: 20 6F C6
000644r 1  85 2A          STA $2A                                             ; $C644: 85 2A
000646r 1               LC646:
000646r 1  20 9A E8       JSR B1F_RandomByte3                                 ; $C646: 20 9A E8
000649r 1  C9 64          CMP #$64                                            ; $C649: C9 64
00064Br 1  B0 F9          BCS LC646                                           ; $C64B: B0 F9
00064Dr 1  C5 2A          CMP $2A                                             ; $C64D: C5 2A
00064Fr 1  B0 C5          BCS LC616                                           ; $C64F: B0 C5
000651r 1  A0 0B          LDY #$0B                                            ; $C651: A0 0B
000653r 1  B1 20          LDA ($20),Y                                         ; $C653: B1 20
000655r 1  29 FC          AND #$FC                                            ; $C655: 29 FC
000657r 1  09 02          ORA #$02                                            ; $C657: 09 02
000659r 1  91 20          STA ($20),Y                                         ; $C659: 91 20
00065Br 1  AD 36 00       LDA a:$0036                                         ; $C65B: AD 36 00
00065Er 1  20 rr rr       JSR Proc_D105                                       ; $C65E: 20 05 D1
000661r 1  A0 10          LDY #$10                                            ; $C661: A0 10
000663r 1  C8             INY                                                 ; $C663: C8
000664r 1  B1 20          LDA ($20),Y                                         ; $C664: B1 20
000666r 1  C9 FF          CMP #$FF                                            ; $C666: C9 FF
000668r 1  D0 F9          .byte $D0,$F9                                       ; $C668: D0 F9 (BNE mid-instruction target)
00066Ar 1  A5 24          LDA $24                                             ; $C66A: A5 24
00066Cr 1  91 20          STA ($20),Y                                         ; $C66C: 91 20
00066Er 1  60             RTS                                                 ; $C66E: 60
00066Fr 1  AC 03 6F       LDY $6F03                                           ; $C66F: AC 03 6F
000672r 1  C0 04          CPY #$04                                            ; $C672: C0 04
000674r 1  D0 1A          .byte $D0,$1A                                       ; $C674: D0 1A (BNE cross-proc)
000676r 1  C9 6D          CMP #$6D                                            ; $C676: C9 6D
000678r 1  F0 13          .byte $F0,$13                                       ; $C678: F0 13 (BEQ cross-proc)
00067Ar 1  C9 70          CMP #$70                                            ; $C67A: C9 70
00067Cr 1  F0 0F          .byte $F0,$0F                                       ; $C67C: F0 0F (BEQ cross-proc)
00067Er 1  C9 37          CMP #$37                                            ; $C67E: C9 37
000680r 1  F0 0B          .byte $F0,$0B                                       ; $C680: F0 0B (BEQ cross-proc)
000682r 1  C9 B7          CMP #$B7                                            ; $C682: C9 B7
000684r 1  F0 07          .byte $F0,$07                                       ; $C684: F0 07 (BEQ cross-proc)
000686r 1  C9 90          CMP #$90                                            ; $C686: C9 90
000688r 1  F0 03          .byte $F0,$03                                       ; $C688: F0 03 (BEQ cross-proc)
00068Ar 1               .endproc
00068Ar 1               LC5EE = $C5EE
00068Ar 1               LC616 = $C616
00068Ar 1               LC646 = $C646
00068Ar 1               
00068Ar 1               
00068Ar 1               ;===============================================================================
00068Ar 1               ; $C68A: Proc_C68A
00068Ar 1               ;===============================================================================
00068Ar 1               .proc Proc_C68A
00068Ar 1               
00068Ar 1  A9 0A          LDA #$0A                                            ; $C68A: A9 0A
00068Cr 1  60             RTS                                                 ; $C68C: 60
00068Dr 1               LC68D:
00068Dr 1  A9 5A          LDA #$5A                                            ; $C68D: A9 5A
00068Fr 1  60             RTS                                                 ; $C68F: 60
000690r 1               LC690:
000690r 1  AC 03 6F       LDY $6F03                                           ; $C690: AC 03 6F
000693r 1  C0 02          CPY #$02                                            ; $C693: C0 02
000695r 1  D0 17          .byte $D0,$17                                       ; $C695: D0 17 (BNE mid-instruction target)
000697r 1  C9 56          CMP #$56                                            ; $C697: C9 56
000699r 1  F0 F2          BEQ LC68D                                           ; $C699: F0 F2
00069Br 1  C9 63          CMP #$63                                            ; $C69B: C9 63
00069Dr 1  F0 EE          BEQ LC68D                                           ; $C69D: F0 EE
00069Fr 1  C9 39          CMP #$39                                            ; $C69F: C9 39
0006A1r 1  F0 EA          BEQ LC68D                                           ; $C6A1: F0 EA
0006A3r 1  C9 A5          CMP #$A5                                            ; $C6A3: C9 A5
0006A5r 1  F0 E6          BEQ LC68D                                           ; $C6A5: F0 E6
0006A7r 1  C9 9C          CMP #$9C                                            ; $C6A7: C9 9C
0006A9r 1  F0 E2          BEQ LC68D                                           ; $C6A9: F0 E2
0006ABr 1  4C rr rr       JMP Proc_C68A                                       ; $C6AB: 4C 8A C6
0006AEr 1  AC 03 6F       LDY $6F03                                           ; $C6AE: AC 03 6F
0006B1r 1  C0 03          CPY #$03                                            ; $C6B1: C0 03
0006B3r 1  D0 D5          BNE Proc_C68A                                       ; $C6B3: D0 D5
0006B5r 1  C9 6B          CMP #$6B                                            ; $C6B5: C9 6B
0006B7r 1  F0 D4          BEQ LC68D                                           ; $C6B7: F0 D4
0006B9r 1  C9 EA          CMP #$EA                                            ; $C6B9: C9 EA
0006BBr 1  F0 D0          BEQ LC68D                                           ; $C6BB: F0 D0
0006BDr 1  C9 EB          CMP #$EB                                            ; $C6BD: C9 EB
0006BFr 1  F0 CC          BEQ LC68D                                           ; $C6BF: F0 CC
0006C1r 1  C9 D5          CMP #$D5                                            ; $C6C1: C9 D5
0006C3r 1  F0 C8          BEQ LC68D                                           ; $C6C3: F0 C8
0006C5r 1  C9 2F          CMP #$2F                                            ; $C6C5: C9 2F
0006C7r 1  F0 C4          BEQ LC68D                                           ; $C6C7: F0 C4
0006C9r 1  4C rr rr       JMP Proc_C68A                                       ; $C6C9: 4C 8A C6
0006CCr 1  AD 36 00       LDA a:$0036                                         ; $C6CC: AD 36 00
0006CFr 1  20 rr rr       JSR Proc_D105                                       ; $C6CF: 20 05 D1
0006D2r 1  29 07          AND #$07                                            ; $C6D2: 29 07
0006D4r 1  CD 03 6F       CMP $6F03                                           ; $C6D4: CD 03 6F
0006D7r 1  F0 01          BEQ LC6DA                                           ; $C6D7: F0 01
0006D9r 1  60             RTS                                                 ; $C6D9: 60
0006DAr 1               LC6DA:
0006DAr 1  A9 64          LDA #$64                                            ; $C6DA: A9 64
0006DCr 1  20 rr rr       JSR Proc_D4BB                                       ; $C6DC: 20 BB D4
0006DFr 1  AC 02 6F       LDY $6F02                                           ; $C6DF: AC 02 6F
0006E2r 1  D9 95 C7       CMP $C795,Y                                         ; $C6E2: D9 95 C7
0006E5r 1  B0 F2          .byte $B0,$F2                                       ; $C6E5: B0 F2 (BCS mid-instruction target)
0006E7r 1  AD 36 00       LDA a:$0036                                         ; $C6E7: AD 36 00
0006EAr 1  20 rr rr       JSR Proc_D304                                       ; $C6EA: 20 04 D3
0006EDr 1  C9 0A          CMP #$0A                                            ; $C6ED: C9 0A
0006EFr 1  B0 E8          .byte $B0,$E8                                       ; $C6EF: B0 E8 (BCS mid-instruction target)
0006F1r 1  A9 00          LDA #$00                                            ; $C6F1: A9 00
0006F3r 1  8D 37 00       STA a:$0037                                         ; $C6F3: 8D 37 00
0006F6r 1  A0 30          LDY #$30                                            ; $C6F6: A0 30
0006F8r 1  20 66 F2       JSR B1F_SwitchBank8_A                               ; $C6F8: 20 66 F2
0006FBr 1  A0 0F          LDY #$0F                                            ; $C6FB: A0 0F
0006FDr 1  A9 FF          LDA #$FF                                            ; $C6FD: A9 FF
0006FFr 1               LC6FF:
0006FFr 1  99 73 6F       STA $6F73,Y                                         ; $C6FF: 99 73 6F
000702r 1  88             DEY                                                 ; $C702: 88
000703r 1  10 FA          BPL LC6FF                                           ; $C703: 10 FA
000705r 1  AD 36 00       LDA a:$0036                                         ; $C705: AD 36 00
000708r 1  0A             ASL A                                               ; $C708: 0A
000709r 1  0A             ASL A                                               ; $C709: 0A
00070Ar 1  0A             ASL A                                               ; $C70A: 0A
00070Br 1  A8             TAY                                                 ; $C70B: A8
00070Cr 1  A2 00          LDX #$00                                            ; $C70C: A2 00
00070Er 1               LC70E:
00070Er 1  B9 72 9D       LDA $9D72,Y                                         ; $C70E: B9 72 9D
000711r 1  9D 73 6F       STA $6F73,X                                         ; $C711: 9D 73 6F
000714r 1  C8             INY                                                 ; $C714: C8
000715r 1  E8             INX                                                 ; $C715: E8
000716r 1  E0 08          CPX #$08                                            ; $C716: E0 08
000718r 1  90 F4          BCC LC70E                                           ; $C718: 90 F4
00071Ar 1  A9 C0          LDA #$C0                                            ; $C71A: A9 C0
00071Cr 1  85 22          STA $22                                             ; $C71C: 85 22
00071Er 1  A9 63          LDA #$63                                            ; $C71E: A9 63
000720r 1  85 23          STA $23                                             ; $C720: 85 23
000722r 1  A2 00          LDX #$00                                            ; $C722: A2 00
000724r 1               LC724:
000724r 1  A0 0B          LDY #$0B                                            ; $C724: A0 0B
000726r 1  B1 22          LDA ($22),Y                                         ; $C726: B1 22
000728r 1  29 03          AND #$03                                            ; $C728: 29 03
00072Ar 1  D0 26          .byte $D0,$26                                       ; $C72A: D0 26 (BNE mid-instruction target)
00072Cr 1  8A             TXA                                                 ; $C72C: 8A
00072Dr 1  20 6F C6       JSR $C66F                                           ; $C72D: 20 6F C6
000730r 1  85 2A          STA $2A                                             ; $C730: 85 2A
000732r 1               LC732:
000732r 1  20 9A E8       JSR B1F_RandomByte3                                 ; $C732: 20 9A E8
000735r 1  C9 64          CMP #$64                                            ; $C735: C9 64
000737r 1  B0 F9          BCS LC732                                           ; $C737: B0 F9
000739r 1  C5 2A          CMP $2A                                             ; $C739: C5 2A
00073Br 1  B0 15          .byte $B0,$15                                       ; $C73B: B0 15 (BCS mid-instruction target)
00073Dr 1  A0 05          LDY #$05                                            ; $C73D: A0 05
00073Fr 1  B1 22          LDA ($22),Y                                         ; $C73F: B1 22
000741r 1  CD 36 00       CMP a:$0036                                         ; $C741: CD 36 00
000744r 1  F0 1F          BEQ LC765                                           ; $C744: F0 1F
000746r 1  A0 00          LDY #$00                                            ; $C746: A0 00
000748r 1               LC748:
000748r 1  D9 73 6F       CMP $6F73,Y                                         ; $C748: D9 73 6F
00074Br 1  F0 18          BEQ LC765                                           ; $C74B: F0 18
00074Dr 1  C8             INY                                                 ; $C74D: C8
00074Er 1  C0 08          CPY #$08                                            ; $C74E: C0 08
000750r 1  90 F6          BCC LC748                                           ; $C750: 90 F6
000752r 1  A5 22          LDA $22                                             ; $C752: A5 22
000754r 1  18             CLC                                                 ; $C754: 18
000755r 1  69 0C          ADC #$0C                                            ; $C755: 69 0C
000757r 1  85 22          STA $22                                             ; $C757: 85 22
000759r 1  A5 23          LDA $23                                             ; $C759: A5 23
00075Br 1  69 00          ADC #$00                                            ; $C75B: 69 00
00075Dr 1  85 23          STA $23                                             ; $C75D: 85 23
00075Fr 1  E8             INX                                                 ; $C75F: E8
000760r 1  E0 ED          CPX #$ED                                            ; $C760: E0 ED
000762r 1  90 C0          BCC LC724                                           ; $C762: 90 C0
000764r 1  60             RTS                                                 ; $C764: 60
000765r 1               LC765:
000765r 1  A0 0B          LDY #$0B                                            ; $C765: A0 0B
000767r 1  B1 22          LDA ($22),Y                                         ; $C767: B1 22
000769r 1  29 FC          AND #$FC                                            ; $C769: 29 FC
00076Br 1  09 02          ORA #$02                                            ; $C76B: 09 02
00076Dr 1  91 22          STA ($22),Y                                         ; $C76D: 91 22
00076Fr 1  AD 36 00       LDA a:$0036                                         ; $C76F: AD 36 00
000772r 1  20 rr rr       JSR Proc_D105                                       ; $C772: 20 05 D1
000775r 1  A0 10          LDY #$10                                            ; $C775: A0 10
000777r 1  C8             INY                                                 ; $C777: C8
000778r 1  B1 20          LDA ($20),Y                                         ; $C778: B1 20
00077Ar 1  C9 FF          CMP #$FF                                            ; $C77A: C9 FF
00077Cr 1  D0 F9          .byte $D0,$F9                                       ; $C77C: D0 F9 (BNE mid-instruction target)
00077Er 1  8A             TXA                                                 ; $C77E: 8A
00077Fr 1  91 20          STA ($20),Y                                         ; $C77F: 91 20
000781r 1  85 31          STA $31                                             ; $C781: 85 31
000783r 1  AD 03 6F       LDA $6F03                                           ; $C783: AD 03 6F
000786r 1  20 rr rr       JSR Proc_D319                                       ; $C786: 20 19 D3
000789r 1  A0 00          LDY #$00                                            ; $C789: A0 00
00078Br 1  B1 24          LDA ($24),Y                                         ; $C78B: B1 24
00078Dr 1  85 30          STA $30                                             ; $C78D: 85 30
00078Fr 1  20 rr rr       JSR B0B_ArmyValueCalc                               ; $C78F: 20 3F CF
000792r 1  68             PLA                                                 ; $C792: 68
000793r 1  68             PLA                                                 ; $C793: 68
000794r 1  60             RTS                                                 ; $C794: 60
000795r 1               .endproc
000795r 1               LC68D = $C68D
000795r 1               LC690 = $C690
000795r 1               LC6DA = $C6DA
000795r 1               LC6FF = $C6FF
000795r 1               LC70E = $C70E
000795r 1               LC724 = $C724
000795r 1               LC732 = $C732
000795r 1               LC748 = $C748
000795r 1               LC765 = $C765
000795r 1               
000795r 1               
000795r 1               ;===============================================================================
000795r 1               ; $C795: Proc_C795
000795r 1               ;===============================================================================
000795r 1               .proc Proc_C795
000795r 1               
000795r 1  0A             ASL A                                               ; $C795: 0A
000796r 1  0A             ASL A                                               ; $C796: 0A
000797r 1  0A             ASL A                                               ; $C797: 0A
000798r 1  0A             ASL A                                               ; $C798: 0A
000799r 1  0A             ASL A                                               ; $C799: 0A
00079Ar 1               .endproc
00079Ar 1               
00079Ar 1               ;===============================================================================
00079Ar 1               ; $C79A: Proc_C79A
00079Ar 1               ;===============================================================================
00079Ar 1               .proc Proc_C79A
00079Ar 1               
00079Ar 1  A0 FF          LDY #$FF                                            ; $C79A: A0 FF
00079Cr 1  8C 36 00       STY a:$0036                                         ; $C79C: 8C 36 00
00079Fr 1               LC79F:
00079Fr 1  EE 36 00       INC a:$0036                                         ; $C79F: EE 36 00
0007A2r 1  AD 36 00       LDA a:$0036                                         ; $C7A2: AD 36 00
0007A5r 1  C9 1E          CMP #$1E                                            ; $C7A5: C9 1E
0007A7r 1  90 01          BCC LC7AA                                           ; $C7A7: 90 01
0007A9r 1  60             RTS                                                 ; $C7A9: 60
0007AAr 1               LC7AA:
0007AAr 1  AD 36 00       LDA a:$0036                                         ; $C7AA: AD 36 00
0007ADr 1  20 rr rr       JSR Proc_D105                                       ; $C7AD: 20 05 D1
0007B0r 1  29 07          AND #$07                                            ; $C7B0: 29 07
0007B2r 1  CD 03 6F       CMP $6F03                                           ; $C7B2: CD 03 6F
0007B5r 1  D0 E8          BNE LC79F                                           ; $C7B5: D0 E8
0007B7r 1  A0 0F          LDY #$0F                                            ; $C7B7: A0 0F
0007B9r 1  A9 FF          LDA #$FF                                            ; $C7B9: A9 FF
0007BBr 1               LC7BB:
0007BBr 1  99 40 05       STA $0540,Y                                         ; $C7BB: 99 40 05
0007BEr 1  88             DEY                                                 ; $C7BE: 88
0007BFr 1  10 FA          BPL LC7BB                                           ; $C7BF: 10 FA
0007C1r 1               LC7C1:
0007C1r 1  20 rr rr       JSR Proc_C917                                       ; $C7C1: 20 17 C9
0007C4r 1  A5 22          LDA $22                                             ; $C7C4: A5 22
0007C6r 1  D0 D7          BNE LC79F                                           ; $C7C6: D0 D7
0007C8r 1  A5 2B          LDA $2B                                             ; $C7C8: A5 2B
0007CAr 1  C9 02          CMP #$02                                            ; $C7CA: C9 02
0007CCr 1  90 D1          BCC LC79F                                           ; $C7CC: 90 D1
0007CEr 1  20 8A E8       JSR B1F_RandomByte2                                 ; $C7CE: 20 8A E8
0007D1r 1  C5 21          CMP $21                                             ; $C7D1: C5 21
0007D3r 1  90 EC          BCC LC7C1                                           ; $C7D3: 90 EC
0007D5r 1  A9 14          LDA #$14                                            ; $C7D5: A9 14
0007D7r 1  85 22          STA $22                                             ; $C7D7: 85 22
0007D9r 1  A9 00          LDA #$00                                            ; $C7D9: A9 00
0007DBr 1  85 23          STA $23                                             ; $C7DB: 85 23
0007DDr 1  A9 00          LDA #$00                                            ; $C7DD: A9 00
0007DFr 1  85 24          STA $24                                             ; $C7DF: 85 24
0007E1r 1  AD 36 00       LDA a:$0036                                         ; $C7E1: AD 36 00
0007E4r 1  20 rr rr       JSR Proc_D36F                                       ; $C7E4: 20 6F D3
0007E7r 1  90 15          BCC LC7FE                                           ; $C7E7: 90 15
0007E9r 1  A0 30          LDY #$30                                            ; $C7E9: A0 30
0007EBr 1  20 66 F2       JSR B1F_SwitchBank8_A                               ; $C7EB: 20 66 F2
0007EEr 1  AC 36 00       LDY a:$0036                                         ; $C7EE: AC 36 00
0007F1r 1  B9 FC 8F       LDA $8FFC,Y                                         ; $C7F1: B9 FC 8F
0007F4r 1  29 08          AND #$08                                            ; $C7F4: 29 08
0007F6r 1  D0 07          BNE LC7FF                                           ; $C7F6: D0 07
0007F8r 1  20 rr rr       JSR Proc_C80A                                       ; $C7F8: 20 0A C8
0007FBr 1  4C rr rr       JMP LC7C1                                           ; $C7FB: 4C C1 C7
0007FEr 1               LC7FE:
0007FEr 1  60             RTS                                                 ; $C7FE: 60
0007FFr 1               LC7FF:
0007FFr 1  20 rr rr       JSR Proc_C97A                                       ; $C7FF: 20 7A C9
000802r 1  A9 05          LDA #$05                                            ; $C802: A9 05
000804r 1  20 rr rr       JSR Proc_D165                                       ; $C804: 20 65 D1
000807r 1  4C rr rr       JMP LC7C1                                           ; $C807: 4C C1 C7
00080Ar 1               .endproc
00080Ar 1               LC79F = $C79F
00080Ar 1               LC7AA = $C7AA
00080Ar 1               LC7BB = $C7BB
00080Ar 1               LC7C1 = $C7C1
00080Ar 1               LC7FE = $C7FE
00080Ar 1               LC7FF = $C7FF
00080Ar 1               
00080Ar 1               
00080Ar 1               ;===============================================================================
00080Ar 1               ; $C80A: Proc_C80A
00080Ar 1               ;===============================================================================
00080Ar 1               .proc Proc_C80A
00080Ar 1               
00080Ar 1  A0 0F          LDY #$0F                                            ; $C80A: A0 0F
00080Cr 1  A9 FF          LDA #$FF                                            ; $C80C: A9 FF
00080Er 1               LC80E:
00080Er 1  99 73 6F       STA $6F73,Y                                         ; $C80E: 99 73 6F
000811r 1  88             DEY                                                 ; $C811: 88
000812r 1  10 FA          BPL LC80E                                           ; $C812: 10 FA
000814r 1  A0 30          LDY #$30                                            ; $C814: A0 30
000816r 1  20 66 F2       JSR B1F_SwitchBank8_A                               ; $C816: 20 66 F2
000819r 1  AD 36 00       LDA a:$0036                                         ; $C819: AD 36 00
00081Cr 1  0A             ASL A                                               ; $C81C: 0A
00081Dr 1  0A             ASL A                                               ; $C81D: 0A
00081Er 1  0A             ASL A                                               ; $C81E: 0A
00081Fr 1  85 24          STA $24                                             ; $C81F: 85 24
000821r 1  A9 08          LDA #$08                                            ; $C821: A9 08
000823r 1  20 rr rr       JSR Proc_D4AD                                       ; $C823: 20 AD D4
000826r 1  A8             TAY                                                 ; $C826: A8
000827r 1  B9 73 6F       LDA $6F73,Y                                         ; $C827: B9 73 6F
00082Ar 1  F0 12          .byte $F0,$12                                       ; $C82A: F0 12 (BEQ mid-instruction target)
00082Cr 1  A9 00          LDA #$00                                            ; $C82C: A9 00
00082Er 1  99 73 6F       STA $6F73,Y                                         ; $C82E: 99 73 6F
000831r 1  98             TYA                                                 ; $C831: 98
000832r 1  18             CLC                                                 ; $C832: 18
000833r 1  65 24          ADC $24                                             ; $C833: 65 24
000835r 1  A8             TAY                                                 ; $C835: A8
000836r 1  B9 72 9D       LDA $9D72,Y                                         ; $C836: B9 72 9D
000839r 1  30 03          .byte $30,$03                                       ; $C839: 30 03 (BMI mid-instruction target)
00083Br 1  20 rr rr       JSR Proc_C84D                                       ; $C83B: 20 4D C8
00083Er 1  A2 00          LDX #$00                                            ; $C83E: A2 00
000840r 1               LC840:
000840r 1  BD 73 6F       LDA $6F73,X                                         ; $C840: BD 73 6F
000843r 1  C9 FF          CMP #$FF                                            ; $C843: C9 FF
000845r 1  F0 DA          .byte $F0,$DA                                       ; $C845: F0 DA (BEQ mid-instruction target)
000847r 1  E8             INX                                                 ; $C847: E8
000848r 1  E0 08          CPX #$08                                            ; $C848: E0 08
00084Ar 1  90 F4          BCC LC840                                           ; $C84A: 90 F4
00084Cr 1  60             RTS                                                 ; $C84C: 60
00084Dr 1               .endproc
00084Dr 1               LC80E = $C80E
00084Dr 1               LC840 = $C840
00084Dr 1               
00084Dr 1               
00084Dr 1               ;===============================================================================
00084Dr 1               ; $C84D: Proc_C84D
00084Dr 1               ;===============================================================================
00084Dr 1               .proc Proc_C84D
00084Dr 1               
00084Dr 1  8D 37 00       STA a:$0037                                         ; $C84D: 8D 37 00
000850r 1  20 rr rr       JSR Proc_D105                                       ; $C850: 20 05 D1
000853r 1  CD 03 6F       CMP $6F03                                           ; $C853: CD 03 6F
000856r 1  D0 11          BNE LC869                                           ; $C856: D0 11
000858r 1  AD 37 00       LDA a:$0037                                         ; $C858: AD 37 00
00085Br 1  20 rr rr       JSR Proc_C86A                                       ; $C85B: 20 6A C8
00085Er 1  90 05          BCC LC865                                           ; $C85E: 90 05
000860r 1  68             PLA                                                 ; $C860: 68
000861r 1  68             PLA                                                 ; $C861: 68
000862r 1  4C rr rr       JMP Proc_C8E6                                       ; $C862: 4C E6 C8
000865r 1               LC865:
000865r 1  20 rr rr       JSR Proc_C885                                       ; $C865: 20 85 C8
000868r 1  60             RTS                                                 ; $C868: 60
000869r 1               LC869:
000869r 1  60             RTS                                                 ; $C869: 60
00086Ar 1               .endproc
00086Ar 1               LC865 = $C865
00086Ar 1               LC869 = $C869
00086Ar 1               
00086Ar 1               
00086Ar 1               ;===============================================================================
00086Ar 1               ; $C86A: Proc_C86A
00086Ar 1               ;===============================================================================
00086Ar 1               .proc Proc_C86A
00086Ar 1               
00086Ar 1  48             PHA                                                 ; $C86A: 48
00086Br 1  A0 30          LDY #$30                                            ; $C86B: A0 30
00086Dr 1  20 66 F2       JSR B1F_SwitchBank8_A                               ; $C86D: 20 66 F2
000870r 1  68             PLA                                                 ; $C870: 68
000871r 1  A8             TAY                                                 ; $C871: A8
000872r 1  B9 FC 8F       LDA $8FFC,Y                                         ; $C872: B9 FC 8F
000875r 1  29 08          AND #$08                                            ; $C875: 29 08
000877r 1  F0 0A          BEQ LC883                                           ; $C877: F0 0A
000879r 1  98             TYA                                                 ; $C879: 98
00087Ar 1  20 rr rr       JSR Proc_D304                                       ; $C87A: 20 04 D3
00087Dr 1  C9 0A          CMP #$0A                                            ; $C87D: C9 0A
00087Fr 1  B0 02          BCS LC883                                           ; $C87F: B0 02
000881r 1  38             SEC                                                 ; $C881: 38
000882r 1  60             RTS                                                 ; $C882: 60
000883r 1               LC883:
000883r 1  18             CLC                                                 ; $C883: 18
000884r 1  60             RTS                                                 ; $C884: 60
000885r 1               .endproc
000885r 1               LC883 = $C883
000885r 1               
000885r 1               
000885r 1               ;===============================================================================
000885r 1               ; $C885: Proc_C885
000885r 1               ;===============================================================================
000885r 1               .proc Proc_C885
000885r 1               
000885r 1  A0 08          LDY #$08                                            ; $C885: A0 08
000887r 1  A9 FF          LDA #$FF                                            ; $C887: A9 FF
000889r 1               LC889:
000889r 1  99 7B 6F       STA $6F7B,Y                                         ; $C889: 99 7B 6F
00088Cr 1  88             DEY                                                 ; $C88C: 88
00088Dr 1  10 FA          BPL LC889                                           ; $C88D: 10 FA
00088Fr 1  AD 37 00       LDA a:$0037                                         ; $C88F: AD 37 00
000892r 1  0A             ASL A                                               ; $C892: 0A
000893r 1  0A             ASL A                                               ; $C893: 0A
000894r 1  0A             ASL A                                               ; $C894: 0A
000895r 1  85 28          STA $28                                             ; $C895: 85 28
000897r 1               LC897:
000897r 1  A9 08          LDA #$08                                            ; $C897: A9 08
000899r 1  20 rr rr       JSR Proc_D4AD                                       ; $C899: 20 AD D4
00089Cr 1  A8             TAY                                                 ; $C89C: A8
00089Dr 1  B9 7B 6F       LDA $6F7B,Y                                         ; $C89D: B9 7B 6F
0008A0r 1  F0 F5          BEQ LC897                                           ; $C8A0: F0 F5
0008A2r 1  A9 00          LDA #$00                                            ; $C8A2: A9 00
0008A4r 1  99 7B 6F       STA $6F7B,Y                                         ; $C8A4: 99 7B 6F
0008A7r 1  98             TYA                                                 ; $C8A7: 98
0008A8r 1  18             CLC                                                 ; $C8A8: 18
0008A9r 1  65 28          ADC $28                                             ; $C8A9: 65 28
0008ABr 1  A8             TAY                                                 ; $C8AB: A8
0008ACr 1  B9 72 9D       LDA $9D72,Y                                         ; $C8AC: B9 72 9D
0008AFr 1  30 03          BMI LC8B4                                           ; $C8AF: 30 03
0008B1r 1  20 rr rr       JSR Proc_C8C3                                       ; $C8B1: 20 C3 C8
0008B4r 1               LC8B4:
0008B4r 1  A2 00          LDX #$00                                            ; $C8B4: A2 00
0008B6r 1               LC8B6:
0008B6r 1  BD 7B 6F       LDA $6F7B,X                                         ; $C8B6: BD 7B 6F
0008B9r 1  C9 FF          CMP #$FF                                            ; $C8B9: C9 FF
0008BBr 1  F0 DA          BEQ LC897                                           ; $C8BB: F0 DA
0008BDr 1  E8             INX                                                 ; $C8BD: E8
0008BEr 1  E0 08          CPX #$08                                            ; $C8BE: E0 08
0008C0r 1  90 F4          BCC LC8B6                                           ; $C8C0: 90 F4
0008C2r 1  60             RTS                                                 ; $C8C2: 60
0008C3r 1               .endproc
0008C3r 1               LC889 = $C889
0008C3r 1               LC897 = $C897
0008C3r 1               LC8B4 = $C8B4
0008C3r 1               LC8B6 = $C8B6
0008C3r 1               
0008C3r 1               
0008C3r 1               ;===============================================================================
0008C3r 1               ; $C8C3: Proc_C8C3
0008C3r 1               ;===============================================================================
0008C3r 1               .proc Proc_C8C3
0008C3r 1               
0008C3r 1  8D 38 00       STA a:$0038                                         ; $C8C3: 8D 38 00
0008C6r 1  20 rr rr       JSR Proc_D105                                       ; $C8C6: 20 05 D1
0008C9r 1  CD 03 6F       CMP $6F03                                           ; $C8C9: CD 03 6F
0008CCr 1  D0 17          BNE LC8E5                                           ; $C8CC: D0 17
0008CEr 1  AD 38 00       LDA a:$0038                                         ; $C8CE: AD 38 00
0008D1r 1  20 rr rr       JSR Proc_C86A                                       ; $C8D1: 20 6A C8
0008D4r 1  90 0F          BCC LC8E5                                           ; $C8D4: 90 0F
0008D6r 1  68             PLA                                                 ; $C8D6: 68
0008D7r 1  68             PLA                                                 ; $C8D7: 68
0008D8r 1  68             PLA                                                 ; $C8D8: 68
0008D9r 1  68             PLA                                                 ; $C8D9: 68
0008DAr 1  68             PLA                                                 ; $C8DA: 68
0008DBr 1  68             PLA                                                 ; $C8DB: 68
0008DCr 1  AD 38 00       LDA a:$0038                                         ; $C8DC: AD 38 00
0008DFr 1  8D 37 00       STA a:$0037                                         ; $C8DF: 8D 37 00
0008E2r 1  4C rr rr       JMP Proc_C8E6                                       ; $C8E2: 4C E6 C8
0008E5r 1               LC8E5:
0008E5r 1  60             RTS                                                 ; $C8E5: 60
0008E6r 1               .endproc
0008E6r 1               LC8E5 = $C8E5
0008E6r 1               
0008E6r 1               
0008E6r 1               ;===============================================================================
0008E6r 1               ; $C8E6: Proc_C8E6
0008E6r 1               ;===============================================================================
0008E6r 1               .proc Proc_C8E6
0008E6r 1               
0008E6r 1  AD 36 00       LDA a:$0036                                         ; $C8E6: AD 36 00
0008E9r 1  20 rr rr       JSR Proc_D105                                       ; $C8E9: 20 05 D1
0008ECr 1  A0 10          LDY #$10                                            ; $C8EC: A0 10
0008EEr 1  C8             INY                                                 ; $C8EE: C8
0008EFr 1  B1 20          LDA ($20),Y                                         ; $C8EF: B1 20
0008F1r 1  CD 39 00       CMP a:$0039                                         ; $C8F1: CD 39 00
0008F4r 1  D0 F8          .byte $D0,$F8                                       ; $C8F4: D0 F8 (BNE mid-instruction target)
0008F6r 1  A9 FF          LDA #$FF                                            ; $C8F6: A9 FF
0008F8r 1  91 20          STA ($20),Y                                         ; $C8F8: 91 20
0008FAr 1  AD 37 00       LDA a:$0037                                         ; $C8FA: AD 37 00
0008FDr 1  20 rr rr       JSR Proc_D105                                       ; $C8FD: 20 05 D1
000900r 1  A0 10          LDY #$10                                            ; $C900: A0 10
000902r 1  C8             INY                                                 ; $C902: C8
000903r 1  B1 20          LDA ($20),Y                                         ; $C903: B1 20
000905r 1  C9 FF          CMP #$FF                                            ; $C905: C9 FF
000907r 1  D0 F9          .byte $D0,$F9                                       ; $C907: D0 F9 (BNE mid-instruction target)
000909r 1  AD 39 00       LDA a:$0039                                         ; $C909: AD 39 00
00090Cr 1  91 20          STA ($20),Y                                         ; $C90C: 91 20
00090Er 1  AD 36 00       LDA a:$0036                                         ; $C90E: AD 36 00
000911r 1  20 rr rr       JSR Proc_D3DD                                       ; $C911: 20 DD D3
000914r 1  4C FF C7       JMP LC7FF                                           ; $C914: 4C FF C7
000917r 1               .endproc
000917r 1               
000917r 1               ;===============================================================================
000917r 1               ; $C917: Proc_C917
000917r 1               ;===============================================================================
000917r 1               .proc Proc_C917
000917r 1               
000917r 1  AD 36 00       LDA a:$0036                                         ; $C917: AD 36 00
00091Ar 1  20 rr rr       JSR Proc_D105                                       ; $C91A: 20 05 D1
00091Dr 1  A9 11          LDA #$11                                            ; $C91D: A9 11
00091Fr 1  85 28          STA $28                                             ; $C91F: 85 28
000921r 1  A9 FF          LDA #$FF                                            ; $C921: A9 FF
000923r 1  85 29          STA $29                                             ; $C923: 85 29
000925r 1  85 2A          STA $2A                                             ; $C925: 85 2A
000927r 1  A9 00          LDA #$00                                            ; $C927: A9 00
000929r 1  85 2B          STA $2B                                             ; $C929: 85 2B
00092Br 1               LC92B:
00092Br 1  A4 28          LDY $28                                             ; $C92B: A4 28
00092Dr 1  B9 2F 05       LDA $052F,Y                                         ; $C92D: B9 2F 05
000930r 1  F0 17          BEQ LC949                                           ; $C930: F0 17
000932r 1  B1 20          LDA ($20),Y                                         ; $C932: B1 20
000934r 1  C9 FF          CMP #$FF                                            ; $C934: C9 FF
000936r 1  F0 11          BEQ LC949                                           ; $C936: F0 11
000938r 1  E6 2B          INC $2B                                             ; $C938: E6 2B
00093Ar 1  A0 00          LDY #$00                                            ; $C93A: A0 00
00093Cr 1  20 AB D2       JSR $D2AB                                           ; $C93C: 20 AB D2
00093Fr 1  C5 29          CMP $29                                             ; $C93F: C5 29
000941r 1  B0 06          BCS LC949                                           ; $C941: B0 06
000943r 1  85 29          STA $29                                             ; $C943: 85 29
000945r 1  A5 28          LDA $28                                             ; $C945: A5 28
000947r 1  85 2A          STA $2A                                             ; $C947: 85 2A
000949r 1               LC949:
000949r 1  E6 28          INC $28                                             ; $C949: E6 28
00094Br 1  A4 28          LDY $28                                             ; $C94B: A4 28
00094Dr 1  C0 1B          CPY #$1B                                            ; $C94D: C0 1B
00094Fr 1  90 DA          BCC LC92B                                           ; $C94F: 90 DA
000951r 1  A4 2A          LDY $2A                                             ; $C951: A4 2A
000953r 1  A9 00          LDA #$00                                            ; $C953: A9 00
000955r 1  99 2F 05       STA $052F,Y                                         ; $C955: 99 2F 05
000958r 1  B1 20          LDA ($20),Y                                         ; $C958: B1 20
00095Ar 1  8D 39 00       STA a:$0039                                         ; $C95A: 8D 39 00
00095Dr 1  A0 00          LDY #$00                                            ; $C95D: A0 00
00095Fr 1  20 rr rr       JSR Proc_D2D3                                       ; $C95F: 20 D3 D2
000962r 1  48             PHA                                                 ; $C962: 48
000963r 1  AD 39 00       LDA a:$0039                                         ; $C963: AD 39 00
000966r 1  A0 00          LDY #$00                                            ; $C966: A0 00
000968r 1  20 AB D2       JSR $D2AB                                           ; $C968: 20 AB D2
00096Br 1  85 22          STA $22                                             ; $C96B: 85 22
00096Dr 1  68             PLA                                                 ; $C96D: 68
00096Er 1  85 23          STA $23                                             ; $C96E: 85 23
000970r 1  A9 00          LDA #$00                                            ; $C970: A9 00
000972r 1  85 21          STA $21                                             ; $C972: 85 21
000974r 1  85 24          STA $24                                             ; $C974: 85 24
000976r 1  20 rr rr       JSR Proc_D40F                                       ; $C976: 20 0F D4
000979r 1  60             RTS                                                 ; $C979: 60
00097Ar 1               .endproc
00097Ar 1               LC92B = $C92B
00097Ar 1               LC949 = $C949
00097Ar 1               
00097Ar 1               
00097Ar 1               ;===============================================================================
00097Ar 1               ; $C97A: Proc_C97A
00097Ar 1               ;===============================================================================
00097Ar 1               .proc Proc_C97A
00097Ar 1               
00097Ar 1  AD 39 00       LDA a:$0039                                         ; $C97A: AD 39 00
00097Dr 1  A0 00          LDY #$00                                            ; $C97D: A0 00
00097Fr 1  20 rr rr       JSR Proc_D2D3                                       ; $C97F: 20 D3 D2
000982r 1  48             PHA                                                 ; $C982: 48
000983r 1  AD 39 00       LDA a:$0039                                         ; $C983: AD 39 00
000986r 1  A0 00          LDY #$00                                            ; $C986: A0 00
000988r 1  20 AB D2       JSR $D2AB                                           ; $C988: 20 AB D2
00098Br 1  68             PLA                                                 ; $C98B: 68
00098Cr 1  91 22          STA ($22),Y                                         ; $C98C: 91 22
00098Er 1  60             RTS                                                 ; $C98E: 60
00098Fr 1               .endproc
00098Fr 1               
00098Fr 1               ;===============================================================================
00098Fr 1               ; $C98F: Proc_C98F
00098Fr 1               ;===============================================================================
00098Fr 1               .proc Proc_C98F
00098Fr 1               
00098Fr 1  8D 37 00       STA a:$0037                                         ; $C98F: 8D 37 00
000992r 1  A9 00          LDA #$00                                            ; $C992: A9 00
000994r 1  8D 36 00       STA a:$0036                                         ; $C994: 8D 36 00
000997r 1               LC997:
000997r 1  20 rr rr       JSR Proc_C9A5                                       ; $C997: 20 A5 C9
00099Ar 1  EE 36 00       INC a:$0036                                         ; $C99A: EE 36 00
00099Dr 1  AD 36 00       LDA a:$0036                                         ; $C99D: AD 36 00
0009A0r 1  C9 1E          CMP #$1E                                            ; $C9A0: C9 1E
0009A2r 1  90 F3          BCC LC997                                           ; $C9A2: 90 F3
0009A4r 1               LC9A4:
0009A4r 1  60             RTS                                                 ; $C9A4: 60
0009A5r 1               .endproc
0009A5r 1               LC997 = $C997
0009A5r 1               LC9A4 = $C9A4
0009A5r 1               
0009A5r 1               
0009A5r 1               ;===============================================================================
0009A5r 1               ; $C9A5: Proc_C9A5
0009A5r 1               ;===============================================================================
0009A5r 1               .proc Proc_C9A5
0009A5r 1               
0009A5r 1  AD 36 00       LDA a:$0036                                         ; $C9A5: AD 36 00
0009A8r 1  20 rr rr       JSR Proc_D105                                       ; $C9A8: 20 05 D1
0009ABr 1  29 07          AND #$07                                            ; $C9AB: 29 07
0009ADr 1  CD 37 00       CMP a:$0037                                         ; $C9AD: CD 37 00
0009B0r 1  D0 F2          .byte $D0,$F2                                       ; $C9B0: D0 F2 (BNE cross-proc)
0009B2r 1  A9 11          LDA #$11                                            ; $C9B2: A9 11
0009B4r 1  8D 3A 00       STA a:$003A                                         ; $C9B4: 8D 3A 00
0009B7r 1  A9 00          LDA #$00                                            ; $C9B7: A9 00
0009B9r 1  8D 3B 00       STA a:$003B                                         ; $C9B9: 8D 3B 00
0009BCr 1  A9 FF          LDA #$FF                                            ; $C9BC: A9 FF
0009BEr 1  8D 3C 00       STA a:$003C                                         ; $C9BE: 8D 3C 00
0009C1r 1               LC9C1:
0009C1r 1  AC 3A 00       LDY a:$003A                                         ; $C9C1: AC 3A 00
0009C4r 1  B1 20          LDA ($20),Y                                         ; $C9C4: B1 20
0009C6r 1  C9 FF          CMP #$FF                                            ; $C9C6: C9 FF
0009C8r 1  F0 25          BEQ LC9EF                                           ; $C9C8: F0 25
0009CAr 1  A0 03          LDY #$03                                            ; $C9CA: A0 03
0009CCr 1  20 AB D2       JSR $D2AB                                           ; $C9CC: 20 AB D2
0009CFr 1  C9 64          CMP #$64                                            ; $C9CF: C9 64
0009D1r 1  D0 09          .byte $D0,$09                                       ; $C9D1: D0 09 (BNE mid-instruction target)
0009D3r 1  AD 3A 00       LDA a:$003A                                         ; $C9D3: AD 3A 00
0009D6r 1  8D 3C 00       STA a:$003C                                         ; $C9D6: 8D 3C 00
0009D9r 1  4C rr rr       JMP Proc_C9F9                                       ; $C9D9: 4C F9 C9
0009DCr 1  A0 04          LDY #$04                                            ; $C9DC: A0 04
0009DEr 1  18             CLC                                                 ; $C9DE: 18
0009DFr 1  71 22          ADC ($22),Y                                         ; $C9DF: 71 22
0009E1r 1  CD 3B 00       CMP a:$003B                                         ; $C9E1: CD 3B 00
0009E4r 1  90 09          BCC LC9EF                                           ; $C9E4: 90 09
0009E6r 1  8D 3B 00       STA a:$003B                                         ; $C9E6: 8D 3B 00
0009E9r 1  AD 3A 00       LDA a:$003A                                         ; $C9E9: AD 3A 00
0009ECr 1  8D 3C 00       STA a:$003C                                         ; $C9EC: 8D 3C 00
0009EFr 1               LC9EF:
0009EFr 1  EE 3A 00       INC a:$003A                                         ; $C9EF: EE 3A 00
0009F2r 1  AD 3A 00       LDA a:$003A                                         ; $C9F2: AD 3A 00
0009F5r 1  C9 1B          CMP #$1B                                            ; $C9F5: C9 1B
0009F7r 1  90 C8          BCC LC9C1                                           ; $C9F7: 90 C8
0009F9r 1               .endproc
0009F9r 1               LC9C1 = $C9C1
0009F9r 1               LC9EF = $C9EF
0009F9r 1               
0009F9r 1               
0009F9r 1               ;===============================================================================
0009F9r 1               ; $C9F9: Proc_C9F9
0009F9r 1               ;===============================================================================
0009F9r 1               .proc Proc_C9F9
0009F9r 1               
0009F9r 1  AD 3C 00       LDA a:$003C                                         ; $C9F9: AD 3C 00
0009FCr 1  C9 FF          CMP #$FF                                            ; $C9FC: C9 FF
0009FEr 1  F0 18          .byte $F0,$18                                       ; $C9FE: F0 18 (BEQ mid-instruction target)
000A00r 1  C9 11          CMP #$11                                            ; $CA00: C9 11
000A02r 1  F0 14          .byte $F0,$14                                       ; $CA02: F0 14 (BEQ mid-instruction target)
000A04r 1  A0 11          LDY #$11                                            ; $CA04: A0 11
000A06r 1  B1 20          LDA ($20),Y                                         ; $CA06: B1 20
000A08r 1  48             PHA                                                 ; $CA08: 48
000A09r 1  AC 3C 00       LDY a:$003C                                         ; $CA09: AC 3C 00
000A0Cr 1  B1 20          LDA ($20),Y                                         ; $CA0C: B1 20
000A0Er 1  A0 11          LDY #$11                                            ; $CA0E: A0 11
000A10r 1  91 20          STA ($20),Y                                         ; $CA10: 91 20
000A12r 1  68             PLA                                                 ; $CA12: 68
000A13r 1  AC 3C 00       LDY a:$003C                                         ; $CA13: AC 3C 00
000A16r 1  91 20          STA ($20),Y                                         ; $CA16: 91 20
000A18r 1  60             RTS                                                 ; $CA18: 60
000A19r 1  A9 00          LDA #$00                                            ; $CA19: A9 00
000A1Br 1  8D 40 00       STA a:$0040                                         ; $CA1B: 8D 40 00
000A1Er 1               LCA1E:
000A1Er 1  AD 40 00       LDA a:$0040                                         ; $CA1E: AD 40 00
000A21r 1  20 rr rr       JSR Proc_D319                                       ; $CA21: 20 19 D3
000A24r 1  A0 00          LDY #$00                                            ; $CA24: A0 00
000A26r 1  B1 24          LDA ($24),Y                                         ; $CA26: B1 24
000A28r 1  C9 FF          CMP #$FF                                            ; $CA28: C9 FF
000A2Ar 1  F0 2C          .byte $F0,$2C                                       ; $CA2A: F0 2C (BEQ mid-instruction target)
000A2Cr 1  8D 38 00       STA a:$0038                                         ; $CA2C: 8D 38 00
000A2Fr 1  A0 03          LDY #$03                                            ; $CA2F: A0 03
000A31r 1  B1 24          LDA ($24),Y                                         ; $CA31: B1 24
000A33r 1  C9 03          CMP #$03                                            ; $CA33: C9 03
000A35r 1  D0 21          .byte $D0,$21                                       ; $CA35: D0 21 (BNE mid-instruction target)
000A37r 1  AD 38 00       LDA a:$0038                                         ; $CA37: AD 38 00
000A3Ar 1  A0 0B          LDY #$0B                                            ; $CA3A: A0 0B
000A3Cr 1  20 AB D2       JSR $D2AB                                           ; $CA3C: 20 AB D2
000A3Fr 1  29 03          AND #$03                                            ; $CA3F: 29 03
000A41r 1  C9 02          CMP #$02                                            ; $CA41: C9 02
000A43r 1  F0 0D          BEQ LCA52                                           ; $CA43: F0 0D
000A45r 1  A0 0B          LDY #$0B                                            ; $CA45: A0 0B
000A47r 1  B1 22          LDA ($22),Y                                         ; $CA47: B1 22
000A49r 1  29 FC          AND #$FC                                            ; $CA49: 29 FC
000A4Br 1  09 03          ORA #$03                                            ; $CA4B: 09 03
000A4Dr 1  91 22          STA ($22),Y                                         ; $CA4D: 91 22
000A4Fr 1  20 68 CA       JSR $CA68                                           ; $CA4F: 20 68 CA
000A52r 1               LCA52:
000A52r 1  AD 40 00       LDA a:$0040                                         ; $CA52: AD 40 00
000A55r 1  20 rr rr       JSR Proc_C98F                                       ; $CA55: 20 8F C9
000A58r 1  EE 40 00       INC a:$0040                                         ; $CA58: EE 40 00
000A5Br 1  AD 40 00       LDA a:$0040                                         ; $CA5B: AD 40 00
000A5Er 1  C9 07          CMP #$07                                            ; $CA5E: C9 07
000A60r 1  90 BC          BCC LCA1E                                           ; $CA60: 90 BC
000A62r 1  20 rr rr       JSR Proc_D249                                       ; $CA62: 20 49 D2
000A65r 1  4C C7 BE       JMP $BEC7                                           ; $CA65: 4C C7 BE
000A68r 1  20 87 CA       JSR $CA87                                           ; $CA68: 20 87 CA
000A6Br 1  20 rr rr       JSR Proc_CB05                                       ; $CA6B: 20 05 CB
000A6Er 1  AD 40 00       LDA a:$0040                                         ; $CA6E: AD 40 00
000A71r 1  20 rr rr       JSR Proc_D319                                       ; $CA71: 20 19 D3
000A74r 1  A0 00          LDY #$00                                            ; $CA74: A0 00
000A76r 1  A9 FF          LDA #$FF                                            ; $CA76: A9 FF
000A78r 1  91 24          STA ($24),Y                                         ; $CA78: 91 24
000A7Ar 1  A9 FB          LDA #$FB                                            ; $CA7A: A9 FB
000A7Cr 1  8D 8B 6F       STA $6F8B                                           ; $CA7C: 8D 8B 6F
000A7Fr 1               LCA7F:
000A7Fr 1  AD 8B 6F       LDA $6F8B                                           ; $CA7F: AD 8B 6F
000A82r 1  C9 01          CMP #$01                                            ; $CA82: C9 01
000A84r 1  D0 F9          BNE LCA7F                                           ; $CA84: D0 F9
000A86r 1  60             RTS                                                 ; $CA86: 60
000A87r 1  AD 40 00       LDA a:$0040                                         ; $CA87: AD 40 00
000A8Ar 1  0A             ASL A                                               ; $CA8A: 0A
000A8Br 1  A8             TAY                                                 ; $CA8B: A8
000A8Cr 1  B9 D8 CA       LDA $CAD8,Y                                         ; $CA8C: B9 D8 CA
000A8Fr 1  85 24          STA $24                                             ; $CA8F: 85 24
000A91r 1  B9 D9 CA       LDA $CAD9,Y                                         ; $CA91: B9 D9 CA
000A94r 1  85 25          STA $25                                             ; $CA94: 85 25
000A96r 1  A9 00          LDA #$00                                            ; $CA96: A9 00
000A98r 1  85 26          STA $26                                             ; $CA98: 85 26
000A9Ar 1  A4 26          LDY $26                                             ; $CA9A: A4 26
000A9Cr 1  B1 24          LDA ($24),Y                                         ; $CA9C: B1 24
000A9Er 1  C9 FF          CMP #$FF                                            ; $CA9E: C9 FF
000AA0r 1  F0 0A          BEQ LCAAC                                           ; $CAA0: F0 0A
000AA2r 1  85 27          STA $27                                             ; $CAA2: 85 27
000AA4r 1  20 rr rr       JSR Proc_CAAD                                       ; $CAA4: 20 AD CA
000AA7r 1  E6 26          INC $26                                             ; $CAA7: E6 26
000AA9r 1  4C 9A CA       JMP $CA9A                                           ; $CAA9: 4C 9A CA
000AACr 1               LCAAC:
000AACr 1  60             RTS                                                 ; $CAAC: 60
000AADr 1               .endproc
000AADr 1               LCA1E = $CA1E
000AADr 1               LCA52 = $CA52
000AADr 1               LCA7F = $CA7F
000AADr 1               LCAAC = $CAAC
000AADr 1               
000AADr 1               
000AADr 1               ;===============================================================================
000AADr 1               ; $CAAD: Proc_CAAD
000AADr 1               ;===============================================================================
000AADr 1               .proc Proc_CAAD
000AADr 1               
000AADr 1  A9 00          LDA #$00                                            ; $CAAD: A9 00
000AAFr 1  85 2A          STA $2A                                             ; $CAAF: 85 2A
000AB1r 1               LCAB1:
000AB1r 1  A5 2A          LDA $2A                                             ; $CAB1: A5 2A
000AB3r 1  20 rr rr       JSR Proc_D105                                       ; $CAB3: 20 05 D1
000AB6r 1  CD 40 00       CMP a:$0040                                         ; $CAB6: CD 40 00
000AB9r 1  D0 0D          .byte $D0,$0D                                       ; $CAB9: D0 0D (BNE mid-instruction target)
000ABBr 1  A0 11          LDY #$11                                            ; $CABB: A0 11
000ABDr 1  B1 20          LDA ($20),Y                                         ; $CABD: B1 20
000ABFr 1  C5 27          CMP $27                                             ; $CABF: C5 27
000AC1r 1  F0 0E          BEQ LCAD1                                           ; $CAC1: F0 0E
000AC3r 1  C8             INY                                                 ; $CAC3: C8
000AC4r 1  C0 1B          CPY #$1B                                            ; $CAC4: C0 1B
000AC6r 1  90 F5          .byte $90,$F5                                       ; $CAC6: 90 F5 (BCC mid-instruction target)
000AC8r 1  E6 2A          INC $2A                                             ; $CAC8: E6 2A
000ACAr 1  A5 2A          LDA $2A                                             ; $CACA: A5 2A
000ACCr 1  C9 1E          CMP #$1E                                            ; $CACC: C9 1E
000ACEr 1  90 E1          BCC LCAB1                                           ; $CACE: 90 E1
000AD0r 1  60             RTS                                                 ; $CAD0: 60
000AD1r 1               LCAD1:
000AD1r 1  68             PLA                                                 ; $CAD1: 68
000AD2r 1  68             PLA                                                 ; $CAD2: 68
000AD3r 1  68             PLA                                                 ; $CAD3: 68
000AD4r 1  68             PLA                                                 ; $CAD4: 68
000AD5r 1  4C rr rr       JMP Proc_CB52                                       ; $CAD5: 4C 52 CB
000AD8r 1               .endproc
000AD8r 1               LCAB1 = $CAB1
000AD8r 1               LCAD1 = $CAD1
000AD8r 1               
000AD8r 1               
000AD8r 1               ;===============================================================================
000AD8r 1               ; $CAD8: Proc_CAD8
000AD8r 1               ;===============================================================================
000AD8r 1               .proc Proc_CAD8
000AD8r 1               
000AD8r 1  E6 CA          INC $CA                                             ; $CAD8: E6 CA
000ADAr 1  EA             NOP                                                 ; $CADA: EA
000ADBr 1  CA             DEX                                                 ; $CADB: CA
000ADCr 1  ED CA F4       SBC $F4CA                                           ; $CADC: ED CA F4
000ADFr 1  CA             DEX                                                 ; $CADF: CA
000AE0r 1  F8             SED                                                 ; $CAE0: F8
000AE1r 1  CA             DEX                                                 ; $CAE1: CA
000AE2r 1  FD CA 00       SBC a:$00CA,X                                       ; $CAE2: FD CA 00
000AE5r 1  CB DA DB D3    .byte $CB,$DA,$DB,$D3,$FF,$09,$07,$FF,$84,$7B,$7F,$80,$85,$82,$FF,$89; $CAE5: CB DA DB D3 FF 09 07 FF 84 7B 7F 80 85 82 FF 89
000AE9r 1  FF 09 07 FF  
000AEDr 1  84 7B 7F 80  
000AF5r 1  8B 5D FF E0    .byte $8B,$5D,$FF,$E0,$6D,$26,$99,$FF,$42,$97,$FF,$B4,$B0,$B5,$B3,$FF; $CAF5: 8B 5D FF E0 6D 26 99 FF 42 97 FF B4 B0 B5 B3 FF
000AF9r 1  6D 26 99 FF  
000AFDr 1  42 97 FF B4  
000B05r 1               .endproc
000B05r 1               
000B05r 1               ;===============================================================================
000B05r 1               ; $CB05: Proc_CB05
000B05r 1               ;===============================================================================
000B05r 1               .proc Proc_CB05
000B05r 1               
000B05r 1  A9 00          LDA #$00                                            ; $CB05: A9 00
000B07r 1  85 2A          STA $2A                                             ; $CB07: 85 2A
000B09r 1  85 2B          STA $2B                                             ; $CB09: 85 2B
000B0Br 1  A9 FF          LDA #$FF                                            ; $CB0B: A9 FF
000B0Dr 1  85 27          STA $27                                             ; $CB0D: 85 27
000B0Fr 1               LCB0F:
000B0Fr 1  A5 2A          LDA $2A                                             ; $CB0F: A5 2A
000B11r 1  20 rr rr       JSR Proc_D105                                       ; $CB11: 20 05 D1
000B14r 1  CD 40 00       CMP a:$0040                                         ; $CB14: CD 40 00
000B17r 1  D0 25          BNE LCB3E                                           ; $CB17: D0 25
000B19r 1  A0 11          LDY #$11                                            ; $CB19: A0 11
000B1Br 1  84 24          STY $24                                             ; $CB1B: 84 24
000B1Dr 1  A4 24          LDY $24                                             ; $CB1D: A4 24
000B1Fr 1  B1 20          LDA ($20),Y                                         ; $CB1F: B1 20
000B21r 1  C9 FF          CMP #$FF                                            ; $CB21: C9 FF
000B23r 1  F0 11          BEQ LCB36                                           ; $CB23: F0 11
000B25r 1  A0 04          LDY #$04                                            ; $CB25: A0 04
000B27r 1  20 AB D2       JSR $D2AB                                           ; $CB27: 20 AB D2
000B2Ar 1  C5 2B          CMP $2B                                             ; $CB2A: C5 2B
000B2Cr 1  90 08          BCC LCB36                                           ; $CB2C: 90 08
000B2Er 1  85 2B          STA $2B                                             ; $CB2E: 85 2B
000B30r 1  A4 24          LDY $24                                             ; $CB30: A4 24
000B32r 1  B1 20          LDA ($20),Y                                         ; $CB32: B1 20
000B34r 1  85 27          STA $27                                             ; $CB34: 85 27
000B36r 1               LCB36:
000B36r 1  E6 24          INC $24                                             ; $CB36: E6 24
000B38r 1  A5 24          LDA $24                                             ; $CB38: A5 24
000B3Ar 1  C9 1B          CMP #$1B                                            ; $CB3A: C9 1B
000B3Cr 1  90 DF          .byte $90,$DF                                       ; $CB3C: 90 DF (BCC mid-instruction target)
000B3Er 1               LCB3E:
000B3Er 1  E6 2A          INC $2A                                             ; $CB3E: E6 2A
000B40r 1  A5 2A          LDA $2A                                             ; $CB40: A5 2A
000B42r 1  C9 1E          CMP #$1E                                            ; $CB42: C9 1E
000B44r 1  90 C9          BCC LCB0F                                           ; $CB44: 90 C9
000B46r 1  A5 27          LDA $27                                             ; $CB46: A5 27
000B48r 1  C9 FF          CMP #$FF                                            ; $CB48: C9 FF
000B4Ar 1  F0 05          BEQ LCB51                                           ; $CB4A: F0 05
000B4Cr 1  68             PLA                                                 ; $CB4C: 68
000B4Dr 1  68             PLA                                                 ; $CB4D: 68
000B4Er 1  4C rr rr       JMP Proc_CB52                                       ; $CB4E: 4C 52 CB
000B51r 1               LCB51:
000B51r 1  60             RTS                                                 ; $CB51: 60
000B52r 1               .endproc
000B52r 1               LCB0F = $CB0F
000B52r 1               LCB36 = $CB36
000B52r 1               LCB3E = $CB3E
000B52r 1               LCB51 = $CB51
000B52r 1               
000B52r 1               
000B52r 1               ;===============================================================================
000B52r 1               ; $CB52: Proc_CB52
000B52r 1               ;===============================================================================
000B52r 1               .proc Proc_CB52
000B52r 1               
000B52r 1  AD 40 00       LDA a:$0040                                         ; $CB52: AD 40 00
000B55r 1  20 rr rr       JSR Proc_D319                                       ; $CB55: 20 19 D3
000B58r 1  A0 00          LDY #$00                                            ; $CB58: A0 00
000B5Ar 1  B1 24          LDA ($24),Y                                         ; $CB5A: B1 24
000B5Cr 1  85 33          STA $33                                             ; $CB5C: 85 33
000B5Er 1  A5 27          LDA $27                                             ; $CB5E: A5 27
000B60r 1  91 24          STA ($24),Y                                         ; $CB60: 91 24
000B62r 1  A0 03          LDY #$03                                            ; $CB62: A0 03
000B64r 1  20 AB D2       JSR $D2AB                                           ; $CB64: 20 AB D2
000B67r 1  A9 64          LDA #$64                                            ; $CB67: A9 64
000B69r 1  91 22          STA ($22),Y                                         ; $CB69: 91 22
000B6Br 1  A5 27          LDA $27                                             ; $CB6B: A5 27
000B6Dr 1  48             PHA                                                 ; $CB6D: 48
000B6Er 1  20 81 CB       JSR $CB81                                           ; $CB6E: 20 81 CB
000B71r 1  68             PLA                                                 ; $CB71: 68
000B72r 1  85 27          STA $27                                             ; $CB72: 85 27
000B74r 1  A9 FC          LDA #$FC                                            ; $CB74: A9 FC
000B76r 1  8D 8B 6F       STA $6F8B                                           ; $CB76: 8D 8B 6F
000B79r 1               LCB79:
000B79r 1  AD 8B 6F       LDA $6F8B                                           ; $CB79: AD 8B 6F
000B7Cr 1  C9 01          CMP #$01                                            ; $CB7C: C9 01
000B7Er 1  D0 F9          BNE LCB79                                           ; $CB7E: D0 F9
000B80r 1  60             RTS                                                 ; $CB80: 60
000B81r 1  A5 27          LDA $27                                             ; $CB81: A5 27
000B83r 1  85 30          STA $30                                             ; $CB83: 85 30
000B85r 1  A9 00          LDA #$00                                            ; $CB85: A9 00
000B87r 1  8D 45 00       STA a:$0045                                         ; $CB87: 8D 45 00
000B8Ar 1               LCB8A:
000B8Ar 1  AD 45 00       LDA a:$0045                                         ; $CB8A: AD 45 00
000B8Dr 1  20 rr rr       JSR Proc_D105                                       ; $CB8D: 20 05 D1
000B90r 1  CD 40 00       CMP a:$0040                                         ; $CB90: CD 40 00
000B93r 1  D0 03          BNE LCB98                                           ; $CB93: D0 03
000B95r 1  20 rr rr       JSR Proc_CBA3                                       ; $CB95: 20 A3 CB
000B98r 1               LCB98:
000B98r 1  EE 45 00       INC a:$0045                                         ; $CB98: EE 45 00
000B9Br 1  AD 45 00       LDA a:$0045                                         ; $CB9B: AD 45 00
000B9Er 1  C9 1E          CMP #$1E                                            ; $CB9E: C9 1E
000BA0r 1  90 E8          BCC LCB8A                                           ; $CBA0: 90 E8
000BA2r 1  60             RTS                                                 ; $CBA2: 60
000BA3r 1               .endproc
000BA3r 1               LCB79 = $CB79
000BA3r 1               LCB8A = $CB8A
000BA3r 1               LCB98 = $CB98
000BA3r 1               
000BA3r 1               
000BA3r 1               ;===============================================================================
000BA3r 1               ; $CBA3: Proc_CBA3
000BA3r 1               ;===============================================================================
000BA3r 1               .proc Proc_CBA3
000BA3r 1               
000BA3r 1  A9 11          LDA #$11                                            ; $CBA3: A9 11
000BA5r 1  8D 44 00       STA a:$0044                                         ; $CBA5: 8D 44 00
000BA8r 1               LCBA8:
000BA8r 1  AD 45 00       LDA a:$0045                                         ; $CBA8: AD 45 00
000BABr 1  20 rr rr       JSR Proc_D105                                       ; $CBAB: 20 05 D1
000BAEr 1  AC 44 00       LDY a:$0044                                         ; $CBAE: AC 44 00
000BB1r 1  B1 20          LDA ($20),Y                                         ; $CBB1: B1 20
000BB3r 1  C9 FF          CMP #$FF                                            ; $CBB3: C9 FF
000BB5r 1  F0 E1          .byte $F0,$E1                                       ; $CBB5: F0 E1 (BEQ cross-proc)
000BB7r 1  C5 30          CMP $30                                             ; $CBB7: C5 30
000BB9r 1  F0 DD          .byte $F0,$DD                                       ; $CBB9: F0 DD (BEQ cross-proc)
000BBBr 1  85 31          STA $31                                             ; $CBBB: 85 31
000BBDr 1  AD 40 00       LDA a:$0040                                         ; $CBBD: AD 40 00
000BC0r 1  85 32          STA $32                                             ; $CBC0: 85 32
000BC2r 1  20 rr rr       JSR B0B_DataRecordLookup                            ; $CBC2: 20 7C CF
000BC5r 1  A5 31          LDA $31                                             ; $CBC5: A5 31
000BC7r 1  A0 03          LDY #$03                                            ; $CBC7: A0 03
000BC9r 1  20 AB D2       JSR $D2AB                                           ; $CBC9: 20 AB D2
000BCCr 1  C9 1F          CMP #$1F                                            ; $CBCC: C9 1F
000BCEr 1  B0 1B          BCS LCBEB                                           ; $CBCE: B0 1B
000BD0r 1  A9 64          LDA #$64                                            ; $CBD0: A9 64
000BD2r 1  20 rr rr       JSR Proc_D4BB                                       ; $CBD2: 20 BB D4
000BD5r 1  C9 14          CMP #$14                                            ; $CBD5: C9 14
000BD7r 1  B0 12          BCS LCBEB                                           ; $CBD7: B0 12
000BD9r 1  A5 31          LDA $31                                             ; $CBD9: A5 31
000BDBr 1  A0 0B          LDY #$0B                                            ; $CBDB: A0 0B
000BDDr 1  20 AB D2       JSR $D2AB                                           ; $CBDD: 20 AB D2
000BE0r 1  29 FC          AND #$FC                                            ; $CBE0: 29 FC
000BE2r 1  91 22          STA ($22),Y                                         ; $CBE2: 91 22
000BE4r 1  A0 05          LDY #$05                                            ; $CBE4: A0 05
000BE6r 1  AD 45 00       LDA a:$0045                                         ; $CBE6: AD 45 00
000BE9r 1  91 22          STA ($22),Y                                         ; $CBE9: 91 22
000BEBr 1               LCBEB:
000BEBr 1  EE 44 00       INC a:$0044                                         ; $CBEB: EE 44 00
000BEEr 1  AD 44 00       LDA a:$0044                                         ; $CBEE: AD 44 00
000BF1r 1  C9 1B          CMP #$1B                                            ; $CBF1: C9 1B
000BF3r 1  90 B3          BCC LCBA8                                           ; $CBF3: 90 B3
000BF5r 1  AD 45 00       LDA a:$0045                                         ; $CBF5: AD 45 00
000BF8r 1  20 rr rr       JSR Proc_D3DD                                       ; $CBF8: 20 DD D3
000BFBr 1  AD 45 00       LDA a:$0045                                         ; $CBFB: AD 45 00
000BFEr 1  20 rr rr       JSR Proc_D304                                       ; $CBFE: 20 04 D3
000C01r 1  C9 00          CMP #$00                                            ; $CC01: C9 00
000C03r 1  D0 0C          .byte $D0,$0C                                       ; $CC03: D0 0C (BNE mid-instruction target)
000C05r 1  AD 45 00       LDA a:$0045                                         ; $CC05: AD 45 00
000C08r 1  20 rr rr       JSR Proc_D105                                       ; $CC08: 20 05 D1
000C0Br 1  A0 00          LDY #$00                                            ; $CC0B: A0 00
000C0Dr 1  A9 07          LDA #$07                                            ; $CC0D: A9 07
000C0Fr 1  91 20          STA ($20),Y                                         ; $CC0F: 91 20
000C11r 1  60             RTS                                                 ; $CC11: 60
000C12r 1  A0 FF          LDY #$FF                                            ; $CC12: A0 FF
000C14r 1  8C 36 00       STY a:$0036                                         ; $CC14: 8C 36 00
000C17r 1               LCC17:
000C17r 1  EE 36 00       INC a:$0036                                         ; $CC17: EE 36 00
000C1Ar 1  AD 36 00       LDA a:$0036                                         ; $CC1A: AD 36 00
000C1Dr 1  C9 1E          CMP #$1E                                            ; $CC1D: C9 1E
000C1Fr 1  90 01          BCC LCC22                                           ; $CC1F: 90 01
000C21r 1  60             RTS                                                 ; $CC21: 60
000C22r 1               LCC22:
000C22r 1  AD 36 00       LDA a:$0036                                         ; $CC22: AD 36 00
000C25r 1  20 rr rr       JSR Proc_D105                                       ; $CC25: 20 05 D1
000C28r 1  29 07          AND #$07                                            ; $CC28: 29 07
000C2Ar 1  CD 03 6F       CMP $6F03                                           ; $CC2A: CD 03 6F
000C2Dr 1  D0 E8          BNE LCC17                                           ; $CC2D: D0 E8
000C2Fr 1  A0 02          LDY #$02                                            ; $CC2F: A0 02
000C31r 1  B1 20          LDA ($20),Y                                         ; $CC31: B1 20
000C33r 1  38             SEC                                                 ; $CC33: 38
000C34r 1  E9 32          SBC #$32                                            ; $CC34: E9 32
000C36r 1  C8             INY                                                 ; $CC36: C8
000C37r 1  B1 20          LDA ($20),Y                                         ; $CC37: B1 20
000C39r 1  E9 00          SBC #$00                                            ; $CC39: E9 00
000C3Br 1  B0 DA          BCS LCC17                                           ; $CC3B: B0 DA
000C3Dr 1  A0 30          LDY #$30                                            ; $CC3D: A0 30
000C3Fr 1  20 66 F2       JSR B1F_SwitchBank8_A                               ; $CC3F: 20 66 F2
000C42r 1  AC 36 00       LDY a:$0036                                         ; $CC42: AC 36 00
000C45r 1  B9 FC 8F       LDA $8FFC,Y                                         ; $CC45: B9 FC 8F
000C48r 1  29 04          AND #$04                                            ; $CC48: 29 04
000C4Ar 1  F0 CB          BEQ LCC17                                           ; $CC4A: F0 CB
000C4Cr 1  20 F8 CC       JSR $CCF8                                           ; $CC4C: 20 F8 CC
000C4Fr 1  AD 36 00       LDA a:$0036                                         ; $CC4F: AD 36 00
000C52r 1  20 rr rr       JSR Proc_D105                                       ; $CC52: 20 05 D1
000C55r 1  A0 04          LDY #$04                                            ; $CC55: A0 04
000C57r 1  B1 20          LDA ($20),Y                                         ; $CC57: B1 20
000C59r 1  38             SEC                                                 ; $CC59: 38
000C5Ar 1  ED 39 00       SBC a:$0039                                         ; $CC5A: ED 39 00
000C5Dr 1  8D 39 00       STA a:$0039                                         ; $CC5D: 8D 39 00
000C60r 1  C8             INY                                                 ; $CC60: C8
000C61r 1  B1 20          LDA ($20),Y                                         ; $CC61: B1 20
000C63r 1  ED 3A 00       SBC a:$003A                                         ; $CC63: ED 3A 00
000C66r 1  8D 3A 00       STA a:$003A                                         ; $CC66: 8D 3A 00
000C69r 1  90 AC          BCC LCC17                                           ; $CC69: 90 AC
000C6Br 1  AD 39 00       LDA a:$0039                                         ; $CC6B: AD 39 00
000C6Er 1  38             SEC                                                 ; $CC6E: 38
000C6Fr 1  E9 2C          SBC #$2C                                            ; $CC6F: E9 2C
000C71r 1  AD 3A 00       LDA a:$003A                                         ; $CC71: AD 3A 00
000C74r 1  E9 01          SBC #$01                                            ; $CC74: E9 01
000C76r 1  90 0A          BCC LCC82                                           ; $CC76: 90 0A
000C78r 1  A9 2C          LDA #$2C                                            ; $CC78: A9 2C
000C7Ar 1  8D 39 00       STA a:$0039                                         ; $CC7A: 8D 39 00
000C7Dr 1  A9 01          LDA #$01                                            ; $CC7D: A9 01
000C7Fr 1  8D 3A 00       STA a:$003A                                         ; $CC7F: 8D 3A 00
000C82r 1               LCC82:
000C82r 1  A0 04          LDY #$04                                            ; $CC82: A0 04
000C84r 1  B1 20          LDA ($20),Y                                         ; $CC84: B1 20
000C86r 1  38             SEC                                                 ; $CC86: 38
000C87r 1  ED 39 00       SBC a:$0039                                         ; $CC87: ED 39 00
000C8Ar 1  91 20          STA ($20),Y                                         ; $CC8A: 91 20
000C8Cr 1  C8             INY                                                 ; $CC8C: C8
000C8Dr 1  B1 20          LDA ($20),Y                                         ; $CC8D: B1 20
000C8Fr 1  ED 3A 00       SBC a:$003A                                         ; $CC8F: ED 3A 00
000C92r 1  91 20          STA ($20),Y                                         ; $CC92: 91 20
000C94r 1  A0 30          LDY #$30                                            ; $CC94: A0 30
000C96r 1  20 66 F2       JSR B1F_SwitchBank8_A                               ; $CC96: 20 66 F2
000C99r 1  AD 36 00       LDA a:$0036                                         ; $CC99: AD 36 00
000C9Cr 1  0A             ASL A                                               ; $CC9C: 0A
000C9Dr 1  A8             TAY                                                 ; $CC9D: A8
000C9Er 1  B9 C0 8F       LDA $8FC0,Y                                         ; $CC9E: B9 C0 8F
000CA1r 1  85 23          STA $23                                             ; $CCA1: 85 23
000CA3r 1  AD 39 00       LDA a:$0039                                         ; $CCA3: AD 39 00
000CA6r 1  85 20          STA $20                                             ; $CCA6: 85 20
000CA8r 1  AD 3A 00       LDA a:$003A                                         ; $CCA8: AD 3A 00
000CABr 1  85 21          STA $21                                             ; $CCAB: 85 21
000CADr 1  A9 00          LDA #$00                                            ; $CCAD: A9 00
000CAFr 1  85 22          STA $22                                             ; $CCAF: 85 22
000CB1r 1  20 rr rr       JSR Proc_D438                                       ; $CCB1: 20 38 D4
000CB4r 1  A5 26          LDA $26                                             ; $CCB4: A5 26
000CB6r 1  85 20          STA $20                                             ; $CCB6: 85 20
000CB8r 1  A5 27          LDA $27                                             ; $CCB8: A5 27
000CBAr 1  85 21          STA $21                                             ; $CCBA: 85 21
000CBCr 1  A5 28          LDA $28                                             ; $CCBC: A5 28
000CBEr 1  85 22          STA $22                                             ; $CCBE: 85 22
000CC0r 1  A9 64          LDA #$64                                            ; $CCC0: A9 64
000CC2r 1  85 23          STA $23                                             ; $CCC2: 85 23
000CC4r 1  A9 00          LDA #$00                                            ; $CCC4: A9 00
000CC6r 1  85 24          STA $24                                             ; $CCC6: 85 24
000CC8r 1  20 rr rr       JSR Proc_D336                                       ; $CCC8: 20 36 D3
000CCBr 1  A5 20          LDA $20                                             ; $CCCB: A5 20
000CCDr 1  8D 39 00       STA a:$0039                                         ; $CCCD: 8D 39 00
000CD0r 1  A5 21          LDA $21                                             ; $CCD0: A5 21
000CD2r 1  8D 3A 00       STA a:$003A                                         ; $CCD2: 8D 3A 00
000CD5r 1  AD 36 00       LDA a:$0036                                         ; $CCD5: AD 36 00
000CD8r 1  20 rr rr       JSR Proc_D105                                       ; $CCD8: 20 05 D1
000CDBr 1  A0 02          LDY #$02                                            ; $CCDB: A0 02
000CDDr 1  B1 20          LDA ($20),Y                                         ; $CCDD: B1 20
000CDFr 1  18             CLC                                                 ; $CCDF: 18
000CE0r 1  6D 39 00       ADC a:$0039                                         ; $CCE0: 6D 39 00
000CE3r 1  91 20          STA ($20),Y                                         ; $CCE3: 91 20
000CE5r 1  C8             INY                                                 ; $CCE5: C8
000CE6r 1  B1 20          LDA ($20),Y                                         ; $CCE6: B1 20
000CE8r 1  6D 3A 00       ADC a:$003A                                         ; $CCE8: 6D 3A 00
000CEBr 1  91 20          STA ($20),Y                                         ; $CCEB: 91 20
000CEDr 1  20 rr rr       JSR Proc_D69D                                       ; $CCED: 20 9D D6
000CF0r 1  A9 02          LDA #$02                                            ; $CCF0: A9 02
000CF2r 1  20 rr rr       JSR Proc_D165                                       ; $CCF2: 20 65 D1
000CF5r 1  4C rr rr       JMP LCC17                                           ; $CCF5: 4C 17 CC
000CF8r 1  AD 36 00       LDA a:$0036                                         ; $CCF8: AD 36 00
000CFBr 1  20 rr rr       JSR Proc_D105                                       ; $CCFB: 20 05 D1
000CFEr 1  A9 11          LDA #$11                                            ; $CCFE: A9 11
000D00r 1  8D 37 00       STA a:$0037                                         ; $CD00: 8D 37 00
000D03r 1  A9 00          LDA #$00                                            ; $CD03: A9 00
000D05r 1  8D 38 00       STA a:$0038                                         ; $CD05: 8D 38 00
000D08r 1  8D 39 00       STA a:$0039                                         ; $CD08: 8D 39 00
000D0Br 1  AC 37 00       LDY a:$0037                                         ; $CD0B: AC 37 00
000D0Er 1  B1 20          LDA ($20),Y                                         ; $CD0E: B1 20
000D10r 1  C9 FF          CMP #$FF                                            ; $CD10: C9 FF
000D12r 1  F0 15          .byte $F0,$15                                       ; $CD12: F0 15 (BEQ mid-instruction target)
000D14r 1  A0 08          LDY #$08                                            ; $CD14: A0 08
000D16r 1  20 AB D2       JSR $D2AB                                           ; $CD16: 20 AB D2
000D19r 1  18             CLC                                                 ; $CD19: 18
000D1Ar 1  6D 38 00       ADC a:$0038                                         ; $CD1A: 6D 38 00
000D1Dr 1  8D 38 00       STA a:$0038                                         ; $CD1D: 8D 38 00
000D20r 1  C8             INY                                                 ; $CD20: C8
000D21r 1  AD 39 00       LDA a:$0039                                         ; $CD21: AD 39 00
000D24r 1  71 22          ADC ($22),Y                                         ; $CD24: 71 22
000D26r 1  8D 39 00       STA a:$0039                                         ; $CD26: 8D 39 00
000D29r 1  EE 37 00       INC a:$0037                                         ; $CD29: EE 37 00
000D2Cr 1  AD 37 00       LDA a:$0037                                         ; $CD2C: AD 37 00
000D2Fr 1  C9 1B          CMP #$1B                                            ; $CD2F: C9 1B
000D31r 1  90 D8          .byte $90,$D8                                       ; $CD31: 90 D8 (BCC mid-instruction target)
000D33r 1  AD 38 00       LDA a:$0038                                         ; $CD33: AD 38 00
000D36r 1  85 21          STA $21                                             ; $CD36: 85 21
000D38r 1  AD 39 00       LDA a:$0039                                         ; $CD38: AD 39 00
000D3Br 1  85 22          STA $22                                             ; $CD3B: 85 22
000D3Dr 1  0E 38 00       ASL a:$0038                                         ; $CD3D: 0E 38 00
000D40r 1  2E 39 00       ROL a:$0039                                         ; $CD40: 2E 39 00
000D43r 1  AD 38 00       LDA a:$0038                                         ; $CD43: AD 38 00
000D46r 1  18             CLC                                                 ; $CD46: 18
000D47r 1  65 21          ADC $21                                             ; $CD47: 65 21
000D49r 1  85 21          STA $21                                             ; $CD49: 85 21
000D4Br 1  AD 39 00       LDA a:$0039                                         ; $CD4B: AD 39 00
000D4Er 1  65 22          ADC $22                                             ; $CD4E: 65 22
000D50r 1  85 22          STA $22                                             ; $CD50: 85 22
000D52r 1  A9 19          LDA #$19                                            ; $CD52: A9 19
000D54r 1  85 23          STA $23                                             ; $CD54: 85 23
000D56r 1  A9 00          LDA #$00                                            ; $CD56: A9 00
000D58r 1  85 24          STA $24                                             ; $CD58: 85 24
000D5Ar 1  20 rr rr       JSR Proc_D40F                                       ; $CD5A: 20 0F D4
000D5Dr 1  A5 21          LDA $21                                             ; $CD5D: A5 21
000D5Fr 1  8D 39 00       STA a:$0039                                         ; $CD5F: 8D 39 00
000D62r 1  A5 22          LDA $22                                             ; $CD62: A5 22
000D64r 1  8D 3A 00       STA a:$003A                                         ; $CD64: 8D 3A 00
000D67r 1  60             RTS                                                 ; $CD67: 60
000D68r 1               .endproc
000D68r 1               LCBA8 = $CBA8
000D68r 1               LCBEB = $CBEB
000D68r 1               LCC17 = $CC17
000D68r 1               LCC22 = $CC22
000D68r 1               LCC82 = $CC82
000D68r 1               
000D68r 1               
000D68r 1               ;===============================================================================
000D68r 1               ; $CD68: Proc_CD68
000D68r 1               ;===============================================================================
000D68r 1               .proc Proc_CD68
000D68r 1               
000D68r 1  A9 0A          LDA #$0A                                            ; $CD68: A9 0A
000D6Ar 1  20 rr rr       JSR Proc_D4AD                                       ; $CD6A: 20 AD D4
000D6Dr 1  18             CLC                                                 ; $CD6D: 18
000D6Er 1  69 0A          ADC #$0A                                            ; $CD6E: 69 0A
000D70r 1  A0 06          LDY #$06                                            ; $CD70: A0 06
000D72r 1  8C 36 00       STY a:$0036                                         ; $CD72: 8C 36 00
000D75r 1  20 rr rr       JSR Proc_CDB9                                       ; $CD75: 20 B9 CD
000D78r 1  20 9A CD       JSR $CD9A                                           ; $CD78: 20 9A CD
000D7Br 1  A0 08          LDY #$08                                            ; $CD7B: A0 08
000D7Dr 1  8C 36 00       STY a:$0036                                         ; $CD7D: 8C 36 00
000D80r 1  20 rr rr       JSR Proc_CDB9                                       ; $CD80: 20 B9 CD
000D83r 1  20 9A CD       JSR $CD9A                                           ; $CD83: 20 9A CD
000D86r 1  A0 0E          LDY #$0E                                            ; $CD86: A0 0E
000D88r 1  8C 36 00       STY a:$0036                                         ; $CD88: 8C 36 00
000D8Br 1  20 rr rr       JSR Proc_CDB9                                       ; $CD8B: 20 B9 CD
000D8Er 1  20 9A CD       JSR $CD9A                                           ; $CD8E: 20 9A CD
000D91r 1  A0 0B          LDY #$0B                                            ; $CD91: A0 0B
000D93r 1  8C 36 00       STY a:$0036                                         ; $CD93: 8C 36 00
000D96r 1  20 1B CE       JSR $CE1B                                           ; $CD96: 20 1B CE
000D99r 1  60             RTS                                                 ; $CD99: 60
000D9Ar 1  A0 0A          LDY #$0A                                            ; $CD9A: A0 0A
000D9Cr 1  AD 8D 6F       LDA $6F8D                                           ; $CD9C: AD 8D 6F
000D9Fr 1  C9 05          CMP #$05                                            ; $CD9F: C9 05
000DA1r 1  90 14          BCC LCDB7                                           ; $CDA1: 90 14
000DA3r 1  A0 14          LDY #$14                                            ; $CDA3: A0 14
000DA5r 1  C9 0A          CMP #$0A                                            ; $CDA5: C9 0A
000DA7r 1  90 0E          BCC LCDB7                                           ; $CDA7: 90 0E
000DA9r 1  A0 1E          LDY #$1E                                            ; $CDA9: A0 1E
000DABr 1  C9 0F          CMP #$0F                                            ; $CDAB: C9 0F
000DADr 1  90 08          BCC LCDB7                                           ; $CDAD: 90 08
000DAFr 1  A0 28          LDY #$28                                            ; $CDAF: A0 28
000DB1r 1  C9 14          CMP #$14                                            ; $CDB1: C9 14
000DB3r 1  90 02          BCC LCDB7                                           ; $CDB3: 90 02
000DB5r 1  A0 3C          LDY #$3C                                            ; $CDB5: A0 3C
000DB7r 1               LCDB7:
000DB7r 1  98             TYA                                                 ; $CDB7: 98
000DB8r 1  60             RTS                                                 ; $CDB8: 60
000DB9r 1               .endproc
000DB9r 1               LCDB7 = $CDB7
000DB9r 1               
000DB9r 1               
000DB9r 1               ;===============================================================================
000DB9r 1               ; $CDB9: Proc_CDB9
000DB9r 1               ;===============================================================================
000DB9r 1               .proc Proc_CDB9
000DB9r 1               
000DB9r 1  48             PHA                                                 ; $CDB9: 48
000DBAr 1  AD 38 00       LDA a:$0038                                         ; $CDBA: AD 38 00
000DBDr 1  20 rr rr       JSR Proc_D105                                       ; $CDBD: 20 05 D1
000DC0r 1  AC 36 00       LDY a:$0036                                         ; $CDC0: AC 36 00
000DC3r 1  B1 20          LDA ($20),Y                                         ; $CDC3: B1 20
000DC5r 1  48             PHA                                                 ; $CDC5: 48
000DC6r 1  C8             INY                                                 ; $CDC6: C8
000DC7r 1  B1 20          LDA ($20),Y                                         ; $CDC7: B1 20
000DC9r 1  85 21          STA $21                                             ; $CDC9: 85 21
000DCBr 1  68             PLA                                                 ; $CDCB: 68
000DCCr 1  85 20          STA $20                                             ; $CDCC: 85 20
000DCEr 1  68             PLA                                                 ; $CDCE: 68
000DCFr 1  85 23          STA $23                                             ; $CDCF: 85 23
000DD1r 1  A9 00          LDA #$00                                            ; $CDD1: A9 00
000DD3r 1  85 22          STA $22                                             ; $CDD3: 85 22
000DD5r 1  20 rr rr       JSR Proc_D438                                       ; $CDD5: 20 38 D4
000DD8r 1  A5 26          LDA $26                                             ; $CDD8: A5 26
000DDAr 1  85 20          STA $20                                             ; $CDDA: 85 20
000DDCr 1  A5 27          LDA $27                                             ; $CDDC: A5 27
000DDEr 1  85 21          STA $21                                             ; $CDDE: 85 21
000DE0r 1  A5 28          LDA $28                                             ; $CDE0: A5 28
000DE2r 1  85 22          STA $22                                             ; $CDE2: 85 22
000DE4r 1  A9 64          LDA #$64                                            ; $CDE4: A9 64
000DE6r 1  85 23          STA $23                                             ; $CDE6: 85 23
000DE8r 1  A9 00          LDA #$00                                            ; $CDE8: A9 00
000DEAr 1  85 24          STA $24                                             ; $CDEA: 85 24
000DECr 1  20 rr rr       JSR Proc_D336                                       ; $CDEC: 20 36 D3
000DEFr 1  A5 20          LDA $20                                             ; $CDEF: A5 20
000DF1r 1  85 2A          STA $2A                                             ; $CDF1: 85 2A
000DF3r 1  A5 21          LDA $21                                             ; $CDF3: A5 21
000DF5r 1  85 2B          STA $2B                                             ; $CDF5: 85 2B
000DF7r 1  AD 38 00       LDA a:$0038                                         ; $CDF7: AD 38 00
000DFAr 1  20 rr rr       JSR Proc_D105                                       ; $CDFA: 20 05 D1
000DFDr 1  AC 36 00       LDY a:$0036                                         ; $CDFD: AC 36 00
000E00r 1  B1 20          LDA ($20),Y                                         ; $CE00: B1 20
000E02r 1  38             SEC                                                 ; $CE02: 38
000E03r 1  E5 2A          SBC $2A                                             ; $CE03: E5 2A
000E05r 1  91 20          STA ($20),Y                                         ; $CE05: 91 20
000E07r 1  C8             INY                                                 ; $CE07: C8
000E08r 1  B1 20          LDA ($20),Y                                         ; $CE08: B1 20
000E0Ar 1  E5 2B          SBC $2B                                             ; $CE0A: E5 2B
000E0Cr 1  91 20          STA ($20),Y                                         ; $CE0C: 91 20
000E0Er 1  B0 0A          .byte $B0,$0A                                       ; $CE0E: B0 0A (BCS mid-instruction target)
000E10r 1  AC 36 00       LDY a:$0036                                         ; $CE10: AC 36 00
000E13r 1  A9 00          LDA #$00                                            ; $CE13: A9 00
000E15r 1  91 20          STA ($20),Y                                         ; $CE15: 91 20
000E17r 1  C8             INY                                                 ; $CE17: C8
000E18r 1  91 20          STA ($20),Y                                         ; $CE18: 91 20
000E1Ar 1  60             RTS                                                 ; $CE1A: 60
000E1Br 1  48             PHA                                                 ; $CE1B: 48
000E1Cr 1  AD 38 00       LDA a:$0038                                         ; $CE1C: AD 38 00
000E1Fr 1  20 rr rr       JSR Proc_D105                                       ; $CE1F: 20 05 D1
000E22r 1  AC 36 00       LDY a:$0036                                         ; $CE22: AC 36 00
000E25r 1  B1 20          LDA ($20),Y                                         ; $CE25: B1 20
000E27r 1  85 20          STA $20                                             ; $CE27: 85 20
000E29r 1  68             PLA                                                 ; $CE29: 68
000E2Ar 1  85 23          STA $23                                             ; $CE2A: 85 23
000E2Cr 1  A9 00          LDA #$00                                            ; $CE2C: A9 00
000E2Er 1  85 21          STA $21                                             ; $CE2E: 85 21
000E30r 1  85 22          STA $22                                             ; $CE30: 85 22
000E32r 1  20 rr rr       JSR Proc_D438                                       ; $CE32: 20 38 D4
000E35r 1  A5 26          LDA $26                                             ; $CE35: A5 26
000E37r 1  85 20          STA $20                                             ; $CE37: 85 20
000E39r 1  A5 27          LDA $27                                             ; $CE39: A5 27
000E3Br 1  85 21          STA $21                                             ; $CE3B: 85 21
000E3Dr 1  A5 28          LDA $28                                             ; $CE3D: A5 28
000E3Fr 1  85 22          STA $22                                             ; $CE3F: 85 22
000E41r 1  A9 64          LDA #$64                                            ; $CE41: A9 64
000E43r 1  85 23          STA $23                                             ; $CE43: 85 23
000E45r 1  A9 00          LDA #$00                                            ; $CE45: A9 00
000E47r 1  85 24          STA $24                                             ; $CE47: 85 24
000E49r 1  20 rr rr       JSR Proc_D336                                       ; $CE49: 20 36 D3
000E4Cr 1  A5 20          LDA $20                                             ; $CE4C: A5 20
000E4Er 1  85 2A          STA $2A                                             ; $CE4E: 85 2A
000E50r 1  AD 38 00       LDA a:$0038                                         ; $CE50: AD 38 00
000E53r 1  20 rr rr       JSR Proc_D105                                       ; $CE53: 20 05 D1
000E56r 1  AC 36 00       LDY a:$0036                                         ; $CE56: AC 36 00
000E59r 1  B1 20          LDA ($20),Y                                         ; $CE59: B1 20
000E5Br 1  38             SEC                                                 ; $CE5B: 38
000E5Cr 1  E5 2A          SBC $2A                                             ; $CE5C: E5 2A
000E5Er 1  91 20          STA ($20),Y                                         ; $CE5E: 91 20
000E60r 1  B0 04          .byte $B0,$04                                       ; $CE60: B0 04 (BCS mid-instruction target)
000E62r 1  A9 00          LDA #$00                                            ; $CE62: A9 00
000E64r 1  91 20          STA ($20),Y                                         ; $CE64: 91 20
000E66r 1  60             RTS                                                 ; $CE66: 60
000E67r 1  A0 FE          LDY #$FE                                            ; $CE67: A0 FE
000E69r 1  C8             INY                                                 ; $CE69: C8
000E6Ar 1  C8             INY                                                 ; $CE6A: C8
000E6Br 1  AD 22 05       LDA $0522                                           ; $CE6B: AD 22 05
000E6Er 1  38             SEC                                                 ; $CE6E: 38
000E6Fr 1  F9 C9 CE       SBC $CEC9,Y                                         ; $CE6F: F9 C9 CE
000E72r 1  AD 23 05       LDA $0523                                           ; $CE72: AD 23 05
000E75r 1  F9 CA CE       SBC $CECA,Y                                         ; $CE75: F9 CA CE
000E78r 1  B0 EF          .byte $B0,$EF                                       ; $CE78: B0 EF (BCS mid-instruction target)
000E7Ar 1  98             TYA                                                 ; $CE7A: 98
000E7Br 1  4A             LSR A                                               ; $CE7B: 4A
000E7Cr 1  A8             TAY                                                 ; $CE7C: A8
000E7Dr 1  B9 D3 CE       LDA $CED3,Y                                         ; $CE7D: B9 D3 CE
000E80r 1  8D 23 00       STA a:$0023                                         ; $CE80: 8D 23 00
000E83r 1  AD 22 05       LDA $0522                                           ; $CE83: AD 22 05
000E86r 1  85 20          STA $20                                             ; $CE86: 85 20
000E88r 1  AD 23 05       LDA $0523                                           ; $CE88: AD 23 05
000E8Br 1  85 21          STA $21                                             ; $CE8B: 85 21
000E8Dr 1  A9 00          LDA #$00                                            ; $CE8D: A9 00
000E8Fr 1  85 22          STA $22                                             ; $CE8F: 85 22
000E91r 1  20 rr rr       JSR Proc_D438                                       ; $CE91: 20 38 D4
000E94r 1  A5 26          LDA $26                                             ; $CE94: A5 26
000E96r 1  85 20          STA $20                                             ; $CE96: 85 20
000E98r 1  A5 27          LDA $27                                             ; $CE98: A5 27
000E9Ar 1  85 21          STA $21                                             ; $CE9A: 85 21
000E9Cr 1  A5 28          LDA $28                                             ; $CE9C: A5 28
000E9Er 1  85 22          STA $22                                             ; $CE9E: 85 22
000EA0r 1  A9 64          LDA #$64                                            ; $CEA0: A9 64
000EA2r 1  85 23          STA $23                                             ; $CEA2: 85 23
000EA4r 1  A9 00          LDA #$00                                            ; $CEA4: A9 00
000EA6r 1  85 24          STA $24                                             ; $CEA6: 85 24
000EA8r 1  20 rr rr       JSR Proc_D336                                       ; $CEA8: 20 36 D3
000EABr 1  AD 22 05       LDA $0522                                           ; $CEAB: AD 22 05
000EAEr 1  38             SEC                                                 ; $CEAE: 38
000EAFr 1  ED 20 00       SBC a:$0020                                         ; $CEAF: ED 20 00
000EB2r 1  8D 22 05       STA $0522                                           ; $CEB2: 8D 22 05
000EB5r 1  AD 23 05       LDA $0523                                           ; $CEB5: AD 23 05
000EB8r 1  ED 21 00       SBC a:$0021                                         ; $CEB8: ED 21 00
000EBBr 1  8D 23 05       STA $0523                                           ; $CEBB: 8D 23 05
000EBEr 1  B0 08          .byte $B0,$08                                       ; $CEBE: B0 08 (BCS mid-instruction target)
000EC0r 1  A9 00          LDA #$00                                            ; $CEC0: A9 00
000EC2r 1  8D 22 05       STA $0522                                           ; $CEC2: 8D 22 05
000EC5r 1  8D 23 05       STA $0523                                           ; $CEC5: 8D 23 05
000EC8r 1  60             RTS                                                 ; $CEC8: 60
000EC9r 1  F4 01 E8 03    .byte $F4,$01,$E8,$03,$B8,$0B,$88,$13,$20,$4E,$32,$00,$3C,$00,$46,$00; $CEC9: F4 01 E8 03 B8 0B 88 13 20 4E 32 00 3C 00 46 00
000ECDr 1  B8 0B 88 13  
000ED1r 1  20 4E 32 00  
000ED9r 1  50 00 5A 00    .byte $50,$00,$5A,$00                               ; $CED9: 50 00 5A 00
000EDDr 1               .endproc
000EDDr 1               
000EDDr 1               ;===============================================================================
000EDDr 1               ; $CEDD: Proc_CEDD
000EDDr 1               ;===============================================================================
000EDDr 1               .proc Proc_CEDD
000EDDr 1               
000EDDr 1  A0 FE          LDY #$FE                                            ; $CEDD: A0 FE
000EDFr 1  C8             INY                                                 ; $CEDF: C8
000EE0r 1  C8             INY                                                 ; $CEE0: C8
000EE1r 1  AD 26 05       LDA $0526                                           ; $CEE1: AD 26 05
000EE4r 1  38             SEC                                                 ; $CEE4: 38
000EE5r 1  F9 C9 CE       SBC $CEC9,Y                                         ; $CEE5: F9 C9 CE
000EE8r 1  AD 27 05       LDA $0527                                           ; $CEE8: AD 27 05
000EEBr 1  F9 CA CE       SBC $CECA,Y                                         ; $CEEB: F9 CA CE
000EEEr 1  B0 EF          .byte $B0,$EF                                       ; $CEEE: B0 EF (BCS mid-instruction target)
000EF0r 1  98             TYA                                                 ; $CEF0: 98
000EF1r 1  4A             LSR A                                               ; $CEF1: 4A
000EF2r 1  A8             TAY                                                 ; $CEF2: A8
000EF3r 1  B9 D3 CE       LDA $CED3,Y                                         ; $CEF3: B9 D3 CE
000EF6r 1  8D 23 00       STA a:$0023                                         ; $CEF6: 8D 23 00
000EF9r 1  AD 26 05       LDA $0526                                           ; $CEF9: AD 26 05
000EFCr 1  85 20          STA $20                                             ; $CEFC: 85 20
000EFEr 1  AD 27 05       LDA $0527                                           ; $CEFE: AD 27 05
000F01r 1  85 21          STA $21                                             ; $CF01: 85 21
000F03r 1  A9 00          LDA #$00                                            ; $CF03: A9 00
000F05r 1  85 22          STA $22                                             ; $CF05: 85 22
000F07r 1  20 rr rr       JSR Proc_D438                                       ; $CF07: 20 38 D4
000F0Ar 1  A5 26          LDA $26                                             ; $CF0A: A5 26
000F0Cr 1  85 20          STA $20                                             ; $CF0C: 85 20
000F0Er 1  A5 27          LDA $27                                             ; $CF0E: A5 27
000F10r 1  85 21          STA $21                                             ; $CF10: 85 21
000F12r 1  A5 28          LDA $28                                             ; $CF12: A5 28
000F14r 1  85 22          STA $22                                             ; $CF14: 85 22
000F16r 1  A9 64          LDA #$64                                            ; $CF16: A9 64
000F18r 1  85 23          STA $23                                             ; $CF18: 85 23
000F1Ar 1  A9 00          LDA #$00                                            ; $CF1A: A9 00
000F1Cr 1  85 24          STA $24                                             ; $CF1C: 85 24
000F1Er 1  20 rr rr       JSR Proc_D336                                       ; $CF1E: 20 36 D3
000F21r 1  AD 26 05       LDA $0526                                           ; $CF21: AD 26 05
000F24r 1  38             SEC                                                 ; $CF24: 38
000F25r 1  ED 20 00       SBC a:$0020                                         ; $CF25: ED 20 00
000F28r 1  8D 26 05       STA $0526                                           ; $CF28: 8D 26 05
000F2Br 1  AD 27 05       LDA $0527                                           ; $CF2B: AD 27 05
000F2Er 1  ED 21 00       SBC a:$0021                                         ; $CF2E: ED 21 00
000F31r 1  8D 27 05       STA $0527                                           ; $CF31: 8D 27 05
000F34r 1  B0 08          .byte $B0,$08                                       ; $CF34: B0 08 (BCS mid-instruction target)
000F36r 1  A9 00          LDA #$00                                            ; $CF36: A9 00
000F38r 1  8D 26 05       STA $0526                                           ; $CF38: 8D 26 05
000F3Br 1  8D 27 05       STA $0527                                           ; $CF3B: 8D 27 05
000F3Er 1  60             RTS                                                 ; $CF3E: 60
000F3Fr 1               .endproc
000F3Fr 1               
000F3Fr 1               ;===============================================================================
000F3Fr 1               ; $CF3F: B0B_ArmyValueCalc
000F3Fr 1               ;===============================================================================
000F3Fr 1               .proc B0B_ArmyValueCalc
000F3Fr 1               
000F3Fr 1  A5 30          LDA $30                                             ; $CF3F: A5 30
000F41r 1  A0 04          LDY #$04                                            ; $CF41: A0 04
000F43r 1  20 AB D2       JSR $D2AB                                           ; $CF43: 20 AB D2
000F46r 1  85 21          STA $21                                             ; $CF46: 85 21
000F48r 1  A9 0A          LDA #$0A                                            ; $CF48: A9 0A
000F4Ar 1  85 23          STA $23                                             ; $CF4A: 85 23
000F4Cr 1  A9 00          LDA #$00                                            ; $CF4C: A9 00
000F4Er 1  85 22          STA $22                                             ; $CF4E: 85 22
000F50r 1  85 24          STA $24                                             ; $CF50: 85 24
000F52r 1  20 rr rr       JSR Proc_D40F                                       ; $CF52: 20 0F D4
000F55r 1  A5 21          LDA $21                                             ; $CF55: A5 21
000F57r 1  18             CLC                                                 ; $CF57: 18
000F58r 1  69 46          ADC #$46                                            ; $CF58: 69 46
000F5Ar 1  48             PHA                                                 ; $CF5A: 48
000F5Br 1  A5 31          LDA $31                                             ; $CF5B: A5 31
000F5Dr 1  A0 03          LDY #$03                                            ; $CF5D: A0 03
000F5Fr 1  20 AB D2       JSR $D2AB                                           ; $CF5F: 20 AB D2
000F62r 1  85 20          STA $20                                             ; $CF62: 85 20
000F64r 1  68             PLA                                                 ; $CF64: 68
000F65r 1  38             SEC                                                 ; $CF65: 38
000F66r 1  E5 20          SBC $20                                             ; $CF66: E5 20
000F68r 1  C9 5A          CMP #$5A                                            ; $CF68: C9 5A
000F6Ar 1  90 02          BCC LCF6E                                           ; $CF6A: 90 02
000F6Cr 1  A9 5A          LDA #$5A                                            ; $CF6C: A9 5A
000F6Er 1               LCF6E:
000F6Er 1  C9 0A          CMP #$0A                                            ; $CF6E: C9 0A
000F70r 1  B0 02          BCS LCF74                                           ; $CF70: B0 02
000F72r 1  A9 0A          LDA #$0A                                            ; $CF72: A9 0A
000F74r 1               LCF74:
000F74r 1  A0 03          LDY #$03                                            ; $CF74: A0 03
000F76r 1  91 22          STA ($22),Y                                         ; $CF76: 91 22
000F78r 1  20 rr rr       JSR Proc_D61E                                       ; $CF78: 20 1E D6
000F7Br 1  60             RTS                                                 ; $CF7B: 60
000F7Cr 1               .endproc
000F7Cr 1               LCF6E = $CF6E
000F7Cr 1               LCF74 = $CF74
000F7Cr 1               
000F7Cr 1               
000F7Cr 1               ;===============================================================================
000F7Cr 1               ; $CF7C: B0B_DataRecordLookup
000F7Cr 1               ;===============================================================================
000F7Cr 1               .proc B0B_DataRecordLookup
000F7Cr 1               
000F7Cr 1  A5 32          LDA $32                                             ; $CF7C: A5 32
000F7Er 1  0A             ASL A                                               ; $CF7E: 0A
000F7Fr 1  A8             TAY                                                 ; $CF7F: A8
000F80r 1  B9 D8 CA       LDA $CAD8,Y                                         ; $CF80: B9 D8 CA
000F83r 1  85 24          STA $24                                             ; $CF83: 85 24
000F85r 1  B9 D9 CA       LDA $CAD9,Y                                         ; $CF85: B9 D9 CA
000F88r 1  85 25          STA $25                                             ; $CF88: 85 25
000F8Ar 1  A0 FF          LDY #$FF                                            ; $CF8A: A0 FF
000F8Cr 1               LCF8C:
000F8Cr 1  C8             INY                                                 ; $CF8C: C8
000F8Dr 1  B1 24          LDA ($24),Y                                         ; $CF8D: B1 24
000F8Fr 1  C9 FF          CMP #$FF                                            ; $CF8F: C9 FF
000F91r 1  F0 05          BEQ LCF98                                           ; $CF91: F0 05
000F93r 1  C5 30          CMP $30                                             ; $CF93: C5 30
000F95r 1  D0 F5          BNE LCF8C                                           ; $CF95: D0 F5
000F97r 1  60             RTS                                                 ; $CF97: 60
000F98r 1               LCF98:
000F98r 1  A5 30          LDA $30                                             ; $CF98: A5 30
000F9Ar 1  A0 04          LDY #$04                                            ; $CF9A: A0 04
000F9Cr 1  20 AB D2       JSR $D2AB                                           ; $CF9C: 20 AB D2
000F9Fr 1  85 21          STA $21                                             ; $CF9F: 85 21
000FA1r 1  A9 05          LDA #$05                                            ; $CFA1: A9 05
000FA3r 1  85 23          STA $23                                             ; $CFA3: 85 23
000FA5r 1  A9 00          LDA #$00                                            ; $CFA5: A9 00
000FA7r 1  85 22          STA $22                                             ; $CFA7: 85 22
000FA9r 1  85 24          STA $24                                             ; $CFA9: 85 24
000FABr 1  20 rr rr       JSR Proc_D40F                                       ; $CFAB: 20 0F D4
000FAEr 1  A5 21          LDA $21                                             ; $CFAE: A5 21
000FB0r 1  48             PHA                                                 ; $CFB0: 48
000FB1r 1  A5 33          LDA $33                                             ; $CFB1: A5 33
000FB3r 1  A0 04          LDY #$04                                            ; $CFB3: A0 04
000FB5r 1  20 AB D2       JSR $D2AB                                           ; $CFB5: 20 AB D2
000FB8r 1  85 21          STA $21                                             ; $CFB8: 85 21
000FBAr 1  A9 05          LDA #$05                                            ; $CFBA: A9 05
000FBCr 1  85 23          STA $23                                             ; $CFBC: 85 23
000FBEr 1  A9 00          LDA #$00                                            ; $CFBE: A9 00
000FC0r 1  85 22          STA $22                                             ; $CFC0: 85 22
000FC2r 1  85 24          STA $24                                             ; $CFC2: 85 24
000FC4r 1  20 rr rr       JSR Proc_D40F                                       ; $CFC4: 20 0F D4
000FC7r 1  68             PLA                                                 ; $CFC7: 68
000FC8r 1  38             SEC                                                 ; $CFC8: 38
000FC9r 1  E5 21          SBC $21                                             ; $CFC9: E5 21
000FCBr 1  90 0F          BCC LCFDC                                           ; $CFCB: 90 0F
000FCDr 1  85 20          STA $20                                             ; $CFCD: 85 20
000FCFr 1  A5 31          LDA $31                                             ; $CFCF: A5 31
000FD1r 1  A0 03          LDY #$03                                            ; $CFD1: A0 03
000FD3r 1  20 AB D2       JSR $D2AB                                           ; $CFD3: 20 AB D2
000FD6r 1  18             CLC                                                 ; $CFD6: 18
000FD7r 1  65 20          ADC $20                                             ; $CFD7: 65 20
000FD9r 1  4C rr rr       JMP Proc_CFF1                                       ; $CFD9: 4C F1 CF
000FDCr 1               LCFDC:
000FDCr 1  49 FF          EOR #$FF                                            ; $CFDC: 49 FF
000FDEr 1  18             CLC                                                 ; $CFDE: 18
000FDFr 1  69 01          ADC #$01                                            ; $CFDF: 69 01
000FE1r 1  85 20          STA $20                                             ; $CFE1: 85 20
000FE3r 1  A5 31          LDA $31                                             ; $CFE3: A5 31
000FE5r 1  A0 03          LDY #$03                                            ; $CFE5: A0 03
000FE7r 1  20 AB D2       JSR $D2AB                                           ; $CFE7: 20 AB D2
000FEAr 1  38             SEC                                                 ; $CFEA: 38
000FEBr 1  E5 20          SBC $20                                             ; $CFEB: E5 20
000FEDr 1  B0 02          .byte $B0,$02                                       ; $CFED: B0 02 (BCS cross-proc)
000FEFr 1  A9 00          LDA #$00                                            ; $CFEF: A9 00
000FF1r 1               .endproc
000FF1r 1               LCF8C = $CF8C
000FF1r 1               LCF98 = $CF98
000FF1r 1               LCFDC = $CFDC
000FF1r 1               
000FF1r 1               
000FF1r 1               ;===============================================================================
000FF1r 1               ; $CFF1: Proc_CFF1
000FF1r 1               ;===============================================================================
000FF1r 1               .proc Proc_CFF1
000FF1r 1               
000FF1r 1  38             SEC                                                 ; $CFF1: 38
000FF2r 1  E9 0A          SBC #$0A                                            ; $CFF2: E9 0A
000FF4r 1  B0 02          BCS LCFF8                                           ; $CFF4: B0 02
000FF6r 1  A9 00          LDA #$00                                            ; $CFF6: A9 00
000FF8r 1               LCFF8:
000FF8r 1  C9 63          CMP #$63                                            ; $CFF8: C9 63
000FFAr 1  90 02          BCC LCFFE                                           ; $CFFA: 90 02
000FFCr 1  A9 63          LDA #$63                                            ; $CFFC: A9 63
000FFEr 1               LCFFE:
000FFEr 1  C9 0A          CMP #$0A                                            ; $CFFE: C9 0A
001000r 1  B0 02          BCS LD004                                           ; $D000: B0 02
001002r 1  A9 0A          LDA #$0A                                            ; $D002: A9 0A
001004r 1               LD004:
001004r 1  A0 03          LDY #$03                                            ; $D004: A0 03
001006r 1  91 22          STA ($22),Y                                         ; $D006: 91 22
001008r 1  20 rr rr       JSR Proc_D61E                                       ; $D008: 20 1E D6
00100Br 1  60             RTS                                                 ; $D00B: 60
00100Cr 1               .endproc
00100Cr 1               LCFF8 = $CFF8
00100Cr 1               LCFFE = $CFFE
00100Cr 1               LD004 = $D004
00100Cr 1               
00100Cr 1               
00100Cr 1               ;===============================================================================
00100Cr 1               ; $D00C: B0B_DistanceClamp
00100Cr 1               ;===============================================================================
00100Cr 1               .proc B0B_DistanceClamp
00100Cr 1               
00100Cr 1  A5 20          LDA $20                                             ; $D00C: A5 20
00100Er 1  A0 03          LDY #$03                                            ; $D00E: A0 03
001010r 1  20 AB D2       JSR $D2AB                                           ; $D010: 20 AB D2
001013r 1  85 20          STA $20                                             ; $D013: 85 20
001015r 1  A9 32          LDA #$32                                            ; $D015: A9 32
001017r 1  38             SEC                                                 ; $D017: 38
001018r 1  E5 20          SBC $20                                             ; $D018: E5 20
00101Ar 1  B0 05          .byte $B0,$05                                       ; $D01A: B0 05 (BCS mid-instruction target)
00101Cr 1  49 FF          EOR #$FF                                            ; $D01C: 49 FF
00101Er 1  18             CLC                                                 ; $D01E: 18
00101Fr 1  69 01          ADC #$01                                            ; $D01F: 69 01
001021r 1  85 20          STA $20                                             ; $D021: 85 20
001023r 1  A9 33          LDA #$33                                            ; $D023: A9 33
001025r 1  38             SEC                                                 ; $D025: 38
001026r 1  E5 20          SBC $20                                             ; $D026: E5 20
001028r 1  B0 02          BCS LD02C                                           ; $D028: B0 02
00102Ar 1  A9 00          LDA #$00                                            ; $D02A: A9 00
00102Cr 1               LD02C:
00102Cr 1  C9 0A          CMP #$0A                                            ; $D02C: C9 0A
00102Er 1  B0 02          BCS LD032                                           ; $D02E: B0 02
001030r 1  A9 0A          LDA #$0A                                            ; $D030: A9 0A
001032r 1               LD032:
001032r 1  A0 03          LDY #$03                                            ; $D032: A0 03
001034r 1  91 22          STA ($22),Y                                         ; $D034: 91 22
001036r 1  20 rr rr       JSR Proc_D61E                                       ; $D036: 20 1E D6
001039r 1  60             RTS                                                 ; $D039: 60
00103Ar 1               .endproc
00103Ar 1               LD02C = $D02C
00103Ar 1               LD032 = $D032
00103Ar 1               
00103Ar 1               
00103Ar 1               ;===============================================================================
00103Ar 1               ; $D03A: B0B_LoadRecord
00103Ar 1               ;===============================================================================
00103Ar 1               .proc B0B_LoadRecord
00103Ar 1               
00103Ar 1  AD 03 6F       LDA $6F03                                           ; $D03A: AD 03 6F
00103Dr 1  20 rr rr       JSR Proc_D080                                       ; $D03D: 20 80 D0
001040r 1  A5 2B          LDA $2B                                             ; $D040: A5 2B
001042r 1  8D 3E 00       STA a:$003E                                         ; $D042: 8D 3E 00
001045r 1  85 23          STA $23                                             ; $D045: 85 23
001047r 1  A5 2C          LDA $2C                                             ; $D047: A5 2C
001049r 1  8D 3F 00       STA a:$003F                                         ; $D049: 8D 3F 00
00104Cr 1  85 22          STA $22                                             ; $D04C: 85 22
00104Er 1  A9 00          LDA #$00                                            ; $D04E: A9 00
001050r 1  85 21          STA $21                                             ; $D050: 85 21
001052r 1  85 24          STA $24                                             ; $D052: 85 24
001054r 1  20 rr rr       JSR Proc_D40F                                       ; $D054: 20 0F D4
001057r 1  A5 22          LDA $22                                             ; $D057: A5 22
001059r 1  8D 40 00       STA a:$0040                                         ; $D059: 8D 40 00
00105Cr 1  60             RTS                                                 ; $D05C: 60
00105Dr 1               .endproc
00105Dr 1               
00105Dr 1               ;===============================================================================
00105Dr 1               ; $D05D: Proc_D05D
00105Dr 1               ;===============================================================================
00105Dr 1               .proc Proc_D05D
00105Dr 1               
00105Dr 1  AD 03 6F       LDA $6F03                                           ; $D05D: AD 03 6F
001060r 1  20 rr rr       JSR Proc_D080                                       ; $D060: 20 80 D0
001063r 1  A5 2B          LDA $2B                                             ; $D063: A5 2B
001065r 1  8D 3E 00       STA a:$003E                                         ; $D065: 8D 3E 00
001068r 1  85 23          STA $23                                             ; $D068: 85 23
00106Ar 1  A5 2C          LDA $2C                                             ; $D06A: A5 2C
00106Cr 1  8D 3F 00       STA a:$003F                                         ; $D06C: 8D 3F 00
00106Fr 1  85 22          STA $22                                             ; $D06F: 85 22
001071r 1  A9 00          LDA #$00                                            ; $D071: A9 00
001073r 1  85 21          STA $21                                             ; $D073: 85 21
001075r 1  85 24          STA $24                                             ; $D075: 85 24
001077r 1  20 rr rr       JSR Proc_D40F                                       ; $D077: 20 0F D4
00107Ar 1  A5 22          LDA $22                                             ; $D07A: A5 22
00107Cr 1  8D 40 00       STA a:$0040                                         ; $D07C: 8D 40 00
00107Fr 1  60             RTS                                                 ; $D07F: 60
001080r 1               .endproc
001080r 1               
001080r 1               ;===============================================================================
001080r 1               ; $D080: Proc_D080
001080r 1               ;===============================================================================
001080r 1               .proc Proc_D080
001080r 1               
001080r 1  85 2F          STA $2F                                             ; $D080: 85 2F
001082r 1  A9 00          LDA #$00                                            ; $D082: A9 00
001084r 1  85 2A          STA $2A                                             ; $D084: 85 2A
001086r 1  85 2B          STA $2B                                             ; $D086: 85 2B
001088r 1  85 2C          STA $2C                                             ; $D088: 85 2C
00108Ar 1  A5 2A          LDA $2A                                             ; $D08A: A5 2A
00108Cr 1  20 rr rr       JSR Proc_D105                                       ; $D08C: 20 05 D1
00108Fr 1  29 07          AND #$07                                            ; $D08F: 29 07
001091r 1  C5 2F          CMP $2F                                             ; $D091: C5 2F
001093r 1  D0 0A          BNE LD09F                                           ; $D093: D0 0A
001095r 1  20 07 D3       JSR $D307                                           ; $D095: 20 07 D3
001098r 1  18             CLC                                                 ; $D098: 18
001099r 1  65 2C          ADC $2C                                             ; $D099: 65 2C
00109Br 1  85 2C          STA $2C                                             ; $D09B: 85 2C
00109Dr 1  E6 2B          INC $2B                                             ; $D09D: E6 2B
00109Fr 1               LD09F:
00109Fr 1  E6 2A          INC $2A                                             ; $D09F: E6 2A
0010A1r 1  A5 2A          LDA $2A                                             ; $D0A1: A5 2A
0010A3r 1  C9 1E          CMP #$1E                                            ; $D0A3: C9 1E
0010A5r 1  90 E3          .byte $90,$E3                                       ; $D0A5: 90 E3 (BCC mid-instruction target)
0010A7r 1  A5 2B          LDA $2B                                             ; $D0A7: A5 2B
0010A9r 1  60             RTS                                                 ; $D0A9: 60
0010AAr 1               .endproc
0010AAr 1               LD09F = $D09F
0010AAr 1               
0010AAr 1               
0010AAr 1               ;===============================================================================
0010AAr 1               ; $D0AA: Proc_D0AA
0010AAr 1               ;===============================================================================
0010AAr 1               .proc Proc_D0AA
0010AAr 1               
0010AAr 1  A0 30          LDY #$30                                            ; $D0AA: A0 30
0010ACr 1  20 66 F2       JSR B1F_SwitchBank8_A                               ; $D0AC: 20 66 F2
0010AFr 1  A9 00          LDA #$00                                            ; $D0AF: A9 00
0010B1r 1  85 2A          STA $2A                                             ; $D0B1: 85 2A
0010B3r 1  85 2B          STA $2B                                             ; $D0B3: 85 2B
0010B5r 1  85 2C          STA $2C                                             ; $D0B5: 85 2C
0010B7r 1  A5 2A          LDA $2A                                             ; $D0B7: A5 2A
0010B9r 1  20 rr rr       JSR Proc_D105                                       ; $D0B9: 20 05 D1
0010BCr 1  29 07          AND #$07                                            ; $D0BC: 29 07
0010BEr 1  CD 03 6F       CMP $6F03                                           ; $D0BE: CD 03 6F
0010C1r 1  D0 13          BNE LD0D6                                           ; $D0C1: D0 13
0010C3r 1  A5 2A          LDA $2A                                             ; $D0C3: A5 2A
0010C5r 1  20 rr rr       JSR Proc_D0E1                                       ; $D0C5: 20 E1 D0
0010C8r 1  F0 0C          BEQ LD0D6                                           ; $D0C8: F0 0C
0010CAr 1  A5 2A          LDA $2A                                             ; $D0CA: A5 2A
0010CCr 1  20 rr rr       JSR Proc_D304                                       ; $D0CC: 20 04 D3
0010CFr 1  18             CLC                                                 ; $D0CF: 18
0010D0r 1  65 2C          ADC $2C                                             ; $D0D0: 65 2C
0010D2r 1  85 2C          STA $2C                                             ; $D0D2: 85 2C
0010D4r 1  E6 2B          INC $2B                                             ; $D0D4: E6 2B
0010D6r 1               LD0D6:
0010D6r 1  E6 2A          INC $2A                                             ; $D0D6: E6 2A
0010D8r 1  A5 2A          LDA $2A                                             ; $D0D8: A5 2A
0010DAr 1  C9 1E          CMP #$1E                                            ; $D0DA: C9 1E
0010DCr 1  90 D9          .byte $90,$D9                                       ; $D0DC: 90 D9 (BCC mid-instruction target)
0010DEr 1  A5 2B          LDA $2B                                             ; $D0DE: A5 2B
0010E0r 1  60             RTS                                                 ; $D0E0: 60
0010E1r 1               .endproc
0010E1r 1               LD0D6 = $D0D6
0010E1r 1               
0010E1r 1               
0010E1r 1               ;===============================================================================
0010E1r 1               ; $D0E1: Proc_D0E1
0010E1r 1               ;===============================================================================
0010E1r 1               .proc Proc_D0E1
0010E1r 1               
0010E1r 1  0A             ASL A                                               ; $D0E1: 0A
0010E2r 1  0A             ASL A                                               ; $D0E2: 0A
0010E3r 1  0A             ASL A                                               ; $D0E3: 0A
0010E4r 1  AA             TAX                                                 ; $D0E4: AA
0010E5r 1  A9 00          LDA #$00                                            ; $D0E5: A9 00
0010E7r 1  85 22          STA $22                                             ; $D0E7: 85 22
0010E9r 1               .endproc
0010E9r 1               
0010E9r 1               ;===============================================================================
0010E9r 1               ; $D0E9: Proc_D0E9
0010E9r 1               ;===============================================================================
0010E9r 1               .proc Proc_D0E9
0010E9r 1               
0010E9r 1  BD 72 9D       LDA $9D72,X                                         ; $D0E9: BD 72 9D
0010ECr 1  30 14          .byte $30,$14                                       ; $D0EC: 30 14 (BMI mid-instruction target)
0010EEr 1  20 rr rr       JSR Proc_D105                                       ; $D0EE: 20 05 D1
0010F1r 1  29 07          AND #$07                                            ; $D0F1: 29 07
0010F3r 1  C9 07          CMP #$07                                            ; $D0F3: C9 07
0010F5r 1  F0 07          BEQ LD0FE                                           ; $D0F5: F0 07
0010F7r 1  CD 03 6F       CMP $6F03                                           ; $D0F7: CD 03 6F
0010FAr 1  F0 02          BEQ LD0FE                                           ; $D0FA: F0 02
0010FCr 1  E6 22          INC $22                                             ; $D0FC: E6 22
0010FEr 1               LD0FE:
0010FEr 1  E8             INX                                                 ; $D0FE: E8
0010FFr 1  4C rr rr       JMP Proc_D0E9                                       ; $D0FF: 4C E9 D0
001102r 1  A5 22          LDA $22                                             ; $D102: A5 22
001104r 1  60             RTS                                                 ; $D104: 60
001105r 1               .endproc
001105r 1               LD0FE = $D0FE
001105r 1               
001105r 1               
001105r 1               ;===============================================================================
001105r 1               ; $D105: Proc_D105
001105r 1               ;===============================================================================
001105r 1               .proc Proc_D105
001105r 1               
001105r 1  A0 00          LDY #$00                                            ; $D105: A0 00
001107r 1  84 21          STY $21                                             ; $D107: 84 21
001109r 1  0A             ASL A                                               ; $D109: 0A
00110Ar 1  26 21          ROL $21                                             ; $D10A: 26 21
00110Cr 1  0A             ASL A                                               ; $D10C: 0A
00110Dr 1  26 21          ROL $21                                             ; $D10D: 26 21
00110Fr 1  0A             ASL A                                               ; $D10F: 0A
001110r 1  26 21          ROL $21                                             ; $D110: 26 21
001112r 1  0A             ASL A                                               ; $D112: 0A
001113r 1  26 21          ROL $21                                             ; $D113: 26 21
001115r 1  0A             ASL A                                               ; $D115: 0A
001116r 1  26 21          ROL $21                                             ; $D116: 26 21
001118r 1  18             CLC                                                 ; $D118: 18
001119r 1  69 00          ADC #$00                                            ; $D119: 69 00
00111Br 1  85 20          STA $20                                             ; $D11B: 85 20
00111Dr 1  A5 21          LDA $21                                             ; $D11D: A5 21
00111Fr 1  69 60          ADC #$60                                            ; $D11F: 69 60
001121r 1  85 21          STA $21                                             ; $D121: 85 21
001123r 1  20 rr rr       JSR Proc_D69D                                       ; $D123: 20 9D D6
001126r 1  A0 00          LDY #$00                                            ; $D126: A0 00
001128r 1  B1 20          LDA ($20),Y                                         ; $D128: B1 20
00112Ar 1  29 07          AND #$07                                            ; $D12A: 29 07
00112Cr 1  60             RTS                                                 ; $D12C: 60
00112Dr 1               .endproc
00112Dr 1               
00112Dr 1               ;===============================================================================
00112Dr 1               ; $D12D: Proc_D12D
00112Dr 1               ;===============================================================================
00112Dr 1               .proc Proc_D12D
00112Dr 1               
00112Dr 1  85 20          STA $20                                             ; $D12D: 85 20
00112Fr 1  AD 5D 6F       LDA $6F5D                                           ; $D12F: AD 5D 6F
001132r 1  38             SEC                                                 ; $D132: 38
001133r 1  E5 20          SBC $20                                             ; $D133: E5 20
001135r 1  8D 5D 6F       STA $6F5D                                           ; $D135: 8D 5D 6F
001138r 1  90 06          .byte $90,$06                                       ; $D138: 90 06 (BCC mid-instruction target)
00113Ar 1  EE 5E 6F       INC $6F5E                                           ; $D13A: EE 5E 6F
00113Dr 1  4C rr rr       JMP B0A_SumAndCompare                               ; $D13D: 4C 9C A1
001140r 1  68             PLA                                                 ; $D140: 68
001141r 1  68             PLA                                                 ; $D141: 68
001142r 1  A9 02          LDA #$02                                            ; $D142: A9 02
001144r 1  8D 5B 6F       STA $6F5B                                           ; $D144: 8D 5B 6F
001147r 1  A9 FF          LDA #$FF                                            ; $D147: A9 FF
001149r 1  8D 8B 6F       STA $6F8B                                           ; $D149: 8D 8B 6F
00114Cr 1  A9 00          LDA #$00                                            ; $D14C: A9 00
00114Er 1  8D 8D 6F       STA $6F8D                                           ; $D14E: 8D 8D 6F
001151r 1  60             RTS                                                 ; $D151: 60
001152r 1               .endproc
001152r 1               
001152r 1               ;===============================================================================
001152r 1               ; $D152: Proc_D152
001152r 1               ;===============================================================================
001152r 1               .proc Proc_D152
001152r 1               
001152r 1  85 20          STA $20                                             ; $D152: 85 20
001154r 1  AD 5D 6F       LDA $6F5D                                           ; $D154: AD 5D 6F
001157r 1  38             SEC                                                 ; $D157: 38
001158r 1  E5 20          SBC $20                                             ; $D158: E5 20
00115Ar 1  8D 5D 6F       STA $6F5D                                           ; $D15A: 8D 5D 6F
00115Dr 1  F0 02          BEQ LD161                                           ; $D15D: F0 02
00115Fr 1  B0 03          .byte $B0,$03                                       ; $D15F: B0 03 (BCS mid-instruction target)
001161r 1               LD161:
001161r 1  4C 40 D1       JMP $D140                                           ; $D161: 4C 40 D1
001164r 1  60             RTS                                                 ; $D164: 60
001165r 1               .endproc
001165r 1               LD161 = $D161
001165r 1               
001165r 1               
001165r 1               ;===============================================================================
001165r 1               ; $D165: Proc_D165
001165r 1               ;===============================================================================
001165r 1               .proc Proc_D165
001165r 1               
001165r 1  85 20          STA $20                                             ; $D165: 85 20
001167r 1  AD 5D 6F       LDA $6F5D                                           ; $D167: AD 5D 6F
00116Ar 1  38             SEC                                                 ; $D16A: 38
00116Br 1  E5 20          SBC $20                                             ; $D16B: E5 20
00116Dr 1  8D 5D 6F       STA $6F5D                                           ; $D16D: 8D 5D 6F
001170r 1  B0 05          .byte $B0,$05                                       ; $D170: B0 05 (BCS mid-instruction target)
001172r 1  68             PLA                                                 ; $D172: 68
001173r 1  68             PLA                                                 ; $D173: 68
001174r 1  4C 40 D1       JMP $D140                                           ; $D174: 4C 40 D1
001177r 1  60             RTS                                                 ; $D177: 60
001178r 1               .endproc
001178r 1               
001178r 1               ;===============================================================================
001178r 1               ; $D178: Proc_D178
001178r 1               ;===============================================================================
001178r 1               .proc Proc_D178
001178r 1               
001178r 1  85 20          STA $20                                             ; $D178: 85 20
00117Ar 1  AD 5D 6F       LDA $6F5D                                           ; $D17A: AD 5D 6F
00117Dr 1  38             SEC                                                 ; $D17D: 38
00117Er 1  E5 20          SBC $20                                             ; $D17E: E5 20
001180r 1  8D 5D 6F       STA $6F5D                                           ; $D180: 8D 5D 6F
001183r 1  B0 07          .byte $B0,$07                                       ; $D183: B0 07 (BCS mid-instruction target)
001185r 1  68             PLA                                                 ; $D185: 68
001186r 1  68             PLA                                                 ; $D186: 68
001187r 1  68             PLA                                                 ; $D187: 68
001188r 1  68             PLA                                                 ; $D188: 68
001189r 1  4C 40 D1       JMP $D140                                           ; $D189: 4C 40 D1
00118Cr 1  60             RTS                                                 ; $D18C: 60
00118Dr 1               .endproc
00118Dr 1               
00118Dr 1               ;===============================================================================
00118Dr 1               ; $D18D: Proc_D18D
00118Dr 1               ;===============================================================================
00118Dr 1               .proc Proc_D18D
00118Dr 1               
00118Dr 1  85 20          STA $20                                             ; $D18D: 85 20
00118Fr 1  AD 5D 6F       LDA $6F5D                                           ; $D18F: AD 5D 6F
001192r 1  38             SEC                                                 ; $D192: 38
001193r 1  E5 20          SBC $20                                             ; $D193: E5 20
001195r 1  8D 5D 6F       STA $6F5D                                           ; $D195: 8D 5D 6F
001198r 1  B0 09          .byte $B0,$09                                       ; $D198: B0 09 (BCS mid-instruction target)
00119Ar 1  68             PLA                                                 ; $D19A: 68
00119Br 1  68             PLA                                                 ; $D19B: 68
00119Cr 1  68             PLA                                                 ; $D19C: 68
00119Dr 1  68             PLA                                                 ; $D19D: 68
00119Er 1  68             PLA                                                 ; $D19E: 68
00119Fr 1  68             PLA                                                 ; $D19F: 68
0011A0r 1  4C 40 D1       JMP $D140                                           ; $D1A0: 4C 40 D1
0011A3r 1  60             RTS                                                 ; $D1A3: 60
0011A4r 1               .endproc
0011A4r 1               
0011A4r 1               ;===============================================================================
0011A4r 1               ; $D1A4: Proc_D1A4
0011A4r 1               ;===============================================================================
0011A4r 1               .proc Proc_D1A4
0011A4r 1               
0011A4r 1  AD 03 6F       LDA $6F03                                           ; $D1A4: AD 03 6F
0011A7r 1  85 2A          STA $2A                                             ; $D1A7: 85 2A
0011A9r 1  A0 30          LDY #$30                                            ; $D1A9: A0 30
0011ABr 1  20 66 F2       JSR B1F_SwitchBank8_A                               ; $D1AB: 20 66 F2
0011AEr 1  A0 0F          LDY #$0F                                            ; $D1AE: A0 0F
0011B0r 1  A9 FF          LDA #$FF                                            ; $D1B0: A9 FF
0011B2r 1               LD1B2:
0011B2r 1  99 73 6F       STA $6F73,Y                                         ; $D1B2: 99 73 6F
0011B5r 1  88             DEY                                                 ; $D1B5: 88
0011B6r 1  10 FA          BPL LD1B2                                           ; $D1B6: 10 FA
0011B8r 1  A9 00          LDA #$00                                            ; $D1B8: A9 00
0011BAr 1  85 2B          STA $2B                                             ; $D1BA: 85 2B
0011BCr 1  85 2C          STA $2C                                             ; $D1BC: 85 2C
0011BEr 1  AD 36 00       LDA a:$0036                                         ; $D1BE: AD 36 00
0011C1r 1  0A             ASL A                                               ; $D1C1: 0A
0011C2r 1  0A             ASL A                                               ; $D1C2: 0A
0011C3r 1  0A             ASL A                                               ; $D1C3: 0A
0011C4r 1  A8             TAY                                                 ; $D1C4: A8
0011C5r 1               LD1C5:
0011C5r 1  B9 72 9D       LDA $9D72,Y                                         ; $D1C5: B9 72 9D
0011C8r 1  30 27          BMI LD1F1                                           ; $D1C8: 30 27
0011CAr 1  85 23          STA $23                                             ; $D1CA: 85 23
0011CCr 1  84 24          STY $24                                             ; $D1CC: 84 24
0011CEr 1  20 rr rr       JSR Proc_D105                                       ; $D1CE: 20 05 D1
0011D1r 1  29 07          AND #$07                                            ; $D1D1: 29 07
0011D3r 1  C9 07          CMP #$07                                            ; $D1D3: C9 07
0011D5r 1  F0 0D          BEQ LD1E4                                           ; $D1D5: F0 0D
0011D7r 1  C5 2A          CMP $2A                                             ; $D1D7: C5 2A
0011D9r 1  F0 09          BEQ LD1E4                                           ; $D1D9: F0 09
0011DBr 1  A4 2B          LDY $2B                                             ; $D1DB: A4 2B
0011DDr 1  A5 23          LDA $23                                             ; $D1DD: A5 23
0011DFr 1  99 73 6F       STA $6F73,Y                                         ; $D1DF: 99 73 6F
0011E2r 1  E6 2B          INC $2B                                             ; $D1E2: E6 2B
0011E4r 1               LD1E4:
0011E4r 1  A5 23          LDA $23                                             ; $D1E4: A5 23
0011E6r 1  A4 24          LDY $24                                             ; $D1E6: A4 24
0011E8r 1  C8             INY                                                 ; $D1E8: C8
0011E9r 1  E6 2C          INC $2C                                             ; $D1E9: E6 2C
0011EBr 1  A6 2C          LDX $2C                                             ; $D1EB: A6 2C
0011EDr 1  E0 08          CPX #$08                                            ; $D1ED: E0 08
0011EFr 1  90 D4          BCC LD1C5                                           ; $D1EF: 90 D4
0011F1r 1               LD1F1:
0011F1r 1  A5 2B          LDA $2B                                             ; $D1F1: A5 2B
0011F3r 1  60             RTS                                                 ; $D1F3: 60
0011F4r 1               .endproc
0011F4r 1               LD1B2 = $D1B2
0011F4r 1               LD1C5 = $D1C5
0011F4r 1               LD1E4 = $D1E4
0011F4r 1               LD1F1 = $D1F1
0011F4r 1               
0011F4r 1               
0011F4r 1               ;===============================================================================
0011F4r 1               ; $D1F4: Proc_D1F4
0011F4r 1               ;===============================================================================
0011F4r 1               .proc Proc_D1F4
0011F4r 1               
0011F4r 1  AD 03 6F       LDA $6F03                                           ; $D1F4: AD 03 6F
0011F7r 1  85 2A          STA $2A                                             ; $D1F7: 85 2A
0011F9r 1  A0 30          LDY #$30                                            ; $D1F9: A0 30
0011FBr 1  20 66 F2       JSR B1F_SwitchBank8_A                               ; $D1FB: 20 66 F2
0011FEr 1  A0 0F          LDY #$0F                                            ; $D1FE: A0 0F
001200r 1  A9 FF          LDA #$FF                                            ; $D200: A9 FF
001202r 1               LD202:
001202r 1  99 73 6F       STA $6F73,Y                                         ; $D202: 99 73 6F
001205r 1  88             DEY                                                 ; $D205: 88
001206r 1  10 FA          BPL LD202                                           ; $D206: 10 FA
001208r 1  A9 00          LDA #$00                                            ; $D208: A9 00
00120Ar 1  8D 37 00       STA a:$0037                                         ; $D20A: 8D 37 00
00120Dr 1  AD 36 00       LDA a:$0036                                         ; $D20D: AD 36 00
001210r 1  0A             ASL A                                               ; $D210: 0A
001211r 1  0A             ASL A                                               ; $D211: 0A
001212r 1  0A             ASL A                                               ; $D212: 0A
001213r 1  A8             TAY                                                 ; $D213: A8
001214r 1  A2 00          LDX #$00                                            ; $D214: A2 00
001216r 1               LD216:
001216r 1  B9 72 9D       LDA $9D72,Y                                         ; $D216: B9 72 9D
001219r 1  30 2A          .byte $30,$2A                                       ; $D219: 30 2A (BMI mid-instruction target)
00121Br 1  85 23          STA $23                                             ; $D21B: 85 23
00121Dr 1  84 24          STY $24                                             ; $D21D: 84 24
00121Fr 1  86 25          STX $25                                             ; $D21F: 86 25
001221r 1  20 rr rr       JSR Proc_D105                                       ; $D221: 20 05 D1
001224r 1  29 07          AND #$07                                            ; $D224: 29 07
001226r 1  C9 07          CMP #$07                                            ; $D226: C9 07
001228r 1  F0 0F          BEQ LD239                                           ; $D228: F0 0F
00122Ar 1  C5 2A          CMP $2A                                             ; $D22A: C5 2A
00122Cr 1  F0 0B          BEQ LD239                                           ; $D22C: F0 0B
00122Er 1  AC 37 00       LDY a:$0037                                         ; $D22E: AC 37 00
001231r 1  A5 23          LDA $23                                             ; $D231: A5 23
001233r 1  99 73 6F       STA $6F73,Y                                         ; $D233: 99 73 6F
001236r 1  EE 37 00       INC a:$0037                                         ; $D236: EE 37 00
001239r 1               LD239:
001239r 1  A5 23          LDA $23                                             ; $D239: A5 23
00123Br 1  A4 24          LDY $24                                             ; $D23B: A4 24
00123Dr 1  A6 25          LDX $25                                             ; $D23D: A6 25
00123Fr 1  C8             INY                                                 ; $D23F: C8
001240r 1  E8             INX                                                 ; $D240: E8
001241r 1  E0 08          CPX #$08                                            ; $D241: E0 08
001243r 1  90 D1          BCC LD216                                           ; $D243: 90 D1
001245r 1  AD 37 00       LDA a:$0037                                         ; $D245: AD 37 00
001248r 1  60             RTS                                                 ; $D248: 60
001249r 1               .endproc
001249r 1               LD202 = $D202
001249r 1               LD216 = $D216
001249r 1               LD239 = $D239
001249r 1               
001249r 1               
001249r 1               ;===============================================================================
001249r 1               ; $D249: Proc_D249
001249r 1               ;===============================================================================
001249r 1               .proc Proc_D249
001249r 1               
001249r 1  20 rr rr       JSR Proc_D6E5                                       ; $D249: 20 E5 D6
00124Cr 1  A9 00          LDA #$00                                            ; $D24C: A9 00
00124Er 1  8D 36 00       STA a:$0036                                         ; $D24E: 8D 36 00
001251r 1  A0 00          LDY #$00                                            ; $D251: A0 00
001253r 1  B1 EE          LDA ($EE),Y                                         ; $D253: B1 EE
001255r 1  85 2A          STA $2A                                             ; $D255: 85 2A
001257r 1               LD257:
001257r 1  AD 36 00       LDA a:$0036                                         ; $D257: AD 36 00
00125Ar 1  20 rr rr       JSR Proc_D105                                       ; $D25A: 20 05 D1
00125Dr 1  29 07          AND #$07                                            ; $D25D: 29 07
00125Fr 1  CD 03 6F       CMP $6F03                                           ; $D25F: CD 03 6F
001262r 1  D0 11          .byte $D0,$11                                       ; $D262: D0 11 (BNE mid-instruction target)
001264r 1  A0 11          LDY #$11                                            ; $D264: A0 11
001266r 1  B1 20          LDA ($20),Y                                         ; $D266: B1 20
001268r 1  C5 2A          CMP $2A                                             ; $D268: C5 2A
00126Ar 1  D0 04          BNE LD270                                           ; $D26A: D0 04
00126Cr 1  AD 36 00       LDA a:$0036                                         ; $D26C: AD 36 00
00126Fr 1  60             RTS                                                 ; $D26F: 60
001270r 1               LD270:
001270r 1  C8             INY                                                 ; $D270: C8
001271r 1  C0 1B          CPY #$1B                                            ; $D271: C0 1B
001273r 1  90 F1          .byte $90,$F1                                       ; $D273: 90 F1 (BCC mid-instruction target)
001275r 1  EE 36 00       INC a:$0036                                         ; $D275: EE 36 00
001278r 1  AD 36 00       LDA a:$0036                                         ; $D278: AD 36 00
00127Br 1  C9 1E          CMP #$1E                                            ; $D27B: C9 1E
00127Dr 1  90 D8          BCC LD257                                           ; $D27D: 90 D8
00127Fr 1  A9 FF          LDA #$FF                                            ; $D27F: A9 FF
001281r 1  18             CLC                                                 ; $D281: 18
001282r 1  60             RTS                                                 ; $D282: 60
001283r 1               .endproc
001283r 1               LD257 = $D257
001283r 1               LD270 = $D270
001283r 1               
001283r 1               
001283r 1               ;===============================================================================
001283r 1               ; $D283: Proc_D283
001283r 1               ;===============================================================================
001283r 1               .proc Proc_D283
001283r 1               
001283r 1  A2 00          LDX #$00                                            ; $D283: A2 00
001285r 1  86 21          STX $21                                             ; $D285: 86 21
001287r 1  85 20          STA $20                                             ; $D287: 85 20
001289r 1  0A             ASL A                                               ; $D289: 0A
00128Ar 1  26 21          ROL $21                                             ; $D28A: 26 21
00128Cr 1  18             CLC                                                 ; $D28C: 18
00128Dr 1  65 20          ADC $20                                             ; $D28D: 65 20
00128Fr 1  48             PHA                                                 ; $D28F: 48
001290r 1  A5 21          LDA $21                                             ; $D290: A5 21
001292r 1  69 00          ADC #$00                                            ; $D292: 69 00
001294r 1  85 21          STA $21                                             ; $D294: 85 21
001296r 1  68             PLA                                                 ; $D296: 68
001297r 1  0A             ASL A                                               ; $D297: 0A
001298r 1  26 21          ROL $21                                             ; $D298: 26 21
00129Ar 1  0A             ASL A                                               ; $D29A: 0A
00129Br 1  26 21          ROL $21                                             ; $D29B: 26 21
00129Dr 1  18             CLC                                                 ; $D29D: 18
00129Er 1  69 C0          ADC #$C0                                            ; $D29E: 69 C0
0012A0r 1  85 20          STA $20                                             ; $D2A0: 85 20
0012A2r 1  A5 21          LDA $21                                             ; $D2A2: A5 21
0012A4r 1  69 63          ADC #$63                                            ; $D2A4: 69 63
0012A6r 1  85 21          STA $21                                             ; $D2A6: 85 21
0012A8r 1  B1 20          LDA ($20),Y                                         ; $D2A8: B1 20
0012AAr 1  60             RTS                                                 ; $D2AA: 60
0012ABr 1  A2 00          LDX #$00                                            ; $D2AB: A2 00
0012ADr 1  86 23          STX $23                                             ; $D2AD: 86 23
0012AFr 1  85 22          STA $22                                             ; $D2AF: 85 22
0012B1r 1  0A             ASL A                                               ; $D2B1: 0A
0012B2r 1  26 23          ROL $23                                             ; $D2B2: 26 23
0012B4r 1  18             CLC                                                 ; $D2B4: 18
0012B5r 1  65 22          ADC $22                                             ; $D2B5: 65 22
0012B7r 1  48             PHA                                                 ; $D2B7: 48
0012B8r 1  A5 23          LDA $23                                             ; $D2B8: A5 23
0012BAr 1  69 00          ADC #$00                                            ; $D2BA: 69 00
0012BCr 1  85 23          STA $23                                             ; $D2BC: 85 23
0012BEr 1  68             PLA                                                 ; $D2BE: 68
0012BFr 1  0A             ASL A                                               ; $D2BF: 0A
0012C0r 1  26 23          ROL $23                                             ; $D2C0: 26 23
0012C2r 1  0A             ASL A                                               ; $D2C2: 0A
0012C3r 1  26 23          ROL $23                                             ; $D2C3: 26 23
0012C5r 1  18             CLC                                                 ; $D2C5: 18
0012C6r 1  69 C0          ADC #$C0                                            ; $D2C6: 69 C0
0012C8r 1  85 22          STA $22                                             ; $D2C8: 85 22
0012CAr 1  A5 23          LDA $23                                             ; $D2CA: A5 23
0012CCr 1  69 63          ADC #$63                                            ; $D2CC: 69 63
0012CEr 1  85 23          STA $23                                             ; $D2CE: 85 23
0012D0r 1  B1 22          LDA ($22),Y                                         ; $D2D0: B1 22
0012D2r 1  60             RTS                                                 ; $D2D2: 60
0012D3r 1               .endproc
0012D3r 1               
0012D3r 1               ;===============================================================================
0012D3r 1               ; $D2D3: Proc_D2D3
0012D3r 1               ;===============================================================================
0012D3r 1               .proc Proc_D2D3
0012D3r 1               
0012D3r 1  84 26          STY $26                                             ; $D2D3: 84 26
0012D5r 1  A0 31          LDY #$31                                            ; $D2D5: A0 31
0012D7r 1  20 66 F2       JSR B1F_SwitchBank8_A                               ; $D2D7: 20 66 F2
0012DAr 1  A2 00          LDX #$00                                            ; $D2DA: A2 00
0012DCr 1  86 25          STX $25                                             ; $D2DC: 86 25
0012DEr 1  85 24          STA $24                                             ; $D2DE: 85 24
0012E0r 1  0A             ASL A                                               ; $D2E0: 0A
0012E1r 1  26 25          ROL $25                                             ; $D2E1: 26 25
0012E3r 1  18             CLC                                                 ; $D2E3: 18
0012E4r 1  65 24          ADC $24                                             ; $D2E4: 65 24
0012E6r 1  48             PHA                                                 ; $D2E6: 48
0012E7r 1  A5 25          LDA $25                                             ; $D2E7: A5 25
0012E9r 1  69 00          ADC #$00                                            ; $D2E9: 69 00
0012EBr 1  85 25          STA $25                                             ; $D2EB: 85 25
0012EDr 1  68             PLA                                                 ; $D2ED: 68
0012EEr 1  0A             ASL A                                               ; $D2EE: 0A
0012EFr 1  26 25          ROL $25                                             ; $D2EF: 26 25
0012F1r 1  0A             ASL A                                               ; $D2F1: 0A
0012F2r 1  26 25          ROL $25                                             ; $D2F2: 26 25
0012F4r 1  18             CLC                                                 ; $D2F4: 18
0012F5r 1  69 00          ADC #$00                                            ; $D2F5: 69 00
0012F7r 1  85 24          STA $24                                             ; $D2F7: 85 24
0012F9r 1  A5 25          LDA $25                                             ; $D2F9: A5 25
0012FBr 1  69 80          ADC #$80                                            ; $D2FB: 69 80
0012FDr 1  85 25          STA $25                                             ; $D2FD: 85 25
0012FFr 1  A4 26          LDY $26                                             ; $D2FF: A4 26
001301r 1  B1 24          LDA ($24),Y                                         ; $D301: B1 24
001303r 1  60             RTS                                                 ; $D303: 60
001304r 1               .endproc
001304r 1               
001304r 1               ;===============================================================================
001304r 1               ; $D304: Proc_D304
001304r 1               ;===============================================================================
001304r 1               .proc Proc_D304
001304r 1               
001304r 1  20 rr rr       JSR Proc_D105                                       ; $D304: 20 05 D1
001307r 1  A2 00          LDX #$00                                            ; $D307: A2 00
001309r 1  A0 11          LDY #$11                                            ; $D309: A0 11
00130Br 1  B1 20          LDA ($20),Y                                         ; $D30B: B1 20
00130Dr 1  C9 FF          CMP #$FF                                            ; $D30D: C9 FF
00130Fr 1  F0 06          BEQ LD317                                           ; $D30F: F0 06
001311r 1  E8             INX                                                 ; $D311: E8
001312r 1  C8             INY                                                 ; $D312: C8
001313r 1  C0 1B          CPY #$1B                                            ; $D313: C0 1B
001315r 1  90 F4          .byte $90,$F4                                       ; $D315: 90 F4 (BCC mid-instruction target)
001317r 1               LD317:
001317r 1  8A             TXA                                                 ; $D317: 8A
001318r 1  60             RTS                                                 ; $D318: 60
001319r 1               .endproc
001319r 1               LD317 = $D317
001319r 1               
001319r 1               
001319r 1               ;===============================================================================
001319r 1               ; $D319: Proc_D319
001319r 1               ;===============================================================================
001319r 1               .proc Proc_D319
001319r 1               
001319r 1  29 0F          AND #$0F                                            ; $D319: 29 0F
00131Br 1  0A             ASL A                                               ; $D31B: 0A
00131Cr 1  A8             TAY                                                 ; $D31C: A8
00131Dr 1  B9 28 D3       LDA $D328,Y                                         ; $D31D: B9 28 D3
001320r 1  85 24          STA $24                                             ; $D320: 85 24
001322r 1  B9 29 D3       LDA $D329,Y                                         ; $D322: B9 29 D3
001325r 1  85 25          STA $25                                             ; $D325: 85 25
001327r 1  60             RTS                                                 ; $D327: 60
001328r 1  07 6F 0F 6F    .byte $07,$6F,$0F,$6F,$17,$6F,$1F,$6F,$27,$6F,$2F,$6F,$37,$6F; $D328: 07 6F 0F 6F 17 6F 1F 6F 27 6F 2F 6F 37 6F
00132Cr 1  17 6F 1F 6F  
001330r 1  27 6F 2F 6F  
001336r 1               .endproc
001336r 1               
001336r 1               ;===============================================================================
001336r 1               ; $D336: Proc_D336
001336r 1               ;===============================================================================
001336r 1               .proc Proc_D336
001336r 1               
001336r 1  A9 00          LDA #$00                                            ; $D336: A9 00
001338r 1  85 25          STA $25                                             ; $D338: 85 25
00133Ar 1  85 26          STA $26                                             ; $D33A: 85 26
00133Cr 1  85 27          STA $27                                             ; $D33C: 85 27
00133Er 1  A0 17          LDY #$17                                            ; $D33E: A0 17
001340r 1               LD340:
001340r 1  06 20          ASL $20                                             ; $D340: 06 20
001342r 1  26 21          ROL $21                                             ; $D342: 26 21
001344r 1  26 22          ROL $22                                             ; $D344: 26 22
001346r 1  26 25          ROL $25                                             ; $D346: 26 25
001348r 1  26 26          ROL $26                                             ; $D348: 26 26
00134Ar 1  26 27          ROL $27                                             ; $D34A: 26 27
00134Cr 1  A5 25          LDA $25                                             ; $D34C: A5 25
00134Er 1  38             SEC                                                 ; $D34E: 38
00134Fr 1  E5 23          SBC $23                                             ; $D34F: E5 23
001351r 1  85 28          STA $28                                             ; $D351: 85 28
001353r 1  A5 26          LDA $26                                             ; $D353: A5 26
001355r 1  E5 24          SBC $24                                             ; $D355: E5 24
001357r 1  85 29          STA $29                                             ; $D357: 85 29
001359r 1  A5 27          LDA $27                                             ; $D359: A5 27
00135Br 1  E9 00          SBC #$00                                            ; $D35B: E9 00
00135Dr 1  90 0C          .byte $90,$0C                                       ; $D35D: 90 0C (BCC mid-instruction target)
00135Fr 1  85 27          STA $27                                             ; $D35F: 85 27
001361r 1  A5 28          LDA $28                                             ; $D361: A5 28
001363r 1  85 25          STA $25                                             ; $D363: 85 25
001365r 1  A5 29          LDA $29                                             ; $D365: A5 29
001367r 1  85 26          STA $26                                             ; $D367: 85 26
001369r 1  E6 20          INC $20                                             ; $D369: E6 20
00136Br 1  88             DEY                                                 ; $D36B: 88
00136Cr 1  10 D2          BPL LD340                                           ; $D36C: 10 D2
00136Er 1  60             RTS                                                 ; $D36E: 60
00136Fr 1               .endproc
00136Fr 1               LD340 = $D340
00136Fr 1               
00136Fr 1               
00136Fr 1               ;===============================================================================
00136Fr 1               ; $D36F: Proc_D36F
00136Fr 1               ;===============================================================================
00136Fr 1               .proc Proc_D36F
00136Fr 1               
00136Fr 1  48             PHA                                                 ; $D36F: 48
001370r 1  20 rr rr       JSR Proc_D105                                       ; $D370: 20 05 D1
001373r 1  A5 24          LDA $24                                             ; $D373: A5 24
001375r 1  F0 0E          BEQ LD385                                           ; $D375: F0 0E
001377r 1  20 rr rr       JSR Proc_D4BB                                       ; $D377: 20 BB D4
00137Ar 1  18             CLC                                                 ; $D37A: 18
00137Br 1  65 22          ADC $22                                             ; $D37B: 65 22
00137Dr 1  85 22          STA $22                                             ; $D37D: 85 22
00137Fr 1  A5 23          LDA $23                                             ; $D37F: A5 23
001381r 1  69 00          ADC #$00                                            ; $D381: 69 00
001383r 1  85 23          STA $23                                             ; $D383: 85 23
001385r 1               LD385:
001385r 1  68             PLA                                                 ; $D385: 68
001386r 1  20 rr rr       JSR Proc_D105                                       ; $D386: 20 05 D1
001389r 1  20 rr rr       JSR Proc_D69D                                       ; $D389: 20 9D D6
00138Cr 1  A0 02          LDY #$02                                            ; $D38C: A0 02
00138Er 1  B1 20          LDA ($20),Y                                         ; $D38E: B1 20
001390r 1  38             SEC                                                 ; $D390: 38
001391r 1  E5 22          SBC $22                                             ; $D391: E5 22
001393r 1  48             PHA                                                 ; $D393: 48
001394r 1  C8             INY                                                 ; $D394: C8
001395r 1  B1 20          LDA ($20),Y                                         ; $D395: B1 20
001397r 1  E5 23          SBC $23                                             ; $D397: E5 23
001399r 1  B0 03          BCS LD39E                                           ; $D399: B0 03
00139Br 1  68             PLA                                                 ; $D39B: 68
00139Cr 1  18             CLC                                                 ; $D39C: 18
00139Dr 1  60             RTS                                                 ; $D39D: 60
00139Er 1               LD39E:
00139Er 1  91 20          STA ($20),Y                                         ; $D39E: 91 20
0013A0r 1  88             DEY                                                 ; $D3A0: 88
0013A1r 1  68             PLA                                                 ; $D3A1: 68
0013A2r 1  91 20          STA ($20),Y                                         ; $D3A2: 91 20
0013A4r 1  20 rr rr       JSR Proc_D69D                                       ; $D3A4: 20 9D D6
0013A7r 1  38             SEC                                                 ; $D3A7: 38
0013A8r 1  60             RTS                                                 ; $D3A8: 60
0013A9r 1               .endproc
0013A9r 1               LD385 = $D385
0013A9r 1               LD39E = $D39E
0013A9r 1               
0013A9r 1               
0013A9r 1               ;===============================================================================
0013A9r 1               ; $D3A9: Proc_D3A9
0013A9r 1               ;===============================================================================
0013A9r 1               .proc Proc_D3A9
0013A9r 1               
0013A9r 1  48             PHA                                                 ; $D3A9: 48
0013AAr 1  20 rr rr       JSR Proc_D105                                       ; $D3AA: 20 05 D1
0013ADr 1  A5 24          LDA $24                                             ; $D3AD: A5 24
0013AFr 1  F0 0E          BEQ LD3BF                                           ; $D3AF: F0 0E
0013B1r 1  20 rr rr       JSR Proc_D4BB                                       ; $D3B1: 20 BB D4
0013B4r 1  18             CLC                                                 ; $D3B4: 18
0013B5r 1  65 22          ADC $22                                             ; $D3B5: 65 22
0013B7r 1  85 22          STA $22                                             ; $D3B7: 85 22
0013B9r 1  A5 23          LDA $23                                             ; $D3B9: A5 23
0013BBr 1  69 00          ADC #$00                                            ; $D3BB: 69 00
0013BDr 1  85 23          STA $23                                             ; $D3BD: 85 23
0013BFr 1               LD3BF:
0013BFr 1  68             PLA                                                 ; $D3BF: 68
0013C0r 1  20 rr rr       JSR Proc_D105                                       ; $D3C0: 20 05 D1
0013C3r 1  A0 04          LDY #$04                                            ; $D3C3: A0 04
0013C5r 1  B1 20          LDA ($20),Y                                         ; $D3C5: B1 20
0013C7r 1  38             SEC                                                 ; $D3C7: 38
0013C8r 1  E5 22          SBC $22                                             ; $D3C8: E5 22
0013CAr 1  48             PHA                                                 ; $D3CA: 48
0013CBr 1  C8             INY                                                 ; $D3CB: C8
0013CCr 1  B1 20          LDA ($20),Y                                         ; $D3CC: B1 20
0013CEr 1  E5 23          SBC $23                                             ; $D3CE: E5 23
0013D0r 1  B0 03          BCS LD3D5                                           ; $D3D0: B0 03
0013D2r 1  68             PLA                                                 ; $D3D2: 68
0013D3r 1  18             CLC                                                 ; $D3D3: 18
0013D4r 1  60             RTS                                                 ; $D3D4: 60
0013D5r 1               LD3D5:
0013D5r 1  91 20          STA ($20),Y                                         ; $D3D5: 91 20
0013D7r 1  88             DEY                                                 ; $D3D7: 88
0013D8r 1  68             PLA                                                 ; $D3D8: 68
0013D9r 1  91 20          STA ($20),Y                                         ; $D3D9: 91 20
0013DBr 1  38             SEC                                                 ; $D3DB: 38
0013DCr 1  60             RTS                                                 ; $D3DC: 60
0013DDr 1               .endproc
0013DDr 1               LD3BF = $D3BF
0013DDr 1               LD3D5 = $D3D5
0013DDr 1               
0013DDr 1               
0013DDr 1               ;===============================================================================
0013DDr 1               ; $D3DD: Proc_D3DD
0013DDr 1               ;===============================================================================
0013DDr 1               .proc Proc_D3DD
0013DDr 1               
0013DDr 1  20 rr rr       JSR Proc_D105                                       ; $D3DD: 20 05 D1
0013E0r 1  A2 00          LDX #$00                                            ; $D3E0: A2 00
0013E2r 1  A9 FF          LDA #$FF                                            ; $D3E2: A9 FF
0013E4r 1               LD3E4:
0013E4r 1  9D 73 6F       STA $6F73,X                                         ; $D3E4: 9D 73 6F
0013E7r 1  E8             INX                                                 ; $D3E7: E8
0013E8r 1  E0 10          CPX #$10                                            ; $D3E8: E0 10
0013EAr 1  90 F8          BCC LD3E4                                           ; $D3EA: 90 F8
0013ECr 1  A0 11          LDY #$11                                            ; $D3EC: A0 11
0013EEr 1  A2 00          LDX #$00                                            ; $D3EE: A2 00
0013F0r 1               LD3F0:
0013F0r 1  B1 20          LDA ($20),Y                                         ; $D3F0: B1 20
0013F2r 1  C9 FF          CMP #$FF                                            ; $D3F2: C9 FF
0013F4r 1  F0 04          BEQ LD3FA                                           ; $D3F4: F0 04
0013F6r 1  9D 73 6F       STA $6F73,X                                         ; $D3F6: 9D 73 6F
0013F9r 1  E8             INX                                                 ; $D3F9: E8
0013FAr 1               LD3FA:
0013FAr 1  C8             INY                                                 ; $D3FA: C8
0013FBr 1  C0 1B          CPY #$1B                                            ; $D3FB: C0 1B
0013FDr 1  90 F1          BCC LD3F0                                           ; $D3FD: 90 F1
0013FFr 1  A0 11          LDY #$11                                            ; $D3FF: A0 11
001401r 1  A2 00          LDX #$00                                            ; $D401: A2 00
001403r 1               LD403:
001403r 1  BD 73 6F       LDA $6F73,X                                         ; $D403: BD 73 6F
001406r 1  91 20          STA ($20),Y                                         ; $D406: 91 20
001408r 1  C8             INY                                                 ; $D408: C8
001409r 1  E8             INX                                                 ; $D409: E8
00140Ar 1  C0 1B          CPY #$1B                                            ; $D40A: C0 1B
00140Cr 1  90 F5          BCC LD403                                           ; $D40C: 90 F5
00140Er 1  60             RTS                                                 ; $D40E: 60
00140Fr 1               .endproc
00140Fr 1               LD3E4 = $D3E4
00140Fr 1               LD3F0 = $D3F0
00140Fr 1               LD3FA = $D3FA
00140Fr 1               LD403 = $D403
00140Fr 1               
00140Fr 1               
00140Fr 1               ;===============================================================================
00140Fr 1               ; $D40F: Proc_D40F
00140Fr 1               ;===============================================================================
00140Fr 1               .proc Proc_D40F
00140Fr 1               
00140Fr 1  A9 00          LDA #$00                                            ; $D40F: A9 00
001411r 1  85 25          STA $25                                             ; $D411: 85 25
001413r 1  85 26          STA $26                                             ; $D413: 85 26
001415r 1  A0 0F          LDY #$0F                                            ; $D415: A0 0F
001417r 1               LD417:
001417r 1  06 21          ASL $21                                             ; $D417: 06 21
001419r 1  26 22          ROL $22                                             ; $D419: 26 22
00141Br 1  26 25          ROL $25                                             ; $D41B: 26 25
00141Dr 1  26 26          ROL $26                                             ; $D41D: 26 26
00141Fr 1  A5 25          LDA $25                                             ; $D41F: A5 25
001421r 1  38             SEC                                                 ; $D421: 38
001422r 1  E5 23          SBC $23                                             ; $D422: E5 23
001424r 1  85 27          STA $27                                             ; $D424: 85 27
001426r 1  A5 26          LDA $26                                             ; $D426: A5 26
001428r 1  E5 24          SBC $24                                             ; $D428: E5 24
00142Ar 1  90 08          .byte $90,$08                                       ; $D42A: 90 08 (BCC mid-instruction target)
00142Cr 1  85 26          STA $26                                             ; $D42C: 85 26
00142Er 1  A5 27          LDA $27                                             ; $D42E: A5 27
001430r 1  85 25          STA $25                                             ; $D430: 85 25
001432r 1  E6 21          INC $21                                             ; $D432: E6 21
001434r 1  88             DEY                                                 ; $D434: 88
001435r 1  10 E0          BPL LD417                                           ; $D435: 10 E0
001437r 1  60             RTS                                                 ; $D437: 60
001438r 1               .endproc
001438r 1               LD417 = $D417
001438r 1               
001438r 1               
001438r 1               ;===============================================================================
001438r 1               ; $D438: Proc_D438
001438r 1               ;===============================================================================
001438r 1               .proc Proc_D438
001438r 1               
001438r 1  A0 07          LDY #$07                                            ; $D438: A0 07
00143Ar 1  A9 00          LDA #$00                                            ; $D43A: A9 00
00143Cr 1  85 24          STA $24                                             ; $D43C: 85 24
00143Er 1  85 25          STA $25                                             ; $D43E: 85 25
001440r 1  85 26          STA $26                                             ; $D440: 85 26
001442r 1  85 27          STA $27                                             ; $D442: 85 27
001444r 1  85 28          STA $28                                             ; $D444: 85 28
001446r 1  85 29          STA $29                                             ; $D446: 85 29
001448r 1  46 23          LSR $23                                             ; $D448: 46 23
00144Ar 1  90 19          .byte $90,$19                                       ; $D44A: 90 19 (BCC mid-instruction target)
00144Cr 1  A5 20          LDA $20                                             ; $D44C: A5 20
00144Er 1  18             CLC                                                 ; $D44E: 18
00144Fr 1  65 26          ADC $26                                             ; $D44F: 65 26
001451r 1  85 26          STA $26                                             ; $D451: 85 26
001453r 1  A5 21          LDA $21                                             ; $D453: A5 21
001455r 1  65 27          ADC $27                                             ; $D455: 65 27
001457r 1  85 27          STA $27                                             ; $D457: 85 27
001459r 1  A5 22          LDA $22                                             ; $D459: A5 22
00145Br 1  65 28          ADC $28                                             ; $D45B: 65 28
00145Dr 1  85 28          STA $28                                             ; $D45D: 85 28
00145Fr 1  A5 24          LDA $24                                             ; $D45F: A5 24
001461r 1  65 29          ADC $29                                             ; $D461: 65 29
001463r 1  85 29          STA $29                                             ; $D463: 85 29
001465r 1  06 20          ASL $20                                             ; $D465: 06 20
001467r 1  26 21          ROL $21                                             ; $D467: 26 21
001469r 1  26 22          ROL $22                                             ; $D469: 26 22
00146Br 1  26 24          ROL $24                                             ; $D46B: 26 24
00146Dr 1  88             DEY                                                 ; $D46D: 88
00146Er 1  10 D8          .byte $10,$D8                                       ; $D46E: 10 D8 (BPL mid-instruction target)
001470r 1  60             RTS                                                 ; $D470: 60
001471r 1               .endproc
001471r 1               
001471r 1               ;===============================================================================
001471r 1               ; $D471: Proc_D471
001471r 1               ;===============================================================================
001471r 1               .proc Proc_D471
001471r 1               
001471r 1  A0 07          LDY #$07                                            ; $D471: A0 07
001473r 1  A9 00          LDA #$00                                            ; $D473: A9 00
001475r 1  85 2C          STA $2C                                             ; $D475: 85 2C
001477r 1  85 2A          STA $2A                                             ; $D477: 85 2A
001479r 1  85 2B          STA $2B                                             ; $D479: 85 2B
00147Br 1               LD47B:
00147Br 1  46 21          LSR $21                                             ; $D47B: 46 21
00147Dr 1  90 0D          BCC LD48C                                           ; $D47D: 90 0D
00147Fr 1  A5 20          LDA $20                                             ; $D47F: A5 20
001481r 1  18             CLC                                                 ; $D481: 18
001482r 1  65 2A          ADC $2A                                             ; $D482: 65 2A
001484r 1  85 2A          STA $2A                                             ; $D484: 85 2A
001486r 1  A5 2C          LDA $2C                                             ; $D486: A5 2C
001488r 1  65 2B          ADC $2B                                             ; $D488: 65 2B
00148Ar 1  85 2B          STA $2B                                             ; $D48A: 85 2B
00148Cr 1               LD48C:
00148Cr 1  06 20          ASL $20                                             ; $D48C: 06 20
00148Er 1  26 2C          ROL $2C                                             ; $D48E: 26 2C
001490r 1  88             DEY                                                 ; $D490: 88
001491r 1  10 E8          BPL LD47B                                           ; $D491: 10 E8
001493r 1  60             RTS                                                 ; $D493: 60
001494r 1               .endproc
001494r 1               LD47B = $D47B
001494r 1               LD48C = $D48C
001494r 1               
001494r 1               
001494r 1               ;===============================================================================
001494r 1               ; $D494: Proc_D494
001494r 1               ;===============================================================================
001494r 1               .proc Proc_D494
001494r 1               
001494r 1  84 20          STY $20                                             ; $D494: 84 20
001496r 1  0A             ASL A                                               ; $D496: 0A
001497r 1  A8             TAY                                                 ; $D497: A8
001498r 1  C8             INY                                                 ; $D498: C8
001499r 1  68             PLA                                                 ; $D499: 68
00149Ar 1  85 21          STA $21                                             ; $D49A: 85 21
00149Cr 1  68             PLA                                                 ; $D49C: 68
00149Dr 1  85 22          STA $22                                             ; $D49D: 85 22
00149Fr 1  B1 21          LDA ($21),Y                                         ; $D49F: B1 21
0014A1r 1  85 23          STA $23                                             ; $D4A1: 85 23
0014A3r 1  C8             INY                                                 ; $D4A3: C8
0014A4r 1  B1 21          LDA ($21),Y                                         ; $D4A4: B1 21
0014A6r 1  85 24          STA $24                                             ; $D4A6: 85 24
0014A8r 1  A4 20          LDY $20                                             ; $D4A8: A4 20
0014AAr 1  6C 23 00       JMP ($0023)                                         ; $D4AA: 6C 23 00
0014ADr 1               .endproc
0014ADr 1               
0014ADr 1               ;===============================================================================
0014ADr 1               ; $D4AD: Proc_D4AD
0014ADr 1               ;===============================================================================
0014ADr 1               .proc Proc_D4AD
0014ADr 1               
0014ADr 1  8D 56 00       STA a:$0056                                         ; $D4AD: 8D 56 00
0014B0r 1               LD4B0:
0014B0r 1  20 8A E8       JSR B1F_RandomByte2                                 ; $D4B0: 20 8A E8
0014B3r 1  29 0F          AND #$0F                                            ; $D4B3: 29 0F
0014B5r 1  CD 56 00       CMP a:$0056                                         ; $D4B5: CD 56 00
0014B8r 1  B0 F6          BCS LD4B0                                           ; $D4B8: B0 F6
0014BAr 1  60             RTS                                                 ; $D4BA: 60
0014BBr 1               .endproc
0014BBr 1               LD4B0 = $D4B0
0014BBr 1               
0014BBr 1               
0014BBr 1               ;===============================================================================
0014BBr 1               ; $D4BB: Proc_D4BB
0014BBr 1               ;===============================================================================
0014BBr 1               .proc Proc_D4BB
0014BBr 1               
0014BBr 1  C9 0F          CMP #$0F                                            ; $D4BB: C9 0F
0014BDr 1  90 EE          .byte $90,$EE                                       ; $D4BD: 90 EE (BCC cross-proc)
0014BFr 1  8D 56 00       STA a:$0056                                         ; $D4BF: 8D 56 00
0014C2r 1               LD4C2:
0014C2r 1  20 8A E8       JSR B1F_RandomByte2                                 ; $D4C2: 20 8A E8
0014C5r 1  CD 56 00       CMP a:$0056                                         ; $D4C5: CD 56 00
0014C8r 1  B0 F8          BCS LD4C2                                           ; $D4C8: B0 F8
0014CAr 1  60             RTS                                                 ; $D4CA: 60
0014CBr 1               .endproc
0014CBr 1               LD4C2 = $D4C2
0014CBr 1               
0014CBr 1               
0014CBr 1               ;===============================================================================
0014CBr 1               ; $D4CB: Proc_D4CB
0014CBr 1               ;===============================================================================
0014CBr 1               .proc Proc_D4CB
0014CBr 1               
0014CBr 1  A0 7F          LDY #$7F                                            ; $D4CB: A0 7F
0014CDr 1  A9 00          LDA #$00                                            ; $D4CD: A9 00
0014CFr 1               LD4CF:
0014CFr 1  99 80 05       STA $0580,Y                                         ; $D4CF: 99 80 05
0014D2r 1  88             DEY                                                 ; $D4D2: 88
0014D3r 1  10 FA          BPL LD4CF                                           ; $D4D3: 10 FA
0014D5r 1  A0 30          LDY #$30                                            ; $D4D5: A0 30
0014D7r 1  20 66 F2       JSR B1F_SwitchBank8_A                               ; $D4D7: 20 66 F2
0014DAr 1  A9 1D          LDA #$1D                                            ; $D4DA: A9 1D
0014DCr 1  8D 36 00       STA a:$0036                                         ; $D4DC: 8D 36 00
0014DFr 1               LD4DF:
0014DFr 1  AD 36 00       LDA a:$0036                                         ; $D4DF: AD 36 00
0014E2r 1  20 rr rr       JSR Proc_D105                                       ; $D4E2: 20 05 D1
0014E5r 1  29 07          AND #$07                                            ; $D4E5: 29 07
0014E7r 1  CD 03 6F       CMP $6F03                                           ; $D4E7: CD 03 6F
0014EAr 1  D0 38          BNE LD524                                           ; $D4EA: D0 38
0014ECr 1  AD 36 00       LDA a:$0036                                         ; $D4EC: AD 36 00
0014EFr 1  0A             ASL A                                               ; $D4EF: 0A
0014F0r 1  0A             ASL A                                               ; $D4F0: 0A
0014F1r 1  0A             ASL A                                               ; $D4F1: 0A
0014F2r 1  85 24          STA $24                                             ; $D4F2: 85 24
0014F4r 1  A4 24          LDY $24                                             ; $D4F4: A4 24
0014F6r 1  B9 72 9D       LDA $9D72,Y                                         ; $D4F6: B9 72 9D
0014F9r 1  30 29          BMI LD524                                           ; $D4F9: 30 29
0014FBr 1  85 25          STA $25                                             ; $D4FB: 85 25
0014FDr 1  20 rr rr       JSR Proc_D105                                       ; $D4FD: 20 05 D1
001500r 1  29 07          AND #$07                                            ; $D500: 29 07
001502r 1  CD 03 6F       CMP $6F03                                           ; $D502: CD 03 6F
001505r 1  D0 18          .byte $D0,$18                                       ; $D505: D0 18 (BNE mid-instruction target)
001507r 1  A6 25          LDX $25                                             ; $D507: A6 25
001509r 1  AD 36 00       LDA a:$0036                                         ; $D509: AD 36 00
00150Cr 1  18             CLC                                                 ; $D50C: 18
00150Dr 1  7D BF D5       ADC $D5BF,X                                         ; $D50D: 7D BF D5
001510r 1  A8             TAY                                                 ; $D510: A8
001511r 1  A5 25          LDA $25                                             ; $D511: A5 25
001513r 1  29 07          AND #$07                                            ; $D513: 29 07
001515r 1  AA             TAX                                                 ; $D515: AA
001516r 1  BD DF D5       LDA $D5DF,X                                         ; $D516: BD DF D5
001519r 1  19 80 05       ORA $0580,Y                                         ; $D519: 19 80 05
00151Cr 1  99 80 05       STA $0580,Y                                         ; $D51C: 99 80 05
00151Fr 1  E6 24          INC $24                                             ; $D51F: E6 24
001521r 1  4C F4 D4       JMP $D4F4                                           ; $D521: 4C F4 D4
001524r 1               LD524:
001524r 1  CE 36 00       DEC a:$0036                                         ; $D524: CE 36 00
001527r 1  10 B6          BPL LD4DF                                           ; $D527: 10 B6
001529r 1  A0 01          LDY #$01                                            ; $D529: A0 01
00152Br 1  A2 00          LDX #$00                                            ; $D52B: A2 00
00152Dr 1               LD52D:
00152Dr 1  20 rr rr       JSR Proc_D53E                                       ; $D52D: 20 3E D5
001530r 1  C8             INY                                                 ; $D530: C8
001531r 1  C0 1E          CPY #$1E                                            ; $D531: C0 1E
001533r 1  90 F8          BCC LD52D                                           ; $D533: 90 F8
001535r 1  E8             INX                                                 ; $D535: E8
001536r 1  8A             TXA                                                 ; $D536: 8A
001537r 1  A8             TAY                                                 ; $D537: A8
001538r 1  E8             INX                                                 ; $D538: E8
001539r 1  E0 1D          CPX #$1D                                            ; $D539: E0 1D
00153Br 1  90 F0          BCC LD52D                                           ; $D53B: 90 F0
00153Dr 1  60             RTS                                                 ; $D53D: 60
00153Er 1               .endproc
00153Er 1               LD4CF = $D4CF
00153Er 1               LD4DF = $D4DF
00153Er 1               LD524 = $D524
00153Er 1               LD52D = $D52D
00153Er 1               
00153Er 1               
00153Er 1               ;===============================================================================
00153Er 1               ; $D53E: Proc_D53E
00153Er 1               ;===============================================================================
00153Er 1               .proc Proc_D53E
00153Er 1               
00153Er 1  BD 80 05       LDA $0580,X                                         ; $D53E: BD 80 05
001541r 1  39 80 05       AND $0580,Y                                         ; $D541: 39 80 05
001544r 1  F0 09          .byte $F0,$09                                       ; $D544: F0 09 (BEQ mid-instruction target)
001546r 1  BD 80 05       LDA $0580,X                                         ; $D546: BD 80 05
001549r 1  19 80 05       ORA $0580,Y                                         ; $D549: 19 80 05
00154Cr 1  99 80 05       STA $0580,Y                                         ; $D54C: 99 80 05
00154Fr 1  BD A0 05       LDA $05A0,X                                         ; $D54F: BD A0 05
001552r 1  39 A0 05       AND $05A0,Y                                         ; $D552: 39 A0 05
001555r 1  F0 09          .byte $F0,$09                                       ; $D555: F0 09 (BEQ mid-instruction target)
001557r 1  BD A0 05       LDA $05A0,X                                         ; $D557: BD A0 05
00155Ar 1  19 A0 05       ORA $05A0,Y                                         ; $D55A: 19 A0 05
00155Dr 1  99 A0 05       STA $05A0,Y                                         ; $D55D: 99 A0 05
001560r 1  BD C0 05       LDA $05C0,X                                         ; $D560: BD C0 05
001563r 1  39 C0 05       AND $05C0,Y                                         ; $D563: 39 C0 05
001566r 1  F0 09          .byte $F0,$09                                       ; $D566: F0 09 (BEQ mid-instruction target)
001568r 1  BD C0 05       LDA $05C0,X                                         ; $D568: BD C0 05
00156Br 1  19 C0 05       ORA $05C0,Y                                         ; $D56B: 19 C0 05
00156Er 1  99 C0 05       STA $05C0,Y                                         ; $D56E: 99 C0 05
001571r 1  BD E0 05       LDA $05E0,X                                         ; $D571: BD E0 05
001574r 1  39 E0 05       AND $05E0,Y                                         ; $D574: 39 E0 05
001577r 1  F0 09          .byte $F0,$09                                       ; $D577: F0 09 (BEQ mid-instruction target)
001579r 1  BD E0 05       LDA $05E0,X                                         ; $D579: BD E0 05
00157Cr 1  19 E0 05       ORA $05E0,Y                                         ; $D57C: 19 E0 05
00157Fr 1  99 E0 05       STA $05E0,Y                                         ; $D57F: 99 E0 05
001582r 1  60             RTS                                                 ; $D582: 60
001583r 1               .endproc
001583r 1               
001583r 1               ;===============================================================================
001583r 1               ; $D583: Proc_D583
001583r 1               ;===============================================================================
001583r 1               .proc Proc_D583
001583r 1               
001583r 1  84 31          STY $31                                             ; $D583: 84 31
001585r 1  86 32          STX $32                                             ; $D585: 86 32
001587r 1  A2 1D          LDX #$1D                                            ; $D587: A2 1D
001589r 1  86 30          STX $30                                             ; $D589: 86 30
00158Br 1  A4 31          LDY $31                                             ; $D58B: A4 31
00158Dr 1  A5 30          LDA $30                                             ; $D58D: A5 30
00158Fr 1  19 BF D5       ORA $D5BF,Y                                         ; $D58F: 19 BF D5
001592r 1  AA             TAX                                                 ; $D592: AA
001593r 1  A5 31          LDA $31                                             ; $D593: A5 31
001595r 1  29 07          AND #$07                                            ; $D595: 29 07
001597r 1  A8             TAY                                                 ; $D597: A8
001598r 1  BD 80 05       LDA $0580,X                                         ; $D598: BD 80 05
00159Br 1  39 DF D5       AND $D5DF,Y                                         ; $D59B: 39 DF D5
00159Er 1  F0 18          BEQ LD5B8                                           ; $D59E: F0 18
0015A0r 1  A4 32          LDY $32                                             ; $D5A0: A4 32
0015A2r 1  A5 30          LDA $30                                             ; $D5A2: A5 30
0015A4r 1  19 BF D5       ORA $D5BF,Y                                         ; $D5A4: 19 BF D5
0015A7r 1  AA             TAX                                                 ; $D5A7: AA
0015A8r 1  A5 32          LDA $32                                             ; $D5A8: A5 32
0015AAr 1  29 07          AND #$07                                            ; $D5AA: 29 07
0015ACr 1  A8             TAY                                                 ; $D5AC: A8
0015ADr 1  BD 80 05       LDA $0580,X                                         ; $D5AD: BD 80 05
0015B0r 1  39 DF D5       AND $D5DF,Y                                         ; $D5B0: 39 DF D5
0015B3r 1  F0 03          BEQ LD5B8                                           ; $D5B3: F0 03
0015B5r 1  A9 FF          LDA #$FF                                            ; $D5B5: A9 FF
0015B7r 1  60             RTS                                                 ; $D5B7: 60
0015B8r 1               LD5B8:
0015B8r 1  C6 30          DEC $30                                             ; $D5B8: C6 30
0015BAr 1  10 CF          .byte $10,$CF                                       ; $D5BA: 10 CF (BPL mid-instruction target)
0015BCr 1  A9 00          LDA #$00                                            ; $D5BC: A9 00
0015BEr 1  60             RTS                                                 ; $D5BE: 60
0015BFr 1               .endproc
0015BFr 1               LD5B8 = $D5B8
0015BFr 1               
0015BFr 1               
0015BFr 1               ;===============================================================================
0015BFr 1               ; $D5BF: Proc_D5BF
0015BFr 1               ;===============================================================================
0015BFr 1               .proc Proc_D5BF
0015BFr 1               
0015BFr 1  00             BRK                                                 ; $D5BF: 00
0015C0r 1  00 00 00 00    .byte $00,$00,$00,$00,$00,$00,$00,$20,$20,$20,$20,$20,$20,$20,$20,$40; $D5C0: 00 00 00 00 00 00 00 20 20 20 20 20 20 20 20 40
0015C4r 1  00 00 00 20  
0015C8r 1  20 20 20 20  
0015D0r 1  40 40 40 40    .byte $40,$40,$40,$40,$40,$40,$40,$60,$60,$60,$60,$60,$60,$60,$60,$01; $D5D0: 40 40 40 40 40 40 40 60 60 60 60 60 60 60 60 01
0015D4r 1  40 40 40 60  
0015D8r 1  60 60 60 60  
0015E0r 1  02 04 08 10    .byte $02,$04,$08,$10,$20,$40,$80                   ; $D5E0: 02 04 08 10 20 40 80
0015E4r 1  20 40 80     
0015E7r 1               .endproc
0015E7r 1               
0015E7r 1               ;===============================================================================
0015E7r 1               ; $D5E7: Proc_D5E7
0015E7r 1               ;===============================================================================
0015E7r 1               .proc Proc_D5E7
0015E7r 1               
0015E7r 1  60             RTS                                                 ; $D5E7: 60
0015E8r 1               .endproc
0015E8r 1               
0015E8r 1               ;===============================================================================
0015E8r 1               ; $D5E8: Proc_D5E8
0015E8r 1               ;===============================================================================
0015E8r 1               .proc Proc_D5E8
0015E8r 1               
0015E8r 1  A0 00          LDY #$00                                            ; $D5E8: A0 00
0015EAr 1  B1 20          LDA ($20),Y                                         ; $D5EA: B1 20
0015ECr 1  C9 65          CMP #$65                                            ; $D5EC: C9 65
0015EEr 1  90 06          BCC LD5F6                                           ; $D5EE: 90 06
0015F0r 1  A9 14          LDA #$14                                            ; $D5F0: A9 14
0015F2r 1  8D FF 6F       STA $6FFF                                           ; $D5F2: 8D FF 6F
0015F5r 1  00             BRK                                                 ; $D5F5: 00
0015F6r 1               LD5F6:
0015F6r 1  C8             INY                                                 ; $D5F6: C8
0015F7r 1  B1 20          LDA ($20),Y                                         ; $D5F7: B1 20
0015F9r 1  C9 65          CMP #$65                                            ; $D5F9: C9 65
0015FBr 1  90 06          BCC LD603                                           ; $D5FB: 90 06
0015FDr 1  A9 15          LDA #$15                                            ; $D5FD: A9 15
0015FFr 1  8D FF 6F       STA $6FFF                                           ; $D5FF: 8D FF 6F
001602r 1  00             BRK                                                 ; $D602: 00
001603r 1               LD603:
001603r 1  C8             INY                                                 ; $D603: C8
001604r 1  B1 20          LDA ($20),Y                                         ; $D604: B1 20
001606r 1  C9 65          CMP #$65                                            ; $D606: C9 65
001608r 1  90 06          BCC LD610                                           ; $D608: 90 06
00160Ar 1  A9 16          LDA #$16                                            ; $D60A: A9 16
00160Cr 1  8D FF 6F       STA $6FFF                                           ; $D60C: 8D FF 6F
00160Fr 1  00             BRK                                                 ; $D60F: 00
001610r 1               LD610:
001610r 1  C8             INY                                                 ; $D610: C8
001611r 1  B1 20          LDA ($20),Y                                         ; $D611: B1 20
001613r 1  C9 65          CMP #$65                                            ; $D613: C9 65
001615r 1  90 06          BCC LD61D                                           ; $D615: 90 06
001617r 1  A9 17          LDA #$17                                            ; $D617: A9 17
001619r 1  8D FF 6F       STA $6FFF                                           ; $D619: 8D FF 6F
00161Cr 1  00             BRK                                                 ; $D61C: 00
00161Dr 1               LD61D:
00161Dr 1  60             RTS                                                 ; $D61D: 60
00161Er 1               .endproc
00161Er 1               LD5F6 = $D5F6
00161Er 1               LD603 = $D603
00161Er 1               LD610 = $D610
00161Er 1               LD61D = $D61D
00161Er 1               
00161Er 1               
00161Er 1               ;===============================================================================
00161Er 1               ; $D61E: Proc_D61E
00161Er 1               ;===============================================================================
00161Er 1               .proc Proc_D61E
00161Er 1               
00161Er 1  60             RTS                                                 ; $D61E: 60
00161Fr 1               .endproc
00161Fr 1               
00161Fr 1               ;===============================================================================
00161Fr 1               ; $D61F: Proc_D61F
00161Fr 1               ;===============================================================================
00161Fr 1               .proc Proc_D61F
00161Fr 1               
00161Fr 1  A0 00          LDY #$00                                            ; $D61F: A0 00
001621r 1  B1 22          LDA ($22),Y                                         ; $D621: B1 22
001623r 1  C9 65          CMP #$65                                            ; $D623: C9 65
001625r 1  90 06          BCC LD62D                                           ; $D625: 90 06
001627r 1  A9 18          LDA #$18                                            ; $D627: A9 18
001629r 1  8D FF 6F       STA $6FFF                                           ; $D629: 8D FF 6F
00162Cr 1  00             BRK                                                 ; $D62C: 00
00162Dr 1               LD62D:
00162Dr 1  C8             INY                                                 ; $D62D: C8
00162Er 1  B1 22          LDA ($22),Y                                         ; $D62E: B1 22
001630r 1  C9 65          CMP #$65                                            ; $D630: C9 65
001632r 1  90 06          BCC LD63A                                           ; $D632: 90 06
001634r 1  A9 19          LDA #$19                                            ; $D634: A9 19
001636r 1  8D FF 6F       STA $6FFF                                           ; $D636: 8D FF 6F
001639r 1  00             BRK                                                 ; $D639: 00
00163Ar 1               LD63A:
00163Ar 1  C8             INY                                                 ; $D63A: C8
00163Br 1  B1 22          LDA ($22),Y                                         ; $D63B: B1 22
00163Dr 1  C9 65          CMP #$65                                            ; $D63D: C9 65
00163Fr 1  90 06          BCC LD647                                           ; $D63F: 90 06
001641r 1  A9 1A          LDA #$1A                                            ; $D641: A9 1A
001643r 1  8D FF 6F       STA $6FFF                                           ; $D643: 8D FF 6F
001646r 1  00             BRK                                                 ; $D646: 00
001647r 1               LD647:
001647r 1  C8             INY                                                 ; $D647: C8
001648r 1  B1 22          LDA ($22),Y                                         ; $D648: B1 22
00164Ar 1  C9 65          CMP #$65                                            ; $D64A: C9 65
00164Cr 1  90 06          BCC LD654                                           ; $D64C: 90 06
00164Er 1  A9 1B          LDA #$1B                                            ; $D64E: A9 1B
001650r 1  8D FF 6F       STA $6FFF                                           ; $D650: 8D FF 6F
001653r 1  00             BRK                                                 ; $D653: 00
001654r 1               LD654:
001654r 1  60             RTS                                                 ; $D654: 60
001655r 1               .endproc
001655r 1               LD62D = $D62D
001655r 1               LD63A = $D63A
001655r 1               LD647 = $D647
001655r 1               LD654 = $D654
001655r 1               
001655r 1               
001655r 1               ;===============================================================================
001655r 1               ; $D655: Proc_D655
001655r 1               ;===============================================================================
001655r 1               .proc Proc_D655
001655r 1               
001655r 1  A0 02          LDY #$02                                            ; $D655: A0 02
001657r 1  B1 22          LDA ($22),Y                                         ; $D657: B1 22
001659r 1  38             SEC                                                 ; $D659: 38
00165Ar 1  E9 10          SBC #$10                                            ; $D65A: E9 10
00165Cr 1  C8             INY                                                 ; $D65C: C8
00165Dr 1  B1 22          LDA ($22),Y                                         ; $D65D: B1 22
00165Fr 1  E9 27          SBC #$27                                            ; $D65F: E9 27
001661r 1  90 0B          BCC LD66E                                           ; $D661: 90 0B
001663r 1  A0 02          LDY #$02                                            ; $D663: A0 02
001665r 1  A9 0F          LDA #$0F                                            ; $D665: A9 0F
001667r 1  91 22          STA ($22),Y                                         ; $D667: 91 22
001669r 1  C8             INY                                                 ; $D669: C8
00166Ar 1  A9 27          LDA #$27                                            ; $D66A: A9 27
00166Cr 1  91 22          STA ($22),Y                                         ; $D66C: 91 22
00166Er 1               LD66E:
00166Er 1  A0 04          LDY #$04                                            ; $D66E: A0 04
001670r 1  B1 22          LDA ($22),Y                                         ; $D670: B1 22
001672r 1  38             SEC                                                 ; $D672: 38
001673r 1  E9 10          SBC #$10                                            ; $D673: E9 10
001675r 1  C8             INY                                                 ; $D675: C8
001676r 1  B1 22          LDA ($22),Y                                         ; $D676: B1 22
001678r 1  E9 27          SBC #$27                                            ; $D678: E9 27
00167Ar 1  90 0B          BCC LD687                                           ; $D67A: 90 0B
00167Cr 1  A0 04          LDY #$04                                            ; $D67C: A0 04
00167Er 1  A9 0F          LDA #$0F                                            ; $D67E: A9 0F
001680r 1  91 22          STA ($22),Y                                         ; $D680: 91 22
001682r 1  C8             INY                                                 ; $D682: C8
001683r 1  A9 27          LDA #$27                                            ; $D683: A9 27
001685r 1  91 22          STA ($22),Y                                         ; $D685: 91 22
001687r 1               LD687:
001687r 1  60             RTS                                                 ; $D687: 60
001688r 1               .endproc
001688r 1               LD66E = $D66E
001688r 1               LD687 = $D687
001688r 1               
001688r 1               
001688r 1               ;===============================================================================
001688r 1               ; $D688: Proc_D688
001688r 1               ;===============================================================================
001688r 1               .proc Proc_D688
001688r 1               
001688r 1  A0 0C          LDY #$0C                                            ; $D688: A0 0C
00168Ar 1  B1 22          LDA ($22),Y                                         ; $D68A: B1 22
00168Cr 1  38             SEC                                                 ; $D68C: 38
00168Dr 1  E9 10          SBC #$10                                            ; $D68D: E9 10
00168Fr 1  C8             INY                                                 ; $D68F: C8
001690r 1  B1 22          LDA ($22),Y                                         ; $D690: B1 22
001692r 1  E9 27          SBC #$27                                            ; $D692: E9 27
001694r 1  90 06          BCC LD69C                                           ; $D694: 90 06
001696r 1  A9 1E          LDA #$1E                                            ; $D696: A9 1E
001698r 1  8D FF 6F       STA $6FFF                                           ; $D698: 8D FF 6F
00169Br 1  00             BRK                                                 ; $D69B: 00
00169Cr 1               LD69C:
00169Cr 1  60             RTS                                                 ; $D69C: 60
00169Dr 1               .endproc
00169Dr 1               LD69C = $D69C
00169Dr 1               
00169Dr 1               
00169Dr 1               ;===============================================================================
00169Dr 1               ; $D69D: Proc_D69D
00169Dr 1               ;===============================================================================
00169Dr 1               .proc Proc_D69D
00169Dr 1               
00169Dr 1  A0 02          LDY #$02                                            ; $D69D: A0 02
00169Fr 1  B1 20          LDA ($20),Y                                         ; $D69F: B1 20
0016A1r 1  38             SEC                                                 ; $D6A1: 38
0016A2r 1  E9 10          SBC #$10                                            ; $D6A2: E9 10
0016A4r 1  C8             INY                                                 ; $D6A4: C8
0016A5r 1  B1 20          LDA ($20),Y                                         ; $D6A5: B1 20
0016A7r 1  E9 27          SBC #$27                                            ; $D6A7: E9 27
0016A9r 1  90 0B          .byte $90,$0B                                       ; $D6A9: 90 0B (BCC mid-instruction target)
0016ABr 1  A0 02          LDY #$02                                            ; $D6AB: A0 02
0016ADr 1  A9 0F          LDA #$0F                                            ; $D6AD: A9 0F
0016AFr 1  91 20          STA ($20),Y                                         ; $D6AF: 91 20
0016B1r 1  C8             INY                                                 ; $D6B1: C8
0016B2r 1  A9 27          LDA #$27                                            ; $D6B2: A9 27
0016B4r 1  91 20          STA ($20),Y                                         ; $D6B4: 91 20
0016B6r 1  A0 04          LDY #$04                                            ; $D6B6: A0 04
0016B8r 1  B1 20          LDA ($20),Y                                         ; $D6B8: B1 20
0016BAr 1  38             SEC                                                 ; $D6BA: 38
0016BBr 1  E9 10          SBC #$10                                            ; $D6BB: E9 10
0016BDr 1  C8             INY                                                 ; $D6BD: C8
0016BEr 1  B1 20          LDA ($20),Y                                         ; $D6BE: B1 20
0016C0r 1  E9 27          SBC #$27                                            ; $D6C0: E9 27
0016C2r 1  90 0B          .byte $90,$0B                                       ; $D6C2: 90 0B (BCC mid-instruction target)
0016C4r 1  A0 04          LDY #$04                                            ; $D6C4: A0 04
0016C6r 1  A9 0F          LDA #$0F                                            ; $D6C6: A9 0F
0016C8r 1  91 20          STA ($20),Y                                         ; $D6C8: 91 20
0016CAr 1  C8             INY                                                 ; $D6CA: C8
0016CBr 1  A9 27          LDA #$27                                            ; $D6CB: A9 27
0016CDr 1  91 20          STA ($20),Y                                         ; $D6CD: 91 20
0016CFr 1  60             RTS                                                 ; $D6CF: 60
0016D0r 1  A0 0C          LDY #$0C                                            ; $D6D0: A0 0C
0016D2r 1  B1 20          LDA ($20),Y                                         ; $D6D2: B1 20
0016D4r 1  38             SEC                                                 ; $D6D4: 38
0016D5r 1  E9 10          SBC #$10                                            ; $D6D5: E9 10
0016D7r 1  C8             INY                                                 ; $D6D7: C8
0016D8r 1  B1 20          LDA ($20),Y                                         ; $D6D8: B1 20
0016DAr 1  E9 27          SBC #$27                                            ; $D6DA: E9 27
0016DCr 1  90 06          BCC LD6E4                                           ; $D6DC: 90 06
0016DEr 1  A9 21          LDA #$21                                            ; $D6DE: A9 21
0016E0r 1  8D FF 6F       STA $6FFF                                           ; $D6E0: 8D FF 6F
0016E3r 1  00             BRK                                                 ; $D6E3: 00
0016E4r 1               LD6E4:
0016E4r 1  60             RTS                                                 ; $D6E4: 60
0016E5r 1               .endproc
0016E5r 1               LD6E4 = $D6E4
0016E5r 1               
0016E5r 1               
0016E5r 1               ;===============================================================================
0016E5r 1               ; $D6E5: Proc_D6E5
0016E5r 1               ;===============================================================================
0016E5r 1               .proc Proc_D6E5
0016E5r 1               
0016E5r 1  60             RTS                                                 ; $D6E5: 60
0016E6r 1               .endproc
0016E6r 1               
0016E6r 1               ;===============================================================================
0016E6r 1               ; $D6E6: Proc_D6E6
0016E6r 1               ;===============================================================================
0016E6r 1               .proc Proc_D6E6
0016E6r 1               
0016E6r 1  A9 00          LDA #$00                                            ; $D6E6: A9 00
0016E8r 1  8D 36 00       STA a:$0036                                         ; $D6E8: 8D 36 00
0016EBr 1               LD6EB:
0016EBr 1  AD 36 00       LDA a:$0036                                         ; $D6EB: AD 36 00
0016EEr 1  20 rr rr       JSR Proc_D105                                       ; $D6EE: 20 05 D1
0016F1r 1  A0 11          LDY #$11                                            ; $D6F1: A0 11
0016F3r 1  B1 20          LDA ($20),Y                                         ; $D6F3: B1 20
0016F5r 1  C9 FF          CMP #$FF                                            ; $D6F5: C9 FF
0016F7r 1  D0 0E          BNE LD707                                           ; $D6F7: D0 0E
0016F9r 1  C8             INY                                                 ; $D6F9: C8
0016FAr 1  B1 20          LDA ($20),Y                                         ; $D6FA: B1 20
0016FCr 1  C9 FF          CMP #$FF                                            ; $D6FC: C9 FF
0016FEr 1  F0 06          BEQ LD706                                           ; $D6FE: F0 06
001700r 1  A9 22          LDA #$22                                            ; $D700: A9 22
001702r 1  8D FF 6F       STA $6FFF                                           ; $D702: 8D FF 6F
001705r 1  00             BRK                                                 ; $D705: 00
001706r 1               LD706:
001706r 1  88             DEY                                                 ; $D706: 88
001707r 1               LD707:
001707r 1  C8             INY                                                 ; $D707: C8
001708r 1  C0 1A          CPY #$1A                                            ; $D708: C0 1A
00170Ar 1  90 E7          .byte $90,$E7                                       ; $D70A: 90 E7 (BCC mid-instruction target)
00170Cr 1  EE 36 00       INC a:$0036                                         ; $D70C: EE 36 00
00170Fr 1  AD 36 00       LDA a:$0036                                         ; $D70F: AD 36 00
001712r 1  C9 1E          CMP #$1E                                            ; $D712: C9 1E
001714r 1  90 D5          BCC LD6EB                                           ; $D714: 90 D5
001716r 1  60             RTS                                                 ; $D716: 60
001717r 1               .endproc
001717r 1               LD6EB = $D6EB
001717r 1               LD706 = $D706
001717r 1               LD707 = $D707
001717r 1               
001717r 1               
001717r 1               ;===============================================================================
001717r 1               ; $D717: B0B_SubStateDispatch
001717r 1               ;===============================================================================
001717r 1               .proc B0B_SubStateDispatch
001717r 1               
001717r 1  20 rr rr       JSR Proc_DD34                                       ; $D717: 20 34 DD
00171Ar 1  AD 40 05       LDA $0540                                           ; $D71A: AD 40 05
00171Dr 1  20 DE EA       JSR B1F_CallbackDispatcher                          ; $D71D: 20 DE EA
001720r 1                 ; --- Inline pointer table (5 entries) ---
001720r 1  rr rr          .word B0B_CallDomesticDisplay                       ; $D720: 2A D7
001722r 1  4F D7          .word $D74F                                         ; $D722: 4F D7
001724r 1  rr rr          .word B0B_RenderOverlay                             ; $D724: 9C D9
001726r 1  rr rr          .word B0B_ClearOverlay                              ; $D726: 7E DA
001728r 1  rr rr          .word B0B_StackFill                                 ; $D728: 32 D7
00172Ar 1               .endproc
00172Ar 1               
00172Ar 1               ;===============================================================================
00172Ar 1               ; $D72A: B0B_CallDomesticDisplay
00172Ar 1               ;===============================================================================
00172Ar 1               .proc B0B_CallDomesticDisplay
00172Ar 1               
00172Ar 1  A0 37          LDY #$37                                            ; $D72A: A0 37
00172Cr 1  20 07 EE       JSR B1F_BankedCallbackTrampoline                    ; $D72C: 20 07 EE
00172Fr 1                 ; --- BankedCallbackTrampoline target ---
00172Fr 1  21 A0          .word $A021                                         ; $D72F: 21 A0
001731r 1  60             RTS                                                 ; $D731: 60
001732r 1               .endproc
001732r 1               
001732r 1               ;===============================================================================
001732r 1               ; $D732: B0B_StackFill
001732r 1               ;===============================================================================
001732r 1               .proc B0B_StackFill
001732r 1               
001732r 1  AD 41 05       LDA $0541                                           ; $D732: AD 41 05
001735r 1  20 DE EA       JSR B1F_CallbackDispatcher                          ; $D735: 20 DE EA
001738r 1                 ; --- Inline pointer table (2 entries) ---
001738r 1  rr rr          .word B0B_FillStackLoop                             ; $D738: 3C D7
00173Ar 1  rr rr          .word Proc_D74C                                     ; $D73A: 4C D7
00173Cr 1               .endproc
00173Cr 1               
00173Cr 1               ;===============================================================================
00173Cr 1               ; $D73C: B0B_FillStackLoop
00173Cr 1               ;===============================================================================
00173Cr 1               .proc B0B_FillStackLoop
00173Cr 1               
00173Cr 1  A0 00          LDY #$00                                            ; $D73C: A0 00
00173Er 1  A9 0F          LDA #$0F                                            ; $D73E: A9 0F
001740r 1               LD740:
001740r 1  99 00 01       STA $0100,Y                                         ; $D740: 99 00 01
001743r 1  C8             INY                                                 ; $D743: C8
001744r 1  C0 20          CPY #$20                                            ; $D744: C0 20
001746r 1  90 F8          BCC LD740                                           ; $D746: 90 F8
001748r 1  EE 41 05       INC $0541                                           ; $D748: EE 41 05
00174Br 1  60             RTS                                                 ; $D74B: 60
00174Cr 1               .endproc
00174Cr 1               LD740 = $D740
00174Cr 1               
00174Cr 1               
00174Cr 1               ;===============================================================================
00174Cr 1               ; $D74C: Proc_D74C
00174Cr 1               ;===============================================================================
00174Cr 1               .proc Proc_D74C
00174Cr 1               
00174Cr 1  4C 00 E0       JMP $E000                                           ; $D74C: 4C 00 E0
00174Fr 1  EE 70 04       INC $0470                                           ; $D74F: EE 70 04
001752r 1  D0 03          BNE LD757                                           ; $D752: D0 03
001754r 1  EE 71 04       INC $0471                                           ; $D754: EE 71 04
001757r 1               LD757:
001757r 1  AD 70 04       LDA $0470                                           ; $D757: AD 70 04
00175Ar 1  C9 58          CMP #$58                                            ; $D75A: C9 58
00175Cr 1  D0 12          BNE LD770                                           ; $D75C: D0 12
00175Er 1  AD 71 04       LDA $0471                                           ; $D75E: AD 71 04
001761r 1  C9 0B          CMP #$0B                                            ; $D761: C9 0B
001763r 1  D0 0B          BNE LD770                                           ; $D763: D0 0B
001765r 1  A9 04          LDA #$04                                            ; $D765: A9 04
001767r 1  8D 40 05       STA $0540                                           ; $D767: 8D 40 05
00176Ar 1  A9 00          LDA #$00                                            ; $D76A: A9 00
00176Cr 1  8D 41 05       STA $0541                                           ; $D76C: 8D 41 05
00176Fr 1  60             RTS                                                 ; $D76F: 60
001770r 1               LD770:
001770r 1  AD 81 00       LDA a:$0081                                         ; $D770: AD 81 00
001773r 1  29 08          AND #$08                                            ; $D773: 29 08
001775r 1  F0 0A          .byte $F0,$0A                                       ; $D775: F0 0A (BEQ mid-instruction target)
001777r 1  AD 41 05       LDA $0541                                           ; $D777: AD 41 05
00177Ar 1  C9 07          CMP #$07                                            ; $D77A: C9 07
00177Cr 1  F0 03          .byte $F0,$03                                       ; $D77C: F0 03 (BEQ mid-instruction target)
00177Er 1  4C rr rr       JMP Proc_D90D                                       ; $D77E: 4C 0D D9
001781r 1  AD 41 05       LDA $0541                                           ; $D781: AD 41 05
001784r 1  20 DE EA       JSR B1F_CallbackDispatcher                          ; $D784: 20 DE EA
001787r 1                 ; --- Inline pointer table (9 entries) ---
001787r 1  rr rr          .word Proc_D799                                     ; $D787: 99 D7
001789r 1  rr rr          .word Proc_D7BD                                     ; $D789: BD D7
00178Br 1  rr rr          .word Proc_D7EC                                     ; $D78B: EC D7
00178Dr 1  rr rr          .word Proc_D83B                                     ; $D78D: 3B D8
00178Fr 1  rr rr          .word Proc_D856                                     ; $D78F: 56 D8
001791r 1  rr rr          .word Proc_D890                                     ; $D791: 90 D8
001793r 1  rr rr          .word Proc_D8AD                                     ; $D793: AD D8
001795r 1  rr rr          .word Proc_D8D9                                     ; $D795: D9 D8
001797r 1  rr rr          .word Proc_D8F8                                     ; $D797: F8 D8
001799r 1               .endproc
001799r 1               LD757 = $D757
001799r 1               LD770 = $D770
001799r 1               
001799r 1               
001799r 1               ;===============================================================================
001799r 1               ; $D799: Proc_D799
001799r 1               ;===============================================================================
001799r 1               .proc Proc_D799
001799r 1               
001799r 1  EE 44 05       INC $0544                                           ; $D799: EE 44 05
00179Cr 1  AD 44 05       LDA $0544                                           ; $D79C: AD 44 05
00179Fr 1  C9 40          CMP #$40                                            ; $D79F: C9 40
0017A1r 1  F0 01          BEQ LD7A4                                           ; $D7A1: F0 01
0017A3r 1  60             RTS                                                 ; $D7A3: 60
0017A4r 1               LD7A4:
0017A4r 1  A9 04          LDA #$04                                            ; $D7A4: A9 04
0017A6r 1  8D 88 00       STA a:$0088                                         ; $D7A6: 8D 88 00
0017A9r 1  A9 88          LDA #$88                                            ; $D7A9: A9 88
0017ABr 1  8D 89 00       STA a:$0089                                         ; $D7AB: 8D 89 00
0017AEr 1  A9 00          LDA #$00                                            ; $D7AE: A9 00
0017B0r 1  8D 87 00       STA a:$0087                                         ; $D7B0: 8D 87 00
0017B3r 1  8D 43 05       STA $0543                                           ; $D7B3: 8D 43 05
0017B6r 1  8D 44 05       STA $0544                                           ; $D7B6: 8D 44 05
0017B9r 1  EE 41 05       INC $0541                                           ; $D7B9: EE 41 05
0017BCr 1  60             RTS                                                 ; $D7BC: 60
0017BDr 1               .endproc
0017BDr 1               LD7A4 = $D7A4
0017BDr 1               
0017BDr 1               
0017BDr 1               ;===============================================================================
0017BDr 1               ; $D7BD: Proc_D7BD
0017BDr 1               ;===============================================================================
0017BDr 1               .proc Proc_D7BD
0017BDr 1               
0017BDr 1  20 C8 DC       JSR $DCC8                                           ; $D7BD: 20 C8 DC
0017C0r 1  AD 87 00       LDA a:$0087                                         ; $D7C0: AD 87 00
0017C3r 1  10 26          .byte $10,$26                                       ; $D7C3: 10 26 (BPL mid-instruction target)
0017C5r 1  EE 43 05       INC $0543                                           ; $D7C5: EE 43 05
0017C8r 1  AD 43 05       LDA $0543                                           ; $D7C8: AD 43 05
0017CBr 1  C9 B8          CMP #$B8                                            ; $D7CB: C9 B8
0017CDr 1  D0 1C          .byte $D0,$1C                                       ; $D7CD: D0 1C (BNE mid-instruction target)
0017CFr 1  A9 28          LDA #$28                                            ; $D7CF: A9 28
0017D1r 1  8D 21 01       STA $0121                                           ; $D7D1: 8D 21 01
0017D4r 1  A9 19          LDA #$19                                            ; $D7D4: A9 19
0017D6r 1  8D 22 01       STA $0122                                           ; $D7D6: 8D 22 01
0017D9r 1  A9 17          LDA #$17                                            ; $D7D9: A9 17
0017DBr 1  8D 23 01       STA $0123                                           ; $D7DB: 8D 23 01
0017DEr 1  A9 08          LDA #$08                                            ; $D7DE: A9 08
0017E0r 1  8D 43 05       STA $0543                                           ; $D7E0: 8D 43 05
0017E3r 1  EE 41 05       INC $0541                                           ; $D7E3: EE 41 05
0017E6r 1  A9 5A          LDA #$5A                                            ; $D7E6: A9 5A
0017E8r 1  20 9B E6       JSR $E69B                                           ; $D7E8: 20 9B E6
0017EBr 1  60             RTS                                                 ; $D7EB: 60
0017ECr 1               .endproc
0017ECr 1               
0017ECr 1               ;===============================================================================
0017ECr 1               ; $D7EC: Proc_D7EC
0017ECr 1               ;===============================================================================
0017ECr 1               .proc Proc_D7EC
0017ECr 1               
0017ECr 1  A0 21          LDY #$21                                            ; $D7EC: A0 21
0017EEr 1  20 5F F2       JSR B1F_SwitchBank8_B                               ; $D7EE: 20 5F F2
0017F1r 1  AD 43 05       LDA $0543                                           ; $D7F1: AD 43 05
0017F4r 1  0A             ASL A                                               ; $D7F4: 0A
0017F5r 1  0A             ASL A                                               ; $D7F5: 0A
0017F6r 1  0A             ASL A                                               ; $D7F6: 0A
0017F7r 1  8D 0C 00       STA a:$000C                                         ; $D7F7: 8D 0C 00
0017FAr 1  A9 00          LDA #$00                                            ; $D7FA: A9 00
0017FCr 1  38             SEC                                                 ; $D7FC: 38
0017FDr 1  ED 0C 00       SBC a:$000C                                         ; $D7FD: ED 0C 00
001800r 1  8D 0A 00       STA a:$000A                                         ; $D800: 8D 0A 00
001803r 1  AD 0C 00       LDA a:$000C                                         ; $D803: AD 0C 00
001806r 1  0A             ASL A                                               ; $D806: 0A
001807r 1  8D 0C 00       STA a:$000C                                         ; $D807: 8D 0C 00
00180Ar 1  AD 0C 97       LDA $970C                                           ; $D80A: AD 0C 97
00180Dr 1  8D 00 00       STA a:$0000                                         ; $D80D: 8D 00 00
001810r 1  AD 0D 97       LDA $970D                                           ; $D810: AD 0D 97
001813r 1  8D 01 00       STA a:$0001                                         ; $D813: 8D 01 00
001816r 1  A9 00          LDA #$00                                            ; $D816: A9 00
001818r 1  8D 02 00       STA a:$0002                                         ; $D818: 8D 02 00
00181Br 1  20 AD F1       JSR B1F_SpriteOamWriterSimple                       ; $D81B: 20 AD F1
00181Er 1  A0 00          LDY #$00                                            ; $D81E: A0 00
001820r 1               LD820:
001820r 1  B9 00 02       LDA $0200,Y                                         ; $D820: B9 00 02
001823r 1  10 05          BPL LD82A                                           ; $D823: 10 05
001825r 1  A9 F0          LDA #$F0                                            ; $D825: A9 F0
001827r 1  99 00 02       STA $0200,Y                                         ; $D827: 99 00 02
00182Ar 1               LD82A:
00182Ar 1  C8             INY                                                 ; $D82A: C8
00182Br 1  C8             INY                                                 ; $D82B: C8
00182Cr 1  C8             INY                                                 ; $D82C: C8
00182Dr 1  C8             INY                                                 ; $D82D: C8
00182Er 1  C0 4C          CPY #$4C                                            ; $D82E: C0 4C
001830r 1  90 EE          BCC LD820                                           ; $D830: 90 EE
001832r 1  CE 43 05       DEC $0543                                           ; $D832: CE 43 05
001835r 1  10 03          .byte $10,$03                                       ; $D835: 10 03 (BPL mid-instruction target)
001837r 1  EE 41 05       INC $0541                                           ; $D837: EE 41 05
00183Ar 1  60             RTS                                                 ; $D83A: 60
00183Br 1               .endproc
00183Br 1               LD820 = $D820
00183Br 1               LD82A = $D82A
00183Br 1               
00183Br 1               
00183Br 1               ;===============================================================================
00183Br 1               ; $D83B: Proc_D83B
00183Br 1               ;===============================================================================
00183Br 1               .proc Proc_D83B
00183Br 1               
00183Br 1  A9 00          LDA #$00                                            ; $D83B: A9 00
00183Dr 1  8D 87 00       STA a:$0087                                         ; $D83D: 8D 87 00
001840r 1  8D 43 05       STA $0543                                           ; $D840: 8D 43 05
001843r 1  A9 04          LDA #$04                                            ; $D843: A9 04
001845r 1  8D 88 00       STA a:$0088                                         ; $D845: 8D 88 00
001848r 1  A9 44          LDA #$44                                            ; $D848: A9 44
00184Ar 1  8D 89 00       STA a:$0089                                         ; $D84A: 8D 89 00
00184Dr 1  A9 07          LDA #$07                                            ; $D84D: A9 07
00184Fr 1  8D 42 05       STA $0542                                           ; $D84F: 8D 42 05
001852r 1  EE 41 05       INC $0541                                           ; $D852: EE 41 05
001855r 1  60             RTS                                                 ; $D855: 60
001856r 1               .endproc
001856r 1               
001856r 1               ;===============================================================================
001856r 1               ; $D856: Proc_D856
001856r 1               ;===============================================================================
001856r 1               .proc Proc_D856
001856r 1               
001856r 1  20 C8 DC       JSR $DCC8                                           ; $D856: 20 C8 DC
001859r 1  AD 88 00       LDA a:$0088                                         ; $D859: AD 88 00
00185Cr 1  0A             ASL A                                               ; $D85C: 0A
00185Dr 1  0A             ASL A                                               ; $D85D: 0A
00185Er 1  A8             TAY                                                 ; $D85E: A8
00185Fr 1  A2 00          LDX #$00                                            ; $D85F: A2 00
001861r 1               LD861:
001861r 1  B9 80 D8       LDA $D880,Y                                         ; $D861: B9 80 D8
001864r 1  9D 00 01       STA $0100,X                                         ; $D864: 9D 00 01
001867r 1  C8             INY                                                 ; $D867: C8
001868r 1  E8             INX                                                 ; $D868: E8
001869r 1  E0 04          CPX #$04                                            ; $D869: E0 04
00186Br 1  90 F4          BCC LD861                                           ; $D86B: 90 F4
00186Dr 1  AD 87 00       LDA a:$0087                                         ; $D86D: AD 87 00
001870r 1  10 0D          .byte $10,$0D                                       ; $D870: 10 0D (BPL mid-instruction target)
001872r 1  EE 43 05       INC $0543                                           ; $D872: EE 43 05
001875r 1  AD 43 05       LDA $0543                                           ; $D875: AD 43 05
001878r 1  C9 20          CMP #$20                                            ; $D878: C9 20
00187Ar 1  D0 03          .byte $D0,$03                                       ; $D87A: D0 03 (BNE mid-instruction target)
00187Cr 1  EE 41 05       INC $0541                                           ; $D87C: EE 41 05
00187Fr 1  60             RTS                                                 ; $D87F: 60
001880r 1  0F 28 19 17    .byte $0F,$28,$19,$17,$0F,$30,$00,$07,$0F,$10,$0F,$00,$0F,$00,$0F,$0F; $D880: 0F 28 19 17 0F 30 00 07 0F 10 0F 00 0F 00 0F 0F
001884r 1  0F 30 00 07  
001888r 1  0F 10 0F 00  
001890r 1               .endproc
001890r 1               LD861 = $D861
001890r 1               
001890r 1               
001890r 1               ;===============================================================================
001890r 1               ; $D890: Proc_D890
001890r 1               ;===============================================================================
001890r 1               .proc Proc_D890
001890r 1               
001890r 1  A9 00          LDA #$00                                            ; $D890: A9 00
001892r 1  8D 87 00       STA a:$0087                                         ; $D892: 8D 87 00
001895r 1  A9 04          LDA #$04                                            ; $D895: A9 04
001897r 1  8D 88 00       STA a:$0088                                         ; $D897: 8D 88 00
00189Ar 1  A9 33          LDA #$33                                            ; $D89A: A9 33
00189Cr 1  8D 89 00       STA a:$0089                                         ; $D89C: 8D 89 00
00189Fr 1  A9 0F          LDA #$0F                                            ; $D89F: A9 0F
0018A1r 1  8D 42 05       STA $0542                                           ; $D8A1: 8D 42 05
0018A4r 1  A9 00          LDA #$00                                            ; $D8A4: A9 00
0018A6r 1  8D 43 05       STA $0543                                           ; $D8A6: 8D 43 05
0018A9r 1  EE 41 05       INC $0541                                           ; $D8A9: EE 41 05
0018ACr 1  60             RTS                                                 ; $D8AC: 60
0018ADr 1               .endproc
0018ADr 1               
0018ADr 1               ;===============================================================================
0018ADr 1               ; $D8AD: Proc_D8AD
0018ADr 1               ;===============================================================================
0018ADr 1               .proc Proc_D8AD
0018ADr 1               
0018ADr 1  20 C8 DC       JSR $DCC8                                           ; $D8AD: 20 C8 DC
0018B0r 1  AD 87 00       LDA a:$0087                                         ; $D8B0: AD 87 00
0018B3r 1  10 23          .byte $10,$23                                       ; $D8B3: 10 23 (BPL cross-proc)
0018B5r 1  A0 00          LDY #$00                                            ; $D8B5: A0 00
0018B7r 1               .endproc
0018B7r 1               
0018B7r 1               ;===============================================================================
0018B7r 1               ; $D8B7: Proc_D8B7
0018B7r 1               ;===============================================================================
0018B7r 1               .proc Proc_D8B7
0018B7r 1               
0018B7r 1  B9 3C D9       LDA $D93C,Y                                         ; $D8B7: B9 3C D9
0018BAr 1  F0 07          BEQ LD8C3                                           ; $D8BA: F0 07
0018BCr 1  99 80 03       STA $0380,Y                                         ; $D8BC: 99 80 03
0018BFr 1  C8             INY                                                 ; $D8BF: C8
0018C0r 1  4C rr rr       JMP Proc_D8B7                                       ; $D8C0: 4C B7 D8
0018C3r 1               LD8C3:
0018C3r 1  A9 FF          LDA #$FF                                            ; $D8C3: A9 FF
0018C5r 1  99 80 03       STA $0380,Y                                         ; $D8C5: 99 80 03
0018C8r 1  AD 7E 00       LDA a:$007E                                         ; $D8C8: AD 7E 00
0018CBr 1  09 04          ORA #$04                                            ; $D8CB: 09 04
0018CDr 1  8D 7E 00       STA a:$007E                                         ; $D8CD: 8D 7E 00
0018D0r 1  A9 1F          LDA #$1F                                            ; $D8D0: A9 1F
0018D2r 1  8D 42 05       STA $0542                                           ; $D8D2: 8D 42 05
0018D5r 1  EE 41 05       INC $0541                                           ; $D8D5: EE 41 05
0018D8r 1  60             RTS                                                 ; $D8D8: 60
0018D9r 1               .endproc
0018D9r 1               LD8C3 = $D8C3
0018D9r 1               
0018D9r 1               
0018D9r 1               ;===============================================================================
0018D9r 1               ; $D8D9: Proc_D8D9
0018D9r 1               ;===============================================================================
0018D9r 1               .proc Proc_D8D9
0018D9r 1               
0018D9r 1  A0 00          LDY #$00                                            ; $D8D9: A0 00
0018DBr 1               .endproc
0018DBr 1               
0018DBr 1               ;===============================================================================
0018DBr 1               ; $D8DB: Proc_D8DB
0018DBr 1               ;===============================================================================
0018DBr 1               .proc Proc_D8DB
0018DBr 1               
0018DBr 1  B9 62 D9       LDA $D962,Y                                         ; $D8DB: B9 62 D9
0018DEr 1  F0 07          BEQ LD8E7                                           ; $D8DE: F0 07
0018E0r 1  99 80 03       STA $0380,Y                                         ; $D8E0: 99 80 03
0018E3r 1  C8             INY                                                 ; $D8E3: C8
0018E4r 1  4C rr rr       JMP Proc_D8DB                                       ; $D8E4: 4C DB D8
0018E7r 1               LD8E7:
0018E7r 1  A9 FF          LDA #$FF                                            ; $D8E7: A9 FF
0018E9r 1  99 80 03       STA $0380,Y                                         ; $D8E9: 99 80 03
0018ECr 1  AD 7E 00       LDA a:$007E                                         ; $D8EC: AD 7E 00
0018EFr 1  09 04          ORA #$04                                            ; $D8EF: 09 04
0018F1r 1  8D 7E 00       STA a:$007E                                         ; $D8F1: 8D 7E 00
0018F4r 1  EE 41 05       INC $0541                                           ; $D8F4: EE 41 05
0018F7r 1  60             RTS                                                 ; $D8F7: 60
0018F8r 1               .endproc
0018F8r 1               LD8E7 = $D8E7
0018F8r 1               
0018F8r 1               
0018F8r 1               ;===============================================================================
0018F8r 1               ; $D8F8: Proc_D8F8
0018F8r 1               ;===============================================================================
0018F8r 1               .proc Proc_D8F8
0018F8r 1               
0018F8r 1  AD 43 05       LDA $0543                                           ; $D8F8: AD 43 05
0018FBr 1  D0 07          BNE LD904                                           ; $D8FB: D0 07
0018FDr 1  AD 81 00       LDA a:$0081                                         ; $D8FD: AD 81 00
001900r 1  29 08          AND #$08                                            ; $D900: 29 08
001902r 1  F0 08          .byte $F0,$08                                       ; $D902: F0 08 (BEQ mid-instruction target)
001904r 1               LD904:
001904r 1  EE 40 05       INC $0540                                           ; $D904: EE 40 05
001907r 1  A9 00          LDA #$00                                            ; $D907: A9 00
001909r 1  8D 41 05       STA $0541                                           ; $D909: 8D 41 05
00190Cr 1  60             RTS                                                 ; $D90C: 60
00190Dr 1               .endproc
00190Dr 1               LD904 = $D904
00190Dr 1               
00190Dr 1               
00190Dr 1               ;===============================================================================
00190Dr 1               ; $D90D: Proc_D90D
00190Dr 1               ;===============================================================================
00190Dr 1               .proc Proc_D90D
00190Dr 1               
00190Dr 1  A9 28          LDA #$28                                            ; $D90D: A9 28
00190Fr 1  8D 21 01       STA $0121                                           ; $D90F: 8D 21 01
001912r 1  A9 19          LDA #$19                                            ; $D912: A9 19
001914r 1  8D 22 01       STA $0122                                           ; $D914: 8D 22 01
001917r 1  A9 17          LDA #$17                                            ; $D917: A9 17
001919r 1  8D 23 01       STA $0123                                           ; $D919: 8D 23 01
00191Cr 1  A0 00          LDY #$00                                            ; $D91C: A0 00
00191Er 1               LD91E:
00191Er 1  B9 20 01       LDA $0120,Y                                         ; $D91E: B9 20 01
001921r 1  99 00 01       STA $0100,Y                                         ; $D921: 99 00 01
001924r 1  C8             INY                                                 ; $D924: C8
001925r 1  C0 20          CPY #$20                                            ; $D925: C0 20
001927r 1  90 F5          BCC LD91E                                           ; $D927: 90 F5
001929r 1  A9 0F          LDA #$0F                                            ; $D929: A9 0F
00192Br 1  8D 42 05       STA $0542                                           ; $D92B: 8D 42 05
00192Er 1  8D 43 05       STA $0543                                           ; $D92E: 8D 43 05
001931r 1  A9 06          LDA #$06                                            ; $D931: A9 06
001933r 1  8D 41 05       STA $0541                                           ; $D933: 8D 41 05
001936r 1  A9 FF          LDA #$FF                                            ; $D936: A9 FF
001938r 1  8D 87 00       STA a:$0087                                         ; $D938: 8D 87 00
00193Br 1  60             RTS                                                 ; $D93B: 60
00193Cr 1  04 21 77 DC    .byte $04,$21,$77,$DC,$DD,$DE,$DF,$0C,$21,$8F,$E4,$E5,$E6,$E7,$E8,$E9; $D93C: 04 21 77 DC DD DE DF 0C 21 8F E4 E5 E6 E7 E8 E9
001940r 1  DD DE DF 0C  
001944r 1  21 8F E4 E5  
00194Cr 1  EA EB EC ED    .byte $EA,$EB,$EC,$ED,$EE,$EF,$0C,$21,$AF,$F4,$F5,$F6,$F7,$F8,$F9,$FA; $D94C: EA EB EC ED EE EF 0C 21 AF F4 F5 F6 F7 F8 F9 FA
001950r 1  EE EF 0C 21  
001954r 1  AF F4 F5 F6  
00195Cr 1  FB FC FD FE    .byte $FB,$FC,$FD,$FE,$FF,$00,$07,$22,$CC,$C0,$C1,$C2,$C3,$C4,$C5,$C6; $D95C: FB FC FD FE FF 00 07 22 CC C0 C1 C2 C3 C4 C5 C6
001960r 1  FF 00 07 22  
001964r 1  CC C0 C1 C2  
00196Cr 1  16 23 05 F0    .byte $16,$23,$05,$F0,$21,$E1,$E2,$F3,$F3,$21,$E1,$E2,$E2,$E4,$21,$E5; $D96C: 16 23 05 F0 21 E1 E2 F3 F3 21 E1 E2 E2 E4 21 E5
001970r 1  21 E1 E2 F3  
001974r 1  F3 21 E1 E2  
00197Cr 1  C8 E6 E7 E8    .byte $C8,$E6,$E7,$E8,$21,$C9,$E9,$D9,$C7,$13,$23,$46,$C8,$C9,$C9,$21; $D97C: C8 E6 E7 E8 21 C9 E9 D9 C7 13 23 46 C8 C9 C9 21
001980r 1  21 C9 E9 D9  
001984r 1  C7 13 23 46  
00198Cr 1  D0 D1 D2 D3    .byte $D0,$D1,$D2,$D3,$D4,$D5,$21,$D0,$D6,$D7,$D6,$D0,$D8,$D6,$D9,$00; $D98C: D0 D1 D2 D3 D4 D5 21 D0 D6 D7 D6 D0 D8 D6 D9 00
001990r 1  D4 D5 21 D0  
001994r 1  D6 D7 D6 D0  
00199Cr 1               .endproc
00199Cr 1               LD91E = $D91E
00199Cr 1               
00199Cr 1               
00199Cr 1               ;===============================================================================
00199Cr 1               ; $D99C: B0B_RenderOverlay
00199Cr 1               ;===============================================================================
00199Cr 1               .proc B0B_RenderOverlay
00199Cr 1               
00199Cr 1  AD 41 05       LDA $0541                                           ; $D99C: AD 41 05
00199Fr 1  20 DE EA       JSR B1F_CallbackDispatcher                          ; $D99F: 20 DE EA
0019A2r 1                 ; --- Inline pointer table (3 entries) ---
0019A2r 1  rr rr          .word Proc_D9A8                                     ; $D9A2: A8 D9
0019A4r 1  rr rr          .word Proc_D9D0                                     ; $D9A4: D0 D9
0019A6r 1  rr rr          .word Proc_DA1B                                     ; $D9A6: 1B DA
0019A8r 1               .endproc
0019A8r 1               
0019A8r 1               ;===============================================================================
0019A8r 1               ; $D9A8: Proc_D9A8
0019A8r 1               ;===============================================================================
0019A8r 1               .proc Proc_D9A8
0019A8r 1               
0019A8r 1  A0 08          LDY #$08                                            ; $D9A8: A0 08
0019AAr 1  A9 0F          LDA #$0F                                            ; $D9AA: A9 0F
0019ACr 1               LD9AC:
0019ACr 1  99 00 01       STA $0100,Y                                         ; $D9AC: 99 00 01
0019AFr 1  C8             INY                                                 ; $D9AF: C8
0019B0r 1  C0 10          CPY #$10                                            ; $D9B0: C0 10
0019B2r 1  90 F8          BCC LD9AC                                           ; $D9B2: 90 F8
0019B4r 1  8D 1D 01       STA $011D                                           ; $D9B4: 8D 1D 01
0019B7r 1  8D 1E 01       STA $011E                                           ; $D9B7: 8D 1E 01
0019BAr 1  8D 1F 01       STA $011F                                           ; $D9BA: 8D 1F 01
0019BDr 1  A9 C0          LDA #$C0                                            ; $D9BD: A9 C0
0019BFr 1  8D 43 05       STA $0543                                           ; $D9BF: 8D 43 05
0019C2r 1  A9 21          LDA #$21                                            ; $D9C2: A9 21
0019C4r 1  8D 44 05       STA $0544                                           ; $D9C4: 8D 44 05
0019C7r 1  A9 17          LDA #$17                                            ; $D9C7: A9 17
0019C9r 1  8D 42 05       STA $0542                                           ; $D9C9: 8D 42 05
0019CCr 1  EE 41 05       INC $0541                                           ; $D9CC: EE 41 05
0019CFr 1  60             RTS                                                 ; $D9CF: 60
0019D0r 1               .endproc
0019D0r 1               LD9AC = $D9AC
0019D0r 1               
0019D0r 1               
0019D0r 1               ;===============================================================================
0019D0r 1               ; $D9D0: Proc_D9D0
0019D0r 1               ;===============================================================================
0019D0r 1               .proc Proc_D9D0
0019D0r 1               
0019D0r 1  A9 40          LDA #$40                                            ; $D9D0: A9 40
0019D2r 1  8D 80 03       STA $0380                                           ; $D9D2: 8D 80 03
0019D5r 1  AD 44 05       LDA $0544                                           ; $D9D5: AD 44 05
0019D8r 1  8D 81 03       STA $0381                                           ; $D9D8: 8D 81 03
0019DBr 1  AD 43 05       LDA $0543                                           ; $D9DB: AD 43 05
0019DEr 1  8D 82 03       STA $0382                                           ; $D9DE: 8D 82 03
0019E1r 1  A0 00          LDY #$00                                            ; $D9E1: A0 00
0019E3r 1  A9 21          LDA #$21                                            ; $D9E3: A9 21
0019E5r 1  99 83 03       STA $0383,Y                                         ; $D9E5: 99 83 03
0019E8r 1  C8             INY                                                 ; $D9E8: C8
0019E9r 1  C0 40          CPY #$40                                            ; $D9E9: C0 40
0019EBr 1  90 F8          .byte $90,$F8                                       ; $D9EB: 90 F8 (BCC mid-instruction target)
0019EDr 1  A9 FF          LDA #$FF                                            ; $D9ED: A9 FF
0019EFr 1  99 83 03       STA $0383,Y                                         ; $D9EF: 99 83 03
0019F2r 1  AD 43 05       LDA $0543                                           ; $D9F2: AD 43 05
0019F5r 1  18             CLC                                                 ; $D9F5: 18
0019F6r 1  69 40          ADC #$40                                            ; $D9F6: 69 40
0019F8r 1  8D 43 05       STA $0543                                           ; $D9F8: 8D 43 05
0019FBr 1  AD 44 05       LDA $0544                                           ; $D9FB: AD 44 05
0019FEr 1  69 00          ADC #$00                                            ; $D9FE: 69 00
001A00r 1  8D 44 05       STA $0544                                           ; $DA00: 8D 44 05
001A03r 1  AD 43 05       LDA $0543                                           ; $DA03: AD 43 05
001A06r 1  C9 C0          CMP #$C0                                            ; $DA06: C9 C0
001A08r 1  D0 08          .byte $D0,$08                                       ; $DA08: D0 08 (BNE mid-instruction target)
001A0Ar 1  EE 41 05       INC $0541                                           ; $DA0A: EE 41 05
001A0Dr 1  A9 17          LDA #$17                                            ; $DA0D: A9 17
001A0Fr 1  8D 42 05       STA $0542                                           ; $DA0F: 8D 42 05
001A12r 1  AD 7E 00       LDA a:$007E                                         ; $DA12: AD 7E 00
001A15r 1  09 04          ORA #$04                                            ; $DA15: 09 04
001A17r 1  8D 7E 00       STA a:$007E                                         ; $DA17: 8D 7E 00
001A1Ar 1  60             RTS                                                 ; $DA1A: 60
001A1Br 1               .endproc
001A1Br 1               
001A1Br 1               ;===============================================================================
001A1Br 1               ; $DA1B: Proc_DA1B
001A1Br 1               ;===============================================================================
001A1Br 1               .proc Proc_DA1B
001A1Br 1               
001A1Br 1  A0 00          LDY #$00                                            ; $DA1B: A0 00
001A1Dr 1               .endproc
001A1Dr 1               
001A1Dr 1               ;===============================================================================
001A1Dr 1               ; $DA1D: Proc_DA1D
001A1Dr 1               ;===============================================================================
001A1Dr 1               .proc Proc_DA1D
001A1Dr 1               
001A1Dr 1  B9 3F DA       LDA $DA3F,Y                                         ; $DA1D: B9 3F DA
001A20r 1  F0 07          .byte $F0,$07                                       ; $DA20: F0 07 (BEQ mid-instruction target)
001A22r 1  99 80 03       STA $0380,Y                                         ; $DA22: 99 80 03
001A25r 1  C8             INY                                                 ; $DA25: C8
001A26r 1  4C rr rr       JMP Proc_DA1D                                       ; $DA26: 4C 1D DA
001A29r 1  A9 FF          LDA #$FF                                            ; $DA29: A9 FF
001A2Br 1  99 80 03       STA $0380,Y                                         ; $DA2B: 99 80 03
001A2Er 1  AD 7E 00       LDA a:$007E                                         ; $DA2E: AD 7E 00
001A31r 1  09 04          ORA #$04                                            ; $DA31: 09 04
001A33r 1  8D 7E 00       STA a:$007E                                         ; $DA33: 8D 7E 00
001A36r 1  EE 40 05       INC $0540                                           ; $DA36: EE 40 05
001A39r 1  A9 00          LDA #$00                                            ; $DA39: A9 00
001A3Br 1  8D 41 05       STA $0541                                           ; $DA3B: 8D 41 05
001A3Er 1  60             RTS                                                 ; $DA3E: 60
001A3Fr 1               .endproc
001A3Fr 1               
001A3Fr 1               ;===============================================================================
001A3Fr 1               ; $DA3F: Proc_DA3F
001A3Fr 1               ;===============================================================================
001A3Fr 1               .proc Proc_DA3F
001A3Fr 1               
001A3Fr 1  01 21          ORA ($21,X)                                         ; $DA3F: 01 21
001A41r 1  D0 F5          .byte $D0,$F5                                       ; $DA41: D0 F5 (BNE cross-proc)
001A43r 1  06 21          ASL $21                                             ; $DA43: 06 21
001A45r 1  ED E1 EA       SBC $EAE1                                           ; $DA45: ED E1 EA
001A48r 1  21 F4          AND ($F4,X)                                         ; $DA48: 21 F4
001A4Ar 1  F6 F7          INC $F7,X                                           ; $DA4A: F6 F7
001A4Cr 1  01 22          ORA ($22,X)                                         ; $DA4C: 01 22
001A4Er 1  10 F5          .byte $10,$F5                                       ; $DA4E: 10 F5 (BPL mid-instruction target)
001A50r 1  06 22          ASL $22                                             ; $DA50: 06 22
001A52r 1  2D E4 EA       AND $EAE4                                           ; $DA52: 2D E4 EA
001A55r 1  21 F4          AND ($F4,X)                                         ; $DA55: 21 F4
001A57r 1  F6 F7          INC $F7,X                                           ; $DA57: F6 F7
001A59r 1  06 22          ASL $22                                             ; $DA59: 06 22
001A5Br 1  6D F8 F9       ADC $F9F8                                           ; $DA5B: 6D F8 F9
001A5Er 1  FA FB EF FF    .byte $FA,$FB,$EF,$FF,$18,$23,$D8,$55,$55,$55,$55,$55,$55,$55,$55,$55; $DA5E: FA FB EF FF 18 23 D8 55 55 55 55 55 55 55 55 55
001A62r 1  18 23 D8 55  
001A66r 1  55 55 55 55  
001A6Er 1  55 55 55 55    .byte $55,$55,$55,$55,$55,$55,$55,$55,$55,$55,$55,$55,$55,$55,$55,$00; $DA6E: 55 55 55 55 55 55 55 55 55 55 55 55 55 55 55 00
001A72r 1  55 55 55 55  
001A76r 1  55 55 55 55  
001A7Er 1               .endproc
001A7Er 1               
001A7Er 1               ;===============================================================================
001A7Er 1               ; $DA7E: B0B_ClearOverlay
001A7Er 1               ;===============================================================================
001A7Er 1               .proc B0B_ClearOverlay
001A7Er 1               
001A7Er 1  20 67 EC       JSR B1F_PaletteAnimation                            ; $DA7E: 20 67 EC
001A81r 1  AD 41 05       LDA $0541                                           ; $DA81: AD 41 05
001A84r 1  20 DE EA       JSR B1F_CallbackDispatcher                          ; $DA84: 20 DE EA
001A87r 1                 ; --- Inline pointer table (7 entries) ---
001A87r 1  rr rr          .word Proc_DA95                                     ; $DA87: 95 DA
001A89r 1  rr rr          .word Proc_DAA6                                     ; $DA89: A6 DA
001A8Br 1  rr rr          .word Proc_DAFD                                     ; $DA8B: FD DA
001A8Dr 1  rr rr          .word Proc_DB2B                                     ; $DA8D: 2B DB
001A8Fr 1  rr rr          .word Proc_DB7B                                     ; $DA8F: 7B DB
001A91r 1  rr rr          .word Proc_DBC1                                     ; $DA91: C1 DB
001A93r 1  rr rr          .word Proc_DBF1                                     ; $DA93: F1 DB
001A95r 1               .endproc
001A95r 1               
001A95r 1               ;===============================================================================
001A95r 1               ; $DA95: Proc_DA95
001A95r 1               ;===============================================================================
001A95r 1               .proc Proc_DA95
001A95r 1               
001A95r 1  EE 41 05       INC $0541                                           ; $DA95: EE 41 05
001A98r 1  A9 00          LDA #$00                                            ; $DA98: A9 00
001A9Ar 1  8D 24 04       STA $0424                                           ; $DA9A: 8D 24 04
001A9Dr 1  8D 25 04       STA $0425                                           ; $DA9D: 8D 25 04
001AA0r 1  A9 00          LDA #$00                                            ; $DAA0: A9 00
001AA2r 1  8D 45 05       STA $0545                                           ; $DAA2: 8D 45 05
001AA5r 1  60             RTS                                                 ; $DAA5: 60
001AA6r 1               .endproc
001AA6r 1               
001AA6r 1               ;===============================================================================
001AA6r 1               ; $DAA6: Proc_DAA6
001AA6r 1               ;===============================================================================
001AA6r 1               .proc Proc_DAA6
001AA6r 1               
001AA6r 1  20 rr rr       JSR Proc_DD79                                       ; $DAA6: 20 79 DD
001AA9r 1  20 rr rr       JSR B0B_PaletteCheck                                ; $DAA9: 20 4C DF
001AACr 1  A9 D4          LDA #$D4                                            ; $DAAC: A9 D4
001AAEr 1  8D 10 00       STA a:$0010                                         ; $DAAE: 8D 10 00
001AB1r 1  A9 DB          LDA #$DB                                            ; $DAB1: A9 DB
001AB3r 1  8D 11 00       STA a:$0011                                         ; $DAB3: 8D 11 00
001AB6r 1  A9 00          LDA #$00                                            ; $DAB6: A9 00
001AB8r 1  8D 12 00       STA a:$0012                                         ; $DAB8: 8D 12 00
001ABBr 1  20 19 ED       JSR B1F_MenuStep1                                   ; $DABB: 20 19 ED
001ABEr 1  A9 D8          LDA #$D8                                            ; $DABE: A9 D8
001AC0r 1  8D 10 00       STA a:$0010                                         ; $DAC0: 8D 10 00
001AC3r 1  A9 DB          LDA #$DB                                            ; $DAC3: A9 DB
001AC5r 1  8D 11 00       STA a:$0011                                         ; $DAC5: 8D 11 00
001AC8r 1  A9 DE          LDA #$DE                                            ; $DAC8: A9 DE
001ACAr 1  8D 00 00       STA a:$0000                                         ; $DACA: 8D 00 00
001ACDr 1  A9 DB          LDA #$DB                                            ; $DACD: A9 DB
001ACFr 1  8D 01 00       STA a:$0001                                         ; $DACF: 8D 01 00
001AD2r 1  AD 12 00       LDA a:$0012                                         ; $DAD2: AD 12 00
001AD5r 1  20 F5 ED       JSR B1F_PointerTableLookup                          ; $DAD5: 20 F5 ED
001AD8r 1  AD 81 00       LDA a:$0081                                         ; $DAD8: AD 81 00
001ADBr 1  29 08          AND #$08                                            ; $DADB: 29 08
001ADDr 1  F0 1D          .byte $F0,$1D                                       ; $DADD: F0 1D (BEQ mid-instruction target)
001ADFr 1  AD 12 00       LDA a:$0012                                         ; $DADF: AD 12 00
001AE2r 1  8D 43 05       STA $0543                                           ; $DAE2: 8D 43 05
001AE5r 1  C9 02          CMP #$02                                            ; $DAE5: C9 02
001AE7r 1  D0 0B          .byte $D0,$0B                                       ; $DAE7: D0 0B (BNE mid-instruction target)
001AE9r 1  20 rr rr       JSR Proc_DC2F                                       ; $DAE9: 20 2F DC
001AECr 1  90 0E          .byte $90,$0E                                       ; $DAEC: 90 0E (BCC mid-instruction target)
001AEEr 1  EE 41 05       INC $0541                                           ; $DAEE: EE 41 05
001AF1r 1  4C EE EC       JMP B1F_PaletteCopyBuffer                           ; $DAF1: 4C EE EC
001AF4r 1  8D 43 6F       STA $6F43                                           ; $DAF4: 8D 43 6F
001AF7r 1  A9 03          LDA #$03                                            ; $DAF7: A9 03
001AF9r 1  8D 41 05       STA $0541                                           ; $DAF9: 8D 41 05
001AFCr 1  60             RTS                                                 ; $DAFC: 60
001AFDr 1               .endproc
001AFDr 1               
001AFDr 1               ;===============================================================================
001AFDr 1               ; $DAFD: Proc_DAFD
001AFDr 1               ;===============================================================================
001AFDr 1               .proc Proc_DAFD
001AFDr 1               
001AFDr 1  AD 87 00       LDA a:$0087                                         ; $DAFD: AD 87 00
001B00r 1  10 FA          .byte $10,$FA                                       ; $DB00: 10 FA (BPL cross-proc)
001B02r 1  20 rr rr       JSR Proc_DC97                                       ; $DB02: 20 97 DC
001B05r 1  A9 00          LDA #$00                                            ; $DB05: A9 00
001B07r 1  8D 41 05       STA $0541                                           ; $DB07: 8D 41 05
001B0Ar 1  A9 01          LDA #$01                                            ; $DB0A: A9 01
001B0Cr 1  8D 7A 00       STA a:$007A                                         ; $DB0C: 8D 7A 00
001B0Fr 1  A9 0D          LDA #$0D                                            ; $DB0F: A9 0D
001B11r 1  8D 00 04       STA $0400                                           ; $DB11: 8D 00 04
001B14r 1  A9 03          LDA #$03                                            ; $DB14: A9 03
001B16r 1  8D 01 04       STA $0401                                           ; $DB16: 8D 01 04
001B19r 1  AD 03 6F       LDA $6F03                                           ; $DB19: AD 03 6F
001B1Cr 1  0A             ASL A                                               ; $DB1C: 0A
001B1Dr 1  A8             TAY                                                 ; $DB1D: A8
001B1Er 1  B9 E3 DB       LDA $DBE3,Y                                         ; $DB1E: B9 E3 DB
001B21r 1  8D EE 00       STA a:$00EE                                         ; $DB21: 8D EE 00
001B24r 1  B9 E4 DB       LDA $DBE4,Y                                         ; $DB24: B9 E4 DB
001B27r 1  8D EF 00       STA a:$00EF                                         ; $DB27: 8D EF 00
001B2Ar 1  60             RTS                                                 ; $DB2A: 60
001B2Br 1               .endproc
001B2Br 1               
001B2Br 1               ;===============================================================================
001B2Br 1               ; $DB2B: Proc_DB2B
001B2Br 1               ;===============================================================================
001B2Br 1               .proc Proc_DB2B
001B2Br 1               
001B2Br 1  A0 00          LDY #$00                                            ; $DB2B: A0 00
001B2Dr 1               .endproc
001B2Dr 1               
001B2Dr 1               ;===============================================================================
001B2Dr 1               ; $DB2D: Proc_DB2D
001B2Dr 1               ;===============================================================================
001B2Dr 1               .proc Proc_DB2D
001B2Dr 1               
001B2Dr 1  B9 4F DB       LDA $DB4F,Y                                         ; $DB2D: B9 4F DB
001B30r 1  99 80 03       STA $0380,Y                                         ; $DB30: 99 80 03
001B33r 1  C9 FF          CMP #$FF                                            ; $DB33: C9 FF
001B35r 1  F0 04          .byte $F0,$04                                       ; $DB35: F0 04 (BEQ mid-instruction target)
001B37r 1  C8             INY                                                 ; $DB37: C8
001B38r 1  4C rr rr       JMP Proc_DB2D                                       ; $DB38: 4C 2D DB
001B3Br 1  A9 00          LDA #$00                                            ; $DB3B: A9 00
001B3Dr 1  8D 24 04       STA $0424                                           ; $DB3D: 8D 24 04
001B40r 1  8D 25 04       STA $0425                                           ; $DB40: 8D 25 04
001B43r 1  EE 41 05       INC $0541                                           ; $DB43: EE 41 05
001B46r 1  AD 7E 00       LDA a:$007E                                         ; $DB46: AD 7E 00
001B49r 1  09 04          ORA #$04                                            ; $DB49: 09 04
001B4Br 1  8D 7E 00       STA a:$007E                                         ; $DB4B: 8D 7E 00
001B4Er 1  60             RTS                                                 ; $DB4E: 60
001B4Fr 1  02 21 CF 21    .byte $02,$21,$CF,$21,$21,$08,$21,$EC,$C9,$D6,$D8,$D6,$C9,$21,$E1,$21; $DB4F: 02 21 CF 21 21 08 21 EC C9 D6 D8 D6 C9 21 E1 21
001B53r 1  21 08 21 EC  
001B57r 1  C9 D6 D8 D6  
001B5Fr 1  02 22 0F 21    .byte $02,$22,$0F,$21,$21,$08,$22,$2C,$C9,$D6,$D8,$D6,$C9,$21,$E4,$21; $DB5F: 02 22 0F 21 21 08 22 2C C9 D6 D8 D6 C9 21 E4 21
001B63r 1  21 08 22 2C  
001B67r 1  C9 D6 D8 D6  
001B6Fr 1  08 22 6C C9    .byte $08,$22,$6C,$C9,$D6,$D8,$D6,$C9,$21,$E0,$21,$FF; $DB6F: 08 22 6C C9 D6 D8 D6 C9 21 E0 21 FF
001B73r 1  D6 D8 D6 C9  
001B77r 1  21 E0 21 FF  
001B7Br 1               .endproc
001B7Br 1               
001B7Br 1               ;===============================================================================
001B7Br 1               ; $DB7B: Proc_DB7B
001B7Br 1               ;===============================================================================
001B7Br 1               .proc Proc_DB7B
001B7Br 1               
001B7Br 1  A9 D4          LDA #$D4                                            ; $DB7B: A9 D4
001B7Dr 1  8D 10 00       STA a:$0010                                         ; $DB7D: 8D 10 00
001B80r 1  A9 DB          LDA #$DB                                            ; $DB80: A9 DB
001B82r 1  8D 11 00       STA a:$0011                                         ; $DB82: 8D 11 00
001B85r 1  A9 00          LDA #$00                                            ; $DB85: A9 00
001B87r 1  8D 12 00       STA a:$0012                                         ; $DB87: 8D 12 00
001B8Ar 1  20 19 ED       JSR B1F_MenuStep1                                   ; $DB8A: 20 19 ED
001B8Dr 1  A9 BB          LDA #$BB                                            ; $DB8D: A9 BB
001B8Fr 1  8D 10 00       STA a:$0010                                         ; $DB8F: 8D 10 00
001B92r 1  A9 DB          LDA #$DB                                            ; $DB92: A9 DB
001B94r 1  8D 11 00       STA a:$0011                                         ; $DB94: 8D 11 00
001B97r 1  A9 DE          LDA #$DE                                            ; $DB97: A9 DE
001B99r 1  8D 00 00       STA a:$0000                                         ; $DB99: 8D 00 00
001B9Cr 1  A9 DB          LDA #$DB                                            ; $DB9C: A9 DB
001B9Er 1  8D 01 00       STA a:$0001                                         ; $DB9E: 8D 01 00
001BA1r 1  AD 12 00       LDA a:$0012                                         ; $DBA1: AD 12 00
001BA4r 1  20 F5 ED       JSR B1F_PointerTableLookup                          ; $DBA4: 20 F5 ED
001BA7r 1  AD 81 00       LDA a:$0081                                         ; $DBA7: AD 81 00
001BAAr 1  29 08          AND #$08                                            ; $DBAA: 29 08
001BACr 1  F0 0C          .byte $F0,$0C                                       ; $DBAC: F0 0C (BEQ mid-instruction target)
001BAEr 1  AD 12 00       LDA a:$0012                                         ; $DBAE: AD 12 00
001BB1r 1  8D 44 05       STA $0544                                           ; $DBB1: 8D 44 05
001BB4r 1  20 EE EC       JSR B1F_PaletteCopyBuffer                           ; $DBB4: 20 EE EC
001BB7r 1  EE 41 05       INC $0541                                           ; $DBB7: EE 41 05
001BBAr 1  60             RTS                                                 ; $DBBA: 60
001BBBr 1               .endproc
001BBBr 1               
001BBBr 1               ;===============================================================================
001BBBr 1               ; $DBBB: Proc_DBBB
001BBBr 1               ;===============================================================================
001BBBr 1               .proc Proc_DBBB
001BBBr 1               
001BBBr 1  78             SEI                                                 ; $DBBB: 78
001BBCr 1  58             CLI                                                 ; $DBBC: 58
001BBDr 1  88             DEY                                                 ; $DBBD: 88
001BBEr 1  58             CLI                                                 ; $DBBE: 58
001BBFr 1  98             TYA                                                 ; $DBBF: 98
001BC0r 1  58             CLI                                                 ; $DBC0: 58
001BC1r 1               .endproc
001BC1r 1               
001BC1r 1               ;===============================================================================
001BC1r 1               ; $DBC1: Proc_DBC1
001BC1r 1               ;===============================================================================
001BC1r 1               .proc Proc_DBC1
001BC1r 1               
001BC1r 1  AD 87 00       LDA a:$0087                                         ; $DBC1: AD 87 00
001BC4r 1  10 F4          .byte $10,$F4                                       ; $DBC4: 10 F4 (BPL cross-proc)
001BC6r 1  A9 00          LDA #$00                                            ; $DBC6: A9 00
001BC8r 1  8D 40 05       STA $0540                                           ; $DBC8: 8D 40 05
001BCBr 1  8D 41 05       STA $0541                                           ; $DBCB: 8D 41 05
001BCEr 1  A9 0B          LDA #$0B                                            ; $DBCE: A9 0B
001BD0r 1  8D 7A 00       STA a:$007A                                         ; $DBD0: 8D 7A 00
001BD3r 1  60             RTS                                                 ; $DBD3: 60
001BD4r 1               .endproc
001BD4r 1               
001BD4r 1               ;===============================================================================
001BD4r 1               ; $DBD4: Proc_DBD4
001BD4r 1               ;===============================================================================
001BD4r 1               .proc Proc_DBD4
001BD4r 1               
001BD4r 1  00             BRK                                                 ; $DBD4: 00
001BD5r 1  01 02 FF 78    .byte $01,$02,$FF,$78,$60,$88,$60,$98,$60,$00,$07,$00,$00,$80,$07,$6F; $DBD5: 01 02 FF 78 60 88 60 98 60 00 07 00 00 80 07 6F
001BD9r 1  60 88 60 98  
001BDDr 1  60 00 07 00  
001BE5r 1  0F 6F 17 6F    .byte $0F,$6F,$17,$6F,$1F,$6F,$27,$6F,$2F,$6F,$37,$6F; $DBE5: 0F 6F 17 6F 1F 6F 27 6F 2F 6F 37 6F
001BE9r 1  1F 6F 27 6F  
001BEDr 1  2F 6F 37 6F  
001BF1r 1               .endproc
001BF1r 1               
001BF1r 1               ;===============================================================================
001BF1r 1               ; $DBF1: Proc_DBF1
001BF1r 1               ;===============================================================================
001BF1r 1               .proc Proc_DBF1
001BF1r 1               
001BF1r 1  AD 87 00       LDA a:$0087                                         ; $DBF1: AD 87 00
001BF4r 1  10 38          BPL LDC2E                                           ; $DBF4: 10 38
001BF6r 1  A9 00          LDA #$00                                            ; $DBF6: A9 00
001BF8r 1  8D 40 05       STA $0540                                           ; $DBF8: 8D 40 05
001BFBr 1  A9 01          LDA #$01                                            ; $DBFB: A9 01
001BFDr 1  8D 41 05       STA $0541                                           ; $DBFD: 8D 41 05
001C00r 1  A9 0D          LDA #$0D                                            ; $DC00: A9 0D
001C02r 1  8D 7A 00       STA a:$007A                                         ; $DC02: 8D 7A 00
001C05r 1  A9 00          LDA #$00                                            ; $DC05: A9 00
001C07r 1  A8             TAY                                                 ; $DC07: A8
001C08r 1               LDC08:
001C08r 1  99 2C 04       STA $042C,Y                                         ; $DC08: 99 2C 04
001C0Br 1  C8             INY                                                 ; $DC0B: C8
001C0Cr 1  C0 40          CPY #$40                                            ; $DC0C: C0 40
001C0Er 1  90 F8          BCC LDC08                                           ; $DC0E: 90 F8
001C10r 1  A9 DE          LDA #$DE                                            ; $DC10: A9 DE
001C12r 1  8D 2C 04       STA $042C                                           ; $DC12: 8D 2C 04
001C15r 1  A9 C8          LDA #$C8                                            ; $DC15: A9 C8
001C17r 1  8D 2F 04       STA $042F                                           ; $DC17: 8D 2F 04
001C1Ar 1  A9 01          LDA #$01                                            ; $DC1A: A9 01
001C1Cr 1  8D 32 04       STA $0432                                           ; $DC1C: 8D 32 04
001C1Fr 1  A9 64          LDA #$64                                            ; $DC1F: A9 64
001C21r 1  8D 35 04       STA $0435                                           ; $DC21: 8D 35 04
001C24r 1  A9 0B          LDA #$0B                                            ; $DC24: A9 0B
001C26r 1  8D 4C 04       STA $044C                                           ; $DC26: 8D 4C 04
001C29r 1  A9 03          LDA #$03                                            ; $DC29: A9 03
001C2Br 1  8D 4F 04       STA $044F                                           ; $DC2B: 8D 4F 04
001C2Er 1               LDC2E:
001C2Er 1  60             RTS                                                 ; $DC2E: 60
001C2Fr 1               .endproc
001C2Fr 1               LDC08 = $DC08
001C2Fr 1               LDC2E = $DC2E
001C2Fr 1               
001C2Fr 1               
001C2Fr 1               ;===============================================================================
001C2Fr 1               ; $DC2F: Proc_DC2F
001C2Fr 1               ;===============================================================================
001C2Fr 1               .proc Proc_DC2F
001C2Fr 1               
001C2Fr 1  AD FC 7F       LDA $7FFC                                           ; $DC2F: AD FC 7F
001C32r 1  C9 49          CMP #$49                                            ; $DC32: C9 49
001C34r 1  D0 5F          BNE LDC95                                           ; $DC34: D0 5F
001C36r 1  AD FD 7F       LDA $7FFD                                           ; $DC36: AD FD 7F
001C39r 1  C9 44          CMP #$44                                            ; $DC39: C9 44
001C3Br 1  D0 58          BNE LDC95                                           ; $DC3B: D0 58
001C3Dr 1  A9 00          LDA #$00                                            ; $DC3D: A9 00
001C3Fr 1  8D 00 00       STA a:$0000                                         ; $DC3F: 8D 00 00
001C42r 1  8D 02 00       STA a:$0002                                         ; $DC42: 8D 02 00
001C45r 1  8D 03 00       STA a:$0003                                         ; $DC45: 8D 03 00
001C48r 1  A9 70          LDA #$70                                            ; $DC48: A9 70
001C4Ar 1  8D 01 00       STA a:$0001                                         ; $DC4A: 8D 01 00
001C4Dr 1  A0 00          LDY #$00                                            ; $DC4D: A0 00
001C4Fr 1               LDC4F:
001C4Fr 1  B1 00          LDA ($00),Y                                         ; $DC4F: B1 00
001C51r 1  18             CLC                                                 ; $DC51: 18
001C52r 1  6D 02 00       ADC a:$0002                                         ; $DC52: 6D 02 00
001C55r 1  8D 02 00       STA a:$0002                                         ; $DC55: 8D 02 00
001C58r 1  AD 03 00       LDA a:$0003                                         ; $DC58: AD 03 00
001C5Br 1  69 00          ADC #$00                                            ; $DC5B: 69 00
001C5Dr 1  8D 03 00       STA a:$0003                                         ; $DC5D: 8D 03 00
001C60r 1  C8             INY                                                 ; $DC60: C8
001C61r 1  D0 EC          BNE LDC4F                                           ; $DC61: D0 EC
001C63r 1  EE 01 00       INC a:$0001                                         ; $DC63: EE 01 00
001C66r 1  AD 01 00       LDA a:$0001                                         ; $DC66: AD 01 00
001C69r 1  C9 7F          CMP #$7F                                            ; $DC69: C9 7F
001C6Br 1  90 E2          BCC LDC4F                                           ; $DC6B: 90 E2
001C6Dr 1               LDC6D:
001C6Dr 1  B1 00          LDA ($00),Y                                         ; $DC6D: B1 00
001C6Fr 1  18             CLC                                                 ; $DC6F: 18
001C70r 1  6D 02 00       ADC a:$0002                                         ; $DC70: 6D 02 00
001C73r 1  8D 02 00       STA a:$0002                                         ; $DC73: 8D 02 00
001C76r 1  AD 03 00       LDA a:$0003                                         ; $DC76: AD 03 00
001C79r 1  69 00          ADC #$00                                            ; $DC79: 69 00
001C7Br 1  8D 03 00       STA a:$0003                                         ; $DC7B: 8D 03 00
001C7Er 1  C8             INY                                                 ; $DC7E: C8
001C7Fr 1  C0 FE          CPY #$FE                                            ; $DC7F: C0 FE
001C81r 1  90 EA          BCC LDC6D                                           ; $DC81: 90 EA
001C83r 1  AD FE 7F       LDA $7FFE                                           ; $DC83: AD FE 7F
001C86r 1  CD 02 00       CMP a:$0002                                         ; $DC86: CD 02 00
001C89r 1  D0 0A          BNE LDC95                                           ; $DC89: D0 0A
001C8Br 1  AD FF 7F       LDA $7FFF                                           ; $DC8B: AD FF 7F
001C8Er 1  CD 03 00       CMP a:$0003                                         ; $DC8E: CD 03 00
001C91r 1  D0 02          BNE LDC95                                           ; $DC91: D0 02
001C93r 1  38             SEC                                                 ; $DC93: 38
001C94r 1  60             RTS                                                 ; $DC94: 60
001C95r 1               LDC95:
001C95r 1  18             CLC                                                 ; $DC95: 18
001C96r 1  60             RTS                                                 ; $DC96: 60
001C97r 1               .endproc
001C97r 1               LDC4F = $DC4F
001C97r 1               LDC6D = $DC6D
001C97r 1               LDC95 = $DC95
001C97r 1               
001C97r 1               
001C97r 1               ;===============================================================================
001C97r 1               ; $DC97: Proc_DC97
001C97r 1               ;===============================================================================
001C97r 1               .proc Proc_DC97
001C97r 1               
001C97r 1  A9 4C          LDA #$4C                                            ; $DC97: A9 4C
001C99r 1  8D A5 00       STA a:$00A5                                         ; $DC99: 8D A5 00
001C9Cr 1  8D 00 F8       STA B1F_NmiHandler                                  ; $DC9C: 8D 00 F8
001C9Fr 1  A9 00          LDA #$00                                            ; $DC9F: A9 00
001CA1r 1  8D 00 00       STA a:$0000                                         ; $DCA1: 8D 00 00
001CA4r 1  8D 02 00       STA a:$0002                                         ; $DCA4: 8D 02 00
001CA7r 1  A9 70          LDA #$70                                            ; $DCA7: A9 70
001CA9r 1  8D 01 00       STA a:$0001                                         ; $DCA9: 8D 01 00
001CACr 1  A9 60          LDA #$60                                            ; $DCAC: A9 60
001CAEr 1  8D 03 00       STA a:$0003                                         ; $DCAE: 8D 03 00
001CB1r 1  A0 00          LDY #$00                                            ; $DCB1: A0 00
001CB3r 1               LDCB3:
001CB3r 1  B1 00          LDA ($00),Y                                         ; $DCB3: B1 00
001CB5r 1  91 02          STA ($02),Y                                         ; $DCB5: 91 02
001CB7r 1  C8             INY                                                 ; $DCB7: C8
001CB8r 1  D0 F9          BNE LDCB3                                           ; $DCB8: D0 F9
001CBAr 1  EE 03 00       INC a:$0003                                         ; $DCBA: EE 03 00
001CBDr 1  EE 01 00       INC a:$0001                                         ; $DCBD: EE 01 00
001CC0r 1  AD 01 00       LDA a:$0001                                         ; $DCC0: AD 01 00
001CC3r 1  C9 80          CMP #$80                                            ; $DCC3: C9 80
001CC5r 1  90 EC          BCC LDCB3                                           ; $DCC5: 90 EC
001CC7r 1  60             RTS                                                 ; $DCC7: 60
001CC8r 1  AD 87 00       LDA a:$0087                                         ; $DCC8: AD 87 00
001CCBr 1  30 41          BMI LDD0E                                           ; $DCCB: 30 41
001CCDr 1  CE 8A 00       DEC a:$008A                                         ; $DCCD: CE 8A 00
001CD0r 1  10 3C          BPL LDD0E                                           ; $DCD0: 10 3C
001CD2r 1  A9 04          LDA #$04                                            ; $DCD2: A9 04
001CD4r 1  8D 8A 00       STA a:$008A                                         ; $DCD4: 8D 8A 00
001CD7r 1  CE 88 00       DEC a:$0088                                         ; $DCD7: CE 88 00
001CDAr 1  D0 05          BNE LDCE1                                           ; $DCDA: D0 05
001CDCr 1  A9 FF          LDA #$FF                                            ; $DCDC: A9 FF
001CDEr 1  8D 87 00       STA a:$0087                                         ; $DCDE: 8D 87 00
001CE1r 1               LDCE1:
001CE1r 1  A9 00          LDA #$00                                            ; $DCE1: A9 00
001CE3r 1  8D 00 00       STA a:$0000                                         ; $DCE3: 8D 00 00
001CE6r 1  A9 01          LDA #$01                                            ; $DCE6: A9 01
001CE8r 1  8D 01 00       STA a:$0001                                         ; $DCE8: 8D 01 00
001CEBr 1  A9 20          LDA #$20                                            ; $DCEB: A9 20
001CEDr 1  8D 02 00       STA a:$0002                                         ; $DCED: 8D 02 00
001CF0r 1  A9 01          LDA #$01                                            ; $DCF0: A9 01
001CF2r 1  8D 03 00       STA a:$0003                                         ; $DCF2: 8D 03 00
001CF5r 1  AD 89 00       LDA a:$0089                                         ; $DCF5: AD 89 00
001CF8r 1  8D 10 00       STA a:$0010                                         ; $DCF8: 8D 10 00
001CFBr 1  A0 00          LDY #$00                                            ; $DCFB: A0 00
001CFDr 1               LDCFD:
001CFDr 1  AD 10 00       LDA a:$0010                                         ; $DCFD: AD 10 00
001D00r 1  0A             ASL A                                               ; $DD00: 0A
001D01r 1  8D 10 00       STA a:$0010                                         ; $DD01: 8D 10 00
001D04r 1  90 03          .byte $90,$03                                       ; $DD04: 90 03 (BCC mid-instruction target)
001D06r 1  20 rr rr       JSR Proc_DD0F                                       ; $DD06: 20 0F DD
001D09r 1  C8             INY                                                 ; $DD09: C8
001D0Ar 1  C0 08          CPY #$08                                            ; $DD0A: C0 08
001D0Cr 1  90 EF          BCC LDCFD                                           ; $DD0C: 90 EF
001D0Er 1               LDD0E:
001D0Er 1  60             RTS                                                 ; $DD0E: 60
001D0Fr 1               .endproc
001D0Fr 1               LDCB3 = $DCB3
001D0Fr 1               LDCE1 = $DCE1
001D0Fr 1               LDCFD = $DCFD
001D0Fr 1               LDD0E = $DD0E
001D0Fr 1               
001D0Fr 1               
001D0Fr 1               ;===============================================================================
001D0Fr 1               ; $DD0F: Proc_DD0F
001D0Fr 1               ;===============================================================================
001D0Fr 1               .proc Proc_DD0F
001D0Fr 1               
001D0Fr 1  98             TYA                                                 ; $DD0F: 98
001D10r 1  48             PHA                                                 ; $DD10: 48
001D11r 1  0A             ASL A                                               ; $DD11: 0A
001D12r 1  0A             ASL A                                               ; $DD12: 0A
001D13r 1  A8             TAY                                                 ; $DD13: A8
001D14r 1  18             CLC                                                 ; $DD14: 18
001D15r 1  69 04          ADC #$04                                            ; $DD15: 69 04
001D17r 1  8D 11 00       STA a:$0011                                         ; $DD17: 8D 11 00
001D1Ar 1               LDD1A:
001D1Ar 1  AE 88 00       LDX a:$0088                                         ; $DD1A: AE 88 00
001D1Dr 1  B1 02          LDA ($02),Y                                         ; $DD1D: B1 02
001D1Fr 1               LDD1F:
001D1Fr 1  CA             DEX                                                 ; $DD1F: CA
001D20r 1  30 07          BMI LDD29                                           ; $DD20: 30 07
001D22r 1  38             SEC                                                 ; $DD22: 38
001D23r 1  E9 10          SBC #$10                                            ; $DD23: E9 10
001D25r 1  10 F8          BPL LDD1F                                           ; $DD25: 10 F8
001D27r 1  A9 0F          LDA #$0F                                            ; $DD27: A9 0F
001D29r 1               LDD29:
001D29r 1  91 00          STA ($00),Y                                         ; $DD29: 91 00
001D2Br 1  C8             INY                                                 ; $DD2B: C8
001D2Cr 1  CC 11 00       CPY a:$0011                                         ; $DD2C: CC 11 00
001D2Fr 1  90 E9          BCC LDD1A                                           ; $DD2F: 90 E9
001D31r 1  68             PLA                                                 ; $DD31: 68
001D32r 1  A8             TAY                                                 ; $DD32: A8
001D33r 1  60             RTS                                                 ; $DD33: 60
001D34r 1               .endproc
001D34r 1               LDD1A = $DD1A
001D34r 1               LDD1F = $DD1F
001D34r 1               LDD29 = $DD29
001D34r 1               
001D34r 1               
001D34r 1               ;===============================================================================
001D34r 1               ; $DD34: Proc_DD34
001D34r 1               ;===============================================================================
001D34r 1               .proc Proc_DD34
001D34r 1               
001D34r 1  A0 21          LDY #$21                                            ; $DD34: A0 21
001D36r 1  20 5F F2       JSR B1F_SwitchBank8_B                               ; $DD36: 20 5F F2
001D39r 1  A0 00          LDY #$00                                            ; $DD39: A0 00
001D3Br 1  AD 42 05       LDA $0542                                           ; $DD3B: AD 42 05
001D3Er 1  8D 12 00       STA a:$0012                                         ; $DD3E: 8D 12 00
001D41r 1               LDD41:
001D41r 1  AD 12 00       LDA a:$0012                                         ; $DD41: AD 12 00
001D44r 1  4A             LSR A                                               ; $DD44: 4A
001D45r 1  8D 12 00       STA a:$0012                                         ; $DD45: 8D 12 00
001D48r 1  90 03          .byte $90,$03                                       ; $DD48: 90 03 (BCC mid-instruction target)
001D4Ar 1  20 rr rr       JSR Proc_DD53                                       ; $DD4A: 20 53 DD
001D4Dr 1  C8             INY                                                 ; $DD4D: C8
001D4Er 1  C0 05          CPY #$05                                            ; $DD4E: C0 05
001D50r 1  90 EF          BCC LDD41                                           ; $DD50: 90 EF
001D52r 1  60             RTS                                                 ; $DD52: 60
001D53r 1               .endproc
001D53r 1               LDD41 = $DD41
001D53r 1               
001D53r 1               
001D53r 1               ;===============================================================================
001D53r 1               ; $DD53: Proc_DD53
001D53r 1               ;===============================================================================
001D53r 1               .proc Proc_DD53
001D53r 1               
001D53r 1  98             TYA                                                 ; $DD53: 98
001D54r 1  48             PHA                                                 ; $DD54: 48
001D55r 1  0A             ASL A                                               ; $DD55: 0A
001D56r 1  A8             TAY                                                 ; $DD56: A8
001D57r 1  B9 0C 97       LDA $970C,Y                                         ; $DD57: B9 0C 97
001D5Ar 1  8D 00 00       STA a:$0000                                         ; $DD5A: 8D 00 00
001D5Dr 1  C8             INY                                                 ; $DD5D: C8
001D5Er 1  B9 0C 97       LDA $970C,Y                                         ; $DD5E: B9 0C 97
001D61r 1  8D 01 00       STA a:$0001                                         ; $DD61: 8D 01 00
001D64r 1  A9 00          LDA #$00                                            ; $DD64: A9 00
001D66r 1  8D 0C 00       STA a:$000C                                         ; $DD66: 8D 0C 00
001D69r 1  A9 00          LDA #$00                                            ; $DD69: A9 00
001D6Br 1  8D 0A 00       STA a:$000A                                         ; $DD6B: 8D 0A 00
001D6Er 1  A9 00          LDA #$00                                            ; $DD6E: A9 00
001D70r 1  8D 02 00       STA a:$0002                                         ; $DD70: 8D 02 00
001D73r 1  20 AD F1       JSR B1F_SpriteOamWriterSimple                       ; $DD73: 20 AD F1
001D76r 1  68             PLA                                                 ; $DD76: 68
001D77r 1  A8             TAY                                                 ; $DD77: A8
001D78r 1  60             RTS                                                 ; $DD78: 60
001D79r 1               .endproc
001D79r 1               
001D79r 1               ;===============================================================================
001D79r 1               ; $DD79: Proc_DD79
001D79r 1               ;===============================================================================
001D79r 1               .proc Proc_DD79
001D79r 1               
001D79r 1  AD 46 05       LDA $0546                                           ; $DD79: AD 46 05
001D7Cr 1  30 49          BMI LDDC7                                           ; $DD7C: 30 49
001D7Er 1  AD 83 00       LDA a:$0083                                         ; $DD7E: AD 83 00
001D81r 1  29 01          AND #$01                                            ; $DD81: 29 01
001D83r 1  D0 06          BNE LDD8B                                           ; $DD83: D0 06
001D85r 1  A9 00          LDA #$00                                            ; $DD85: A9 00
001D87r 1  8D 46 05       STA $0546                                           ; $DD87: 8D 46 05
001D8Ar 1  60             RTS                                                 ; $DD8A: 60
001D8Br 1               LDD8B:
001D8Br 1  AD 46 05       LDA $0546                                           ; $DD8B: AD 46 05
001D8Er 1  F0 0C          BEQ LDD9C                                           ; $DD8E: F0 0C
001D90r 1  C9 01          CMP #$01                                            ; $DD90: C9 01
001D92r 1  F0 11          .byte $F0,$11                                       ; $DD92: F0 11 (BEQ mid-instruction target)
001D94r 1  C9 02          CMP #$02                                            ; $DD94: C9 02
001D96r 1  F0 16          .byte $F0,$16                                       ; $DD96: F0 16 (BEQ mid-instruction target)
001D98r 1  C9 03          CMP #$03                                            ; $DD98: C9 03
001D9Ar 1  F0 1B          BEQ LDDB7                                           ; $DD9A: F0 1B
001D9Cr 1               LDD9C:
001D9Cr 1  AD 81 00       LDA a:$0081                                         ; $DD9C: AD 81 00
001D9Fr 1  29 10          AND #$10                                            ; $DD9F: 29 10
001DA1r 1  F0 23          .byte $F0,$23                                       ; $DDA1: F0 23 (BEQ mid-instruction target)
001DA3r 1  D0 1E          .byte $D0,$1E                                       ; $DDA3: D0 1E (BNE mid-instruction target)
001DA5r 1  AD 81 00       LDA a:$0081                                         ; $DDA5: AD 81 00
001DA8r 1  29 20          AND #$20                                            ; $DDA8: 29 20
001DAAr 1  F0 1A          .byte $F0,$1A                                       ; $DDAA: F0 1A (BEQ mid-instruction target)
001DACr 1  D0 15          .byte $D0,$15                                       ; $DDAC: D0 15 (BNE mid-instruction target)
001DAEr 1  AD 81 00       LDA a:$0081                                         ; $DDAE: AD 81 00
001DB1r 1  29 40          AND #$40                                            ; $DDB1: 29 40
001DB3r 1  F0 11          .byte $F0,$11                                       ; $DDB3: F0 11 (BEQ mid-instruction target)
001DB5r 1  D0 0C          .byte $D0,$0C                                       ; $DDB5: D0 0C (BNE mid-instruction target)
001DB7r 1               LDDB7:
001DB7r 1  AD 81 00       LDA a:$0081                                         ; $DDB7: AD 81 00
001DBAr 1  29 80          AND #$80                                            ; $DDBA: 29 80
001DBCr 1  F0 08          .byte $F0,$08                                       ; $DDBC: F0 08 (BEQ mid-instruction target)
001DBEr 1  A9 80          LDA #$80                                            ; $DDBE: A9 80
001DC0r 1  8D 46 05       STA $0546                                           ; $DDC0: 8D 46 05
001DC3r 1  EE 46 05       INC $0546                                           ; $DDC3: EE 46 05
001DC6r 1  60             RTS                                                 ; $DDC6: 60
001DC7r 1               LDDC7:
001DC7r 1  20 rr rr       JSR B0B_SpriteSetup2                                ; $DDC7: 20 AF DE
001DCAr 1  AD 81 00       LDA a:$0081                                         ; $DDCA: AD 81 00
001DCDr 1  29 03          AND #$03                                            ; $DDCD: 29 03
001DCFr 1  F0 66          .byte $F0,$66                                       ; $DDCF: F0 66 (BEQ mid-instruction target)
001DD1r 1  AD 83 00       LDA a:$0083                                         ; $DDD1: AD 83 00
001DD4r 1  29 01          AND #$01                                            ; $DDD4: 29 01
001DD6r 1  F0 03          .byte $F0,$03                                       ; $DDD6: F0 03 (BEQ mid-instruction target)
001DD8r 1  20 7F E5       JSR B1F_BankPpuInit                                 ; $DDD8: 20 7F E5
001DDBr 1  AD 45 05       LDA $0545                                           ; $DDDB: AD 45 05
001DDEr 1  0A             ASL A                                               ; $DDDE: 0A
001DDFr 1  A8             TAY                                                 ; $DDDF: A8
001DE0r 1  B9 rr rr       LDA B0B_SoundDispatch,Y                             ; $DDE0: B9 5F DE
001DE3r 1  C9 02          CMP #$02                                            ; $DDE3: C9 02
001DE5r 1  F0 1D          .byte $F0,$1D                                       ; $DDE5: F0 1D (BEQ mid-instruction target)
001DE7r 1  C9 03          CMP #$03                                            ; $DDE7: C9 03
001DE9r 1  F0 22          .byte $F0,$22                                       ; $DDE9: F0 22 (BEQ mid-instruction target)
001DEBr 1  C9 04          CMP #$04                                            ; $DDEB: C9 04
001DEDr 1  F0 27          .byte $F0,$27                                       ; $DDED: F0 27 (BEQ mid-instruction target)
001DEFr 1  C9 05          CMP #$05                                            ; $DDEF: C9 05
001DF1r 1  F0 2C          .byte $F0,$2C                                       ; $DDF1: F0 2C (BEQ mid-instruction target)
001DF3r 1  C9 06          CMP #$06                                            ; $DDF3: C9 06
001DF5r 1  F0 31          .byte $F0,$31                                       ; $DDF5: F0 31 (BEQ mid-instruction target)
001DF7r 1  C9 07          CMP #$07                                            ; $DDF7: C9 07
001DF9r 1  F0 36          .byte $F0,$36                                       ; $DDF9: F0 36 (BEQ mid-instruction target)
001DFBr 1  B9 60 DE       LDA $DE60,Y                                         ; $DDFB: B9 60 DE
001DFEr 1  20 09 E6       JSR B1F_SoundNotePlayer                             ; $DDFE: 20 09 E6
001E01r 1  4C 37 DE       JMP $DE37                                           ; $DE01: 4C 37 DE
001E04r 1  B9 60 DE       LDA $DE60,Y                                         ; $DE04: B9 60 DE
001E07r 1  20 9B E6       JSR $E69B                                           ; $DE07: 20 9B E6
001E0Ar 1  4C 37 DE       JMP $DE37                                           ; $DE0A: 4C 37 DE
001E0Dr 1  B9 60 DE       LDA $DE60,Y                                         ; $DE0D: B9 60 DE
001E10r 1  20 93 E6       JSR B1F_SoundWrapperE                               ; $DE10: 20 93 E6
001E13r 1  4C 37 DE       JMP $DE37                                           ; $DE13: 4C 37 DE
001E16r 1  B9 60 DE       LDA $DE60,Y                                         ; $DE16: B9 60 DE
001E19r 1  20 8B E6       JSR $E68B                                           ; $DE19: 20 8B E6
001E1Cr 1  4C 37 DE       JMP $DE37                                           ; $DE1C: 4C 37 DE
001E1Fr 1  B9 60 DE       LDA $DE60,Y                                         ; $DE1F: B9 60 DE
001E22r 1  20 83 E6       JSR B1F_SoundWrapperC                               ; $DE22: 20 83 E6
001E25r 1  4C 37 DE       JMP $DE37                                           ; $DE25: 4C 37 DE
001E28r 1  B9 60 DE       LDA $DE60,Y                                         ; $DE28: B9 60 DE
001E2Br 1  20 7B E6       JSR $E67B                                           ; $DE2B: 20 7B E6
001E2Er 1  4C 37 DE       JMP $DE37                                           ; $DE2E: 4C 37 DE
001E31r 1  B9 60 DE       LDA $DE60,Y                                         ; $DE31: B9 60 DE
001E34r 1  20 73 E6       JSR $E673                                           ; $DE34: 20 73 E6
001E37r 1  AD 81 00       LDA a:$0081                                         ; $DE37: AD 81 00
001E3Ar 1  29 80          AND #$80                                            ; $DE3A: 29 80
001E3Cr 1  F0 0F          .byte $F0,$0F                                       ; $DE3C: F0 0F (BEQ mid-instruction target)
001E3Er 1  EE 45 05       INC $0545                                           ; $DE3E: EE 45 05
001E41r 1  AD 45 05       LDA $0545                                           ; $DE41: AD 45 05
001E44r 1  C9 28          CMP #$28                                            ; $DE44: C9 28
001E46r 1  90 05          .byte $90,$05                                       ; $DE46: 90 05 (BCC mid-instruction target)
001E48r 1  A9 00          LDA #$00                                            ; $DE48: A9 00
001E4Ar 1  8D 45 05       STA $0545                                           ; $DE4A: 8D 45 05
001E4Dr 1  AD 81 00       LDA a:$0081                                         ; $DE4D: AD 81 00
001E50r 1  29 40          AND #$40                                            ; $DE50: 29 40
001E52r 1  F0 0A          .byte $F0,$0A                                       ; $DE52: F0 0A (BEQ mid-instruction target)
001E54r 1  CE 45 05       DEC $0545                                           ; $DE54: CE 45 05
001E57r 1  10 05          .byte $10,$05                                       ; $DE57: 10 05 (BPL mid-instruction target)
001E59r 1  A9 27          LDA #$27                                            ; $DE59: A9 27
001E5Br 1  8D 45 05       STA $0545                                           ; $DE5B: 8D 45 05
001E5Er 1  60             RTS                                                 ; $DE5E: 60
001E5Fr 1               .endproc
001E5Fr 1               LDD8B = $DD8B
001E5Fr 1               LDD9C = $DD9C
001E5Fr 1               LDDB7 = $DDB7
001E5Fr 1               LDDC7 = $DDC7
001E5Fr 1               
001E5Fr 1               
001E5Fr 1               ;===============================================================================
001E5Fr 1               ; $DE5F: B0B_SoundDispatch
001E5Fr 1               ;===============================================================================
001E5Fr 1               .proc B0B_SoundDispatch
001E5Fr 1               
001E5Fr 1  05 08          ORA $08                                             ; $DE5F: 05 08
001E61r 1  05 0D          ORA $0D                                             ; $DE61: 05 0D
001E63r 1  06 12          ASL $12                                             ; $DE63: 06 12
001E65r 1  05 18          ORA $18                                             ; $DE65: 05 18
001E67r 1  07 1D 05 24    .byte $07,$1D,$05,$24,$05,$29,$04,$2E,$06,$32,$04,$3E,$05,$42,$06,$47; $DE67: 07 1D 05 24 05 29 04 2E 06 32 04 3E 05 42 06 47
001E6Br 1  05 29 04 2E  
001E6Fr 1  06 32 04 3E  
001E77r 1  05 4D 04 52    .byte $05,$4D,$04,$52,$01,$57,$02,$5A,$01,$5C,$01,$5D,$01,$5E,$01,$60; $DE77: 05 4D 04 52 01 57 02 5A 01 5C 01 5D 01 5E 01 60
001E7Br 1  01 57 02 5A  
001E7Fr 1  01 5C 01 5D  
001E87r 1  01 61 03 62    .byte $01,$61,$03,$62,$02,$65,$01,$68,$01,$69,$05,$6C,$05,$71,$05,$76; $DE87: 01 61 03 62 02 65 01 68 01 69 05 6C 05 71 05 76
001E8Br 1  02 65 01 68  
001E8Fr 1  01 69 05 6C  
001E97r 1  04 7B 06 82    .byte $04,$7B,$06,$82,$05,$88,$04,$8D,$04,$91,$03,$95,$07,$98,$03,$9F; $DE97: 04 7B 06 82 05 88 04 8D 04 91 03 95 07 98 03 9F
001E9Br 1  05 88 04 8D  
001E9Fr 1  04 91 03 95  
001EA7r 1  04 A2 04 A6    .byte $04,$A2,$04,$A6,$06,$AA,$07,$B0               ; $DEA7: 04 A2 04 A6 06 AA 07 B0
001EABr 1  06 AA 07 B0  
001EAFr 1               .endproc
001EAFr 1               
001EAFr 1               ;===============================================================================
001EAFr 1               ; $DEAF: B0B_SpriteSetup2
001EAFr 1               ;===============================================================================
001EAFr 1               .proc B0B_SpriteSetup2
001EAFr 1               
001EAFr 1  A9 A2          LDA #$A2                                            ; $DEAF: A9 A2
001EB1r 1  8D D8 00       STA a:$00D8                                         ; $DEB1: 8D D8 00
001EB4r 1  A9 A5          LDA #$A5                                            ; $DEB4: A9 A5
001EB6r 1  8D D9 00       STA a:$00D9                                         ; $DEB6: 8D D9 00
001EB9r 1  AE 7C 00       LDX a:$007C                                         ; $DEB9: AE 7C 00
001EBCr 1  A9 90          LDA #$90                                            ; $DEBC: A9 90
001EBEr 1  9D 00 02       STA $0200,X                                         ; $DEBE: 9D 00 02
001EC1r 1  A9 02          LDA #$02                                            ; $DEC1: A9 02
001EC3r 1  9D 02 02       STA $0202,X                                         ; $DEC3: 9D 02 02
001EC6r 1  A9 BC          LDA #$BC                                            ; $DEC6: A9 BC
001EC8r 1  9D 03 02       STA $0203,X                                         ; $DEC8: 9D 03 02
001ECBr 1  A9 90          LDA #$90                                            ; $DECB: A9 90
001ECDr 1  9D 04 02       STA $0204,X                                         ; $DECD: 9D 04 02
001ED0r 1  A9 02          LDA #$02                                            ; $DED0: A9 02
001ED2r 1  9D 06 02       STA $0206,X                                         ; $DED2: 9D 06 02
001ED5r 1  A9 C4          LDA #$C4                                            ; $DED5: A9 C4
001ED7r 1  9D 07 02       STA $0207,X                                         ; $DED7: 9D 07 02
001EDAr 1  AD 45 05       LDA $0545                                           ; $DEDA: AD 45 05
001EDDr 1  4A             LSR A                                               ; $DEDD: 4A
001EDEr 1  4A             LSR A                                               ; $DEDE: 4A
001EDFr 1  4A             LSR A                                               ; $DEDF: 4A
001EE0r 1  4A             LSR A                                               ; $DEE0: 4A
001EE1r 1  A8             TAY                                                 ; $DEE1: A8
001EE2r 1  B9 3C DF       LDA $DF3C,Y                                         ; $DEE2: B9 3C DF
001EE5r 1  9D 01 02       STA $0201,X                                         ; $DEE5: 9D 01 02
001EE8r 1  AD 45 05       LDA $0545                                           ; $DEE8: AD 45 05
001EEBr 1  29 0F          AND #$0F                                            ; $DEEB: 29 0F
001EEDr 1  A8             TAY                                                 ; $DEED: A8
001EEEr 1  B9 3C DF       LDA $DF3C,Y                                         ; $DEEE: B9 3C DF
001EF1r 1  9D 05 02       STA $0205,X                                         ; $DEF1: 9D 05 02
001EF4r 1  8A             TXA                                                 ; $DEF4: 8A
001EF5r 1  18             CLC                                                 ; $DEF5: 18
001EF6r 1  69 08          ADC #$08                                            ; $DEF6: 69 08
001EF8r 1  8D 7C 00       STA a:$007C                                         ; $DEF8: 8D 7C 00
001EFBr 1  A9 17          LDA #$17                                            ; $DEFB: A9 17
001EFDr 1  8D 00 00       STA a:$0000                                         ; $DEFD: 8D 00 00
001F00r 1  A9 DF          LDA #$DF                                            ; $DF00: A9 DF
001F02r 1  8D 01 00       STA a:$0001                                         ; $DF02: 8D 01 00
001F05r 1  A9 B0          LDA #$B0                                            ; $DF05: A9 B0
001F07r 1  8D 0C 00       STA a:$000C                                         ; $DF07: 8D 0C 00
001F0Ar 1  A9 78          LDA #$78                                            ; $DF0A: A9 78
001F0Cr 1  8D 0A 00       STA a:$000A                                         ; $DF0C: 8D 0A 00
001F0Fr 1  A9 00          LDA #$00                                            ; $DF0F: A9 00
001F11r 1  8D 02 00       STA a:$0002                                         ; $DF11: 8D 02 00
001F14r 1  4C AD F1       JMP B1F_SpriteOamWriterSimple                       ; $DF14: 4C AD F1
001F17r 1  00             BRK                                                 ; $DF17: 00
001F18r 1  9F 02 00 00    .byte $9F,$02,$00,$00,$BA,$02,$08,$00,$BB,$02,$10,$00,$BC,$02,$18,$00; $DF18: 9F 02 00 00 BA 02 08 00 BB 02 10 00 BC 02 18 00
001F1Cr 1  BA 02 08 00  
001F20r 1  BB 02 10 00  
001F28r 1  BD 02 20 0C    .byte $BD,$02,$20,$0C,$BE,$02,$04,$0C,$BF,$02,$0C,$0C,$9F,$02,$14,$0C; $DF28: BD 02 20 0C BE 02 04 0C BF 02 0C 0C 9F 02 14 0C
001F2Cr 1  BE 02 04 0C  
001F30r 1  BF 02 0C 0C  
001F38r 1  BE 02 1C 80    .byte $BE,$02,$1C,$80,$EB,$EC,$ED,$EE,$EF,$FB,$FC,$FD,$FE,$FF,$A3,$A4; $DF38: BE 02 1C 80 EB EC ED EE EF FB FC FD FE FF A3 A4
001F3Cr 1  EB EC ED EE  
001F40r 1  EF FB FC FD  
001F48r 1  B4 BD BF 9E    .byte $B4,$BD,$BF,$9E                               ; $DF48: B4 BD BF 9E
001F4Cr 1               .endproc
001F4Cr 1               
001F4Cr 1               ;===============================================================================
001F4Cr 1               ; $DF4C: B0B_PaletteCheck
001F4Cr 1               ;===============================================================================
001F4Cr 1               .proc B0B_PaletteCheck
001F4Cr 1               
001F4Cr 1  AC 47 05       LDY $0547                                           ; $DF4C: AC 47 05
001F4Fr 1  B9 7F DF       LDA $DF7F,Y                                         ; $DF4F: B9 7F DF
001F52r 1  10 0E          BPL LDF62                                           ; $DF52: 10 0E
001F54r 1  20 EE EC       JSR B1F_PaletteCopyBuffer                           ; $DF54: 20 EE EC
001F57r 1  A9 06          LDA #$06                                            ; $DF57: A9 06
001F59r 1  8D 41 05       STA $0541                                           ; $DF59: 8D 41 05
001F5Cr 1  A9 62          LDA #$62                                            ; $DF5C: A9 62
001F5Er 1  20 93 E6       JSR B1F_SoundWrapperE                               ; $DF5E: 20 93 E6
001F61r 1  60             RTS                                                 ; $DF61: 60
001F62r 1               LDF62:
001F62r 1  AD 83 00       LDA a:$0083                                         ; $DF62: AD 83 00
001F65r 1  AC 47 05       LDY $0547                                           ; $DF65: AC 47 05
001F68r 1  39 7F DF       AND $DF7F,Y                                         ; $DF68: 39 7F DF
001F6Br 1  D0 06          BNE LDF73                                           ; $DF6B: D0 06
001F6Dr 1  A9 00          LDA #$00                                            ; $DF6D: A9 00
001F6Fr 1  8D 47 05       STA $0547                                           ; $DF6F: 8D 47 05
001F72r 1  60             RTS                                                 ; $DF72: 60
001F73r 1               LDF73:
001F73r 1  AD 81 00       LDA a:$0081                                         ; $DF73: AD 81 00
001F76r 1  39 88 DF       AND $DF88,Y                                         ; $DF76: 39 88 DF
001F79r 1  F0 03          .byte $F0,$03                                       ; $DF79: F0 03 (BEQ mid-instruction target)
001F7Br 1  EE 47 05       INC $0547                                           ; $DF7B: EE 47 05
001F7Er 1  60             RTS                                                 ; $DF7E: 60
001F7Fr 1  02 02 02 02    .byte $02,$02,$02,$02,$02,$02,$02,$02,$80,$40,$80,$80,$40,$20,$10,$10; $DF7F: 02 02 02 02 02 02 02 02 80 40 80 80 40 20 10 10
001F83r 1  02 02 02 02  
001F87r 1  80 40 80 80  
001F8Fr 1  20 80 FF FF    .byte $20,$80,$FF,$FF,$FF,$FF,$FF,$FF,$FF,$FF,$FF,$FF,$FF,$FF,$FF,$FF; $DF8F: 20 80 FF FF FF FF FF FF FF FF FF FF FF FF FF FF
001F93r 1  FF FF FF FF  
001F97r 1  FF FF FF FF  
001F9Fr 1  FF FF FF FF    .byte $FF,$FF,$FF,$FF,$FF,$FF,$FF,$FF,$FF,$FF,$FF,$FF,$FF,$FF,$FF,$FF; $DF9F: FF FF FF FF FF FF FF FF FF FF FF FF FF FF FF FF
001FA3r 1  FF FF FF FF  
001FA7r 1  FF FF FF FF  
001FAFr 1  FF FF FF FF    .byte $FF,$FF,$FF,$FF,$FF,$FF,$FF,$FF,$FF,$FF,$FF,$FF,$FF,$FF,$FF,$FF; $DFAF: FF FF FF FF FF FF FF FF FF FF FF FF FF FF FF FF
001FB3r 1  FF FF FF FF  
001FB7r 1  FF FF FF FF  
001FBFr 1  FF FF FF FF    .byte $FF,$FF,$FF,$FF,$FF,$FF,$FF,$FF,$FF,$FF,$FF,$FF,$FF,$FF,$FF,$FF; $DFBF: FF FF FF FF FF FF FF FF FF FF FF FF FF FF FF FF
001FC3r 1  FF FF FF FF  
001FC7r 1  FF FF FF FF  
001FCFr 1  FF FF FF FF    .byte $FF,$FF,$FF,$FF,$FF,$FF,$FF,$FF,$FF,$FF,$FF,$FF,$FF,$FF,$FF,$FF; $DFCF: FF FF FF FF FF FF FF FF FF FF FF FF FF FF FF FF
001FD3r 1  FF FF FF FF  
001FD7r 1  FF FF FF FF  
001FDFr 1  FF FF FF FF    .byte $FF,$FF,$FF,$FF,$FF,$FF,$FF,$FF,$FF,$FF,$FF,$FF,$FF,$FF,$FF,$FF; $DFDF: FF FF FF FF FF FF FF FF FF FF FF FF FF FF FF FF
001FE3r 1  FF FF FF FF  
001FE7r 1  FF FF FF FF  
001FEFr 1  FF FF FF FF    .byte $FF,$FF,$FF,$FF,$FF,$FF,$FF,$FF,$FF,$FF,$FF,$FF,$FF,$FF,$FF,$FF; $DFEF: FF FF FF FF FF FF FF FF FF FF FF FF FF FF FF FF
001FF3r 1  FF FF FF FF  
001FF7r 1  FF FF FF FF  
001FFFr 1  FF             .byte $FF                                           ; $DFFF: FF
002000r 1               .endproc
002000r 1               LDF62 = $DF62
002000r 1               LDF73 = $DF73
002000r 1               
002000r 1               
002000r 1               
